2026-06-10 14:23:04,841 [Worker-8: Loading available Gradle versions] INFO  o.e.b.c.i.u.g.PublishedGradleVersions - Gradle version information cache is not available. Remote download required.
2026-06-10 15:16:47,529 [Worker-26: Import Getting Started Content] INFO  o.e.m.c.i.l.LifecycleMappingFactory - Using org.eclipse.m2e.jdt.JarLifecycleMapping lifecycle mapping for MavenProject: com.bolsadeideas.springboot.app:spring-boot-web:0.0.1-SNAPSHOT @ /Users/macbook/Documents/SpringBoot_SpringFramework/spring-boot-web/pom.xml.
2026-06-10 15:16:47,915 [Worker-26: Import Getting Started Content] INFO  o.e.m.c.i.e.AbstractTransferListenerAdapter - Downloading https://repo.maven.apache.org/maven2/org/springframework/boot/spring-boot-starter-thymeleaf/3.5.14/spring-boot-starter-thymeleaf-3.5.14.pom
2026-06-10 15:16:47,919 [Worker-26: Import Getting Started Content] INFO  o.e.m.c.i.e.AbstractTransferListenerAdapter - Downloaded https://repo.maven.apache.org/maven2/org/springframework/boot/spring-boot-starter-thymeleaf/3.5.14/spring-boot-starter-thymeleaf-3.5.14.pom
2026-06-10 15:16:48,060 [Worker-26: Import Getting Started Content] INFO  o.e.m.c.i.e.AbstractTransferListenerAdapter - Downloading https://repo.maven.apache.org/maven2/org/thymeleaf/thymeleaf-spring6/3.1.5.RELEASE/thymeleaf-spring6-3.1.5.RELEASE.pom
2026-06-10 15:16:48,061 [Worker-26: Import Getting Started Content] INFO  o.e.m.c.i.e.AbstractTransferListenerAdapter - Downloaded https://repo.maven.apache.org/maven2/org/thymeleaf/thymeleaf-spring6/3.1.5.RELEASE/thymeleaf-spring6-3.1.5.RELEASE.pom
2026-06-10 15:16:48,163 [Worker-26: Import Getting Started Content] INFO  o.e.m.c.i.e.AbstractTransferListenerAdapter - Downloading https://repo.maven.apache.org/maven2/org/thymeleaf/thymeleaf-lib/3.1.5.RELEASE/thymeleaf-lib-3.1.5.RELEASE.pom
2026-06-10 15:16:48,165 [Worker-26: Import Getting Started Content] INFO  o.e.m.c.i.e.AbstractTransferListenerAdapter - Downloaded https://repo.maven.apache.org/maven2/org/thymeleaf/thymeleaf-lib/3.1.5.RELEASE/thymeleaf-lib-3.1.5.RELEASE.pom
2026-06-10 15:16:48,264 [Worker-26: Import Getting Started Content] INFO  o.e.m.c.i.e.AbstractTransferListenerAdapter - Downloading https://repo.maven.apache.org/maven2/org/thymeleaf/thymeleaf-parent/3.1.5.RELEASE/thymeleaf-parent-3.1.5.RELEASE.pom
2026-06-10 15:16:48,268 [Worker-26: Import Getting Started Content] INFO  o.e.m.c.i.e.AbstractTransferListenerAdapter - Downloaded https://repo.maven.apache.org/maven2/org/thymeleaf/thymeleaf-parent/3.1.5.RELEASE/thymeleaf-parent-3.1.5.RELEASE.pom
2026-06-10 15:16:48,370 [Worker-26: Import Getting Started Content] INFO  o.e.m.c.i.e.AbstractTransferListenerAdapter - Downloading https://repo.maven.apache.org/maven2/com/fasterxml/jackson/jackson-bom/2.18.2/jackson-bom-2.18.2.pom
2026-06-10 15:16:48,372 [Worker-26: Import Getting Started Content] INFO  o.e.m.c.i.e.AbstractTransferListenerAdapter - Downloaded https://repo.maven.apache.org/maven2/com/fasterxml/jackson/jackson-bom/2.18.2/jackson-bom-2.18.2.pom
2026-06-10 15:16:48,475 [Worker-26: Import Getting Started Content] INFO  o.e.m.c.i.e.AbstractTransferListenerAdapter - Downloading https://repo.maven.apache.org/maven2/io/projectreactor/reactor-bom/2024.0.0/reactor-bom-2024.0.0.pom
2026-06-10 15:16:48,477 [Worker-26: Import Getting Started Content] INFO  o.e.m.c.i.e.AbstractTransferListenerAdapter - Downloaded https://repo.maven.apache.org/maven2/io/projectreactor/reactor-bom/2024.0.0/reactor-bom-2024.0.0.pom
2026-06-10 15:16:48,576 [Worker-26: Import Getting Started Content] INFO  o.e.m.c.i.e.AbstractTransferListenerAdapter - Downloading https://repo.maven.apache.org/maven2/org/junit/junit-bom/5.14.3/junit-bom-5.14.3.pom
2026-06-10 15:16:48,580 [Worker-26: Import Getting Started Content] INFO  o.e.m.c.i.e.AbstractTransferListenerAdapter - Downloaded https://repo.maven.apache.org/maven2/org/junit/junit-bom/5.14.3/junit-bom-5.14.3.pom
2026-06-10 15:16:48,676 [Worker-26: Import Getting Started Content] INFO  o.e.m.c.i.e.AbstractTransferListenerAdapter - Downloading https://repo.maven.apache.org/maven2/org/thymeleaf/thymeleaf/3.1.5.RELEASE/thymeleaf-3.1.5.RELEASE.pom
2026-06-10 15:16:48,677 [Worker-26: Import Getting Started Content] INFO  o.e.m.c.i.e.AbstractTransferListenerAdapter - Downloaded https://repo.maven.apache.org/maven2/org/thymeleaf/thymeleaf/3.1.5.RELEASE/thymeleaf-3.1.5.RELEASE.pom
2026-06-10 15:16:48,770 [Worker-26: Import Getting Started Content] INFO  o.e.m.c.i.e.AbstractTransferListenerAdapter - Downloading https://repo.maven.apache.org/maven2/org/attoparser/attoparser/2.0.7.RELEASE/attoparser-2.0.7.RELEASE.pom
2026-06-10 15:16:48,772 [Worker-26: Import Getting Started Content] INFO  o.e.m.c.i.e.AbstractTransferListenerAdapter - Downloaded https://repo.maven.apache.org/maven2/org/attoparser/attoparser/2.0.7.RELEASE/attoparser-2.0.7.RELEASE.pom
2026-06-10 15:16:48,868 [Worker-26: Import Getting Started Content] INFO  o.e.m.c.i.e.AbstractTransferListenerAdapter - Downloading https://repo.maven.apache.org/maven2/org/unbescape/unbescape/1.1.6.RELEASE/unbescape-1.1.6.RELEASE.pom
2026-06-10 15:16:48,870 [Worker-26: Import Getting Started Content] INFO  o.e.m.c.i.e.AbstractTransferListenerAdapter - Downloaded https://repo.maven.apache.org/maven2/org/unbescape/unbescape/1.1.6.RELEASE/unbescape-1.1.6.RELEASE.pom
2026-06-10 15:16:49,032 [Worker-26: Import Getting Started Content] INFO  o.e.m.c.i.e.AbstractTransferListenerAdapter - Downloading https://repo.maven.apache.org/maven2/org/springframework/boot/spring-boot-starter-thymeleaf/3.5.14/spring-boot-starter-thymeleaf-3.5.14.jar
2026-06-10 15:16:49,033 [Worker-26: Import Getting Started Content] INFO  o.e.m.c.i.e.AbstractTransferListenerAdapter - Downloaded https://repo.maven.apache.org/maven2/org/springframework/boot/spring-boot-starter-thymeleaf/3.5.14/spring-boot-starter-thymeleaf-3.5.14.jar
2026-06-10 15:16:49,124 [BasicRepositoryConnector-repo.maven.apache.org-0-1] INFO  o.e.m.c.i.e.AbstractTransferListenerAdapter - Downloading https://repo.maven.apache.org/maven2/org/thymeleaf/thymeleaf/3.1.5.RELEASE/thymeleaf-3.1.5.RELEASE.jar
2026-06-10 15:16:49,276 [BasicRepositoryConnector-repo.maven.apache.org-0-0] INFO  o.e.m.c.i.e.AbstractTransferListenerAdapter - Downloading https://repo.maven.apache.org/maven2/org/thymeleaf/thymeleaf-spring6/3.1.5.RELEASE/thymeleaf-spring6-3.1.5.RELEASE.jar
2026-06-10 15:16:49,284 [BasicRepositoryConnector-repo.maven.apache.org-0-3] INFO  o.e.m.c.i.e.AbstractTransferListenerAdapter - Downloading https://repo.maven.apache.org/maven2/org/unbescape/unbescape/1.1.6.RELEASE/unbescape-1.1.6.RELEASE.jar
2026-06-10 15:16:49,370 [BasicRepositoryConnector-repo.maven.apache.org-0-2] INFO  o.e.m.c.i.e.AbstractTransferListenerAdapter - Downloading https://repo.maven.apache.org/maven2/org/attoparser/attoparser/2.0.7.RELEASE/attoparser-2.0.7.RELEASE.jar
2026-06-10 15:16:49,386 [BasicRepositoryConnector-repo.maven.apache.org-0-3] INFO  o.e.m.c.i.e.AbstractTransferListenerAdapter - Downloaded https://repo.maven.apache.org/maven2/org/unbescape/unbescape/1.1.6.RELEASE/unbescape-1.1.6.RELEASE.jar
2026-06-10 15:16:49,391 [BasicRepositoryConnector-repo.maven.apache.org-0-0] INFO  o.e.m.c.i.e.AbstractTransferListenerAdapter - Downloaded https://repo.maven.apache.org/maven2/org/thymeleaf/thymeleaf-spring6/3.1.5.RELEASE/thymeleaf-spring6-3.1.5.RELEASE.jar
2026-06-10 15:16:49,418 [BasicRepositoryConnector-repo.maven.apache.org-0-1] INFO  o.e.m.c.i.e.AbstractTransferListenerAdapter - Downloaded https://repo.maven.apache.org/maven2/org/thymeleaf/thymeleaf/3.1.5.RELEASE/thymeleaf-3.1.5.RELEASE.jar
2026-06-10 15:16:49,559 [BasicRepositoryConnector-repo.maven.apache.org-0-2] INFO  o.e.m.c.i.e.AbstractTransferListenerAdapter - Downloaded https://repo.maven.apache.org/maven2/org/attoparser/attoparser/2.0.7.RELEASE/attoparser-2.0.7.RELEASE.jar
2026-06-10 15:16:49,831 [Worker-26: Import Getting Started Content] INFO  o.e.m.j.i.AbstractJavaProjectConfigurator - Adding source folder /spring-boot-web/src/main/java
2026-06-10 15:16:49,831 [Worker-26: Import Getting Started Content] INFO  o.e.m.j.i.AbstractJavaProjectConfigurator - Adding resource folder /spring-boot-web/src/main/resources
2026-06-10 15:16:49,832 [Worker-26: Import Getting Started Content] INFO  o.e.m.j.i.AbstractJavaProjectConfigurator - Adding resource folder /spring-boot-web/src/main/resources
2026-06-10 15:16:49,833 [Worker-26: Import Getting Started Content] INFO  o.e.m.j.i.AbstractJavaProjectConfigurator - Adding source folder /spring-boot-web/src/test/java
2026-06-10 15:16:49,834 [Worker-26: Import Getting Started Content] INFO  o.e.m.j.i.AbstractJavaProjectConfigurator - Adding resource folder /spring-boot-web/src/test/resources
2026-06-10 15:16:50,142 [Worker-26: Import Getting Started Content] WARN  o.apache.maven.project.MavenProject - Plugin is modifying compileSourceRoots through clear(), which will not work in Maven 4.0.0. Use MavenProject.addCompileSourceRoot()/removeCompileSourceRoot() methods instead. If using a plugin, please upgrade to the latest version or report the issue to the plugin maintainer. To disable these warnings, set -Dmaven.project.sourceRoots.warningsDisabled=true on the command line, in the .mvn/maven.config file, or in project POM properties.
2026-06-10 15:16:50,143 [Worker-26: Import Getting Started Content] WARN  o.apache.maven.project.MavenProject - Plugin is modifying compileSourceRoots through add(), which will not work in Maven 4.0.0. Use MavenProject.addCompileSourceRoot()/removeCompileSourceRoot() methods instead. If using a plugin, please upgrade to the latest version or report the issue to the plugin maintainer. To disable these warnings, set -Dmaven.project.sourceRoots.warningsDisabled=true on the command line, in the .mvn/maven.config file, or in project POM properties.
2026-06-10 15:16:50,143 [Worker-26: Import Getting Started Content] WARN  o.apache.maven.project.MavenProject - Plugin is modifying testCompileSourceRoots through clear(), which will not work in Maven 4.0.0. Use MavenProject.addTestCompileSourceRoot()/removeTestCompileSourceRoot() methods instead. If using a plugin, please upgrade to the latest version or report the issue to the plugin maintainer. To disable these warnings, set -Dmaven.project.sourceRoots.warningsDisabled=true on the command line, in the .mvn/maven.config file, or in project POM properties.
2026-06-10 15:16:50,155 [Worker-26: Import Getting Started Content] WARN  o.apache.maven.project.MavenProject - Plugin is modifying testCompileSourceRoots through add(), which will not work in Maven 4.0.0. Use MavenProject.addTestCompileSourceRoot()/removeTestCompileSourceRoot() methods instead. If using a plugin, please upgrade to the latest version or report the issue to the plugin maintainer. To disable these warnings, set -Dmaven.project.sourceRoots.warningsDisabled=true on the command line, in the .mvn/maven.config file, or in project POM properties.
2026-06-10 15:16:50,169 [Worker-26: Import Getting Started Content] INFO  o.e.m.c.i.p.ProjectConfigurationManager - Imported and configured 1 project(s) in 3 sec
2026-06-10 15:16:50,172 [Worker-26: Import Getting Started Content] INFO  o.e.m.c.i.p.ProjectConfigurationManager - Update started
2026-06-10 15:16:50,242 [Worker-26: Import Getting Started Content] INFO  o.e.m.c.i.l.LifecycleMappingFactory - Using org.eclipse.m2e.jdt.JarLifecycleMapping lifecycle mapping for MavenProject: com.bolsadeideas.springboot.app:spring-boot-web:0.0.1-SNAPSHOT @ /Users/macbook/Documents/SpringBoot_SpringFramework/spring-boot-web/pom.xml.
2026-06-10 15:16:50,315 [Worker-26: Import Getting Started Content] INFO  o.e.m.j.i.AbstractJavaProjectConfigurator - Adding source folder /spring-boot-web/src/main/java
2026-06-10 15:16:50,315 [Worker-26: Import Getting Started Content] INFO  o.e.m.j.i.AbstractJavaProjectConfigurator - Adding resource folder /spring-boot-web/src/main/resources
2026-06-10 15:16:50,315 [Worker-26: Import Getting Started Content] INFO  o.e.m.j.i.AbstractJavaProjectConfigurator - Adding resource folder /spring-boot-web/src/main/resources
2026-06-10 15:16:50,315 [Worker-26: Import Getting Started Content] INFO  o.e.m.j.i.AbstractJavaProjectConfigurator - Adding source folder /spring-boot-web/src/test/java
2026-06-10 15:16:50,315 [Worker-26: Import Getting Started Content] INFO  o.e.m.j.i.AbstractJavaProjectConfigurator - Adding resource folder /spring-boot-web/src/test/resources
2026-06-10 15:16:50,341 [Worker-26: Import Getting Started Content] WARN  o.apache.maven.project.MavenProject - Plugin is modifying compileSourceRoots through clear(), which will not work in Maven 4.0.0. Use MavenProject.addCompileSourceRoot()/removeCompileSourceRoot() methods instead. If using a plugin, please upgrade to the latest version or report the issue to the plugin maintainer. To disable these warnings, set -Dmaven.project.sourceRoots.warningsDisabled=true on the command line, in the .mvn/maven.config file, or in project POM properties.
2026-06-10 15:16:50,341 [Worker-26: Import Getting Started Content] WARN  o.apache.maven.project.MavenProject - Plugin is modifying compileSourceRoots through add(), which will not work in Maven 4.0.0. Use MavenProject.addCompileSourceRoot()/removeCompileSourceRoot() methods instead. If using a plugin, please upgrade to the latest version or report the issue to the plugin maintainer. To disable these warnings, set -Dmaven.project.sourceRoots.warningsDisabled=true on the command line, in the .mvn/maven.config file, or in project POM properties.
2026-06-10 15:16:50,341 [Worker-26: Import Getting Started Content] WARN  o.apache.maven.project.MavenProject - Plugin is modifying testCompileSourceRoots through clear(), which will not work in Maven 4.0.0. Use MavenProject.addTestCompileSourceRoot()/removeTestCompileSourceRoot() methods instead. If using a plugin, please upgrade to the latest version or report the issue to the plugin maintainer. To disable these warnings, set -Dmaven.project.sourceRoots.warningsDisabled=true on the command line, in the .mvn/maven.config file, or in project POM properties.
2026-06-10 15:16:50,341 [Worker-26: Import Getting Started Content] WARN  o.apache.maven.project.MavenProject - Plugin is modifying testCompileSourceRoots through add(), which will not work in Maven 4.0.0. Use MavenProject.addTestCompileSourceRoot()/removeTestCompileSourceRoot() methods instead. If using a plugin, please upgrade to the latest version or report the issue to the plugin maintainer. To disable these warnings, set -Dmaven.project.sourceRoots.warningsDisabled=true on the command line, in the .mvn/maven.config file, or in project POM properties.
2026-06-10 15:16:50,404 [Worker-26: Import Getting Started Content] INFO  o.e.m.c.i.p.ProjectConfigurationManager - Update completed for 1 poms: local refresh takes 0.00 sec, refresh facades takes 0.00 sec, update config takes 0.00 sec 
2026-06-10 15:16:50,740 [Worker-31: Building] INFO  o.a.m.s.f.DefaultMavenResourcesFiltering - Copying 1 resource from src/main/resources to target/classes
2026-06-10 15:16:50,746 [Worker-31: Building] INFO  o.a.m.s.f.DefaultMavenResourcesFiltering - Copying 0 resource from src/main/resources to target/classes
2026-06-10 15:16:50,748 [Worker-31: Building] INFO  o.a.m.s.f.DefaultMavenResourcesFiltering - skip non existing resourceDirectory /Users/macbook/Documents/SpringBoot_SpringFramework/spring-boot-web/src/test/resources
2026-06-10 15:16:50,839 [Worker-31: Building] WARN  o.apache.maven.project.MavenProject - Plugin is modifying compileSourceRoots through clear(), which will not work in Maven 4.0.0. Use MavenProject.addCompileSourceRoot()/removeCompileSourceRoot() methods instead. If using a plugin, please upgrade to the latest version or report the issue to the plugin maintainer. To disable these warnings, set -Dmaven.project.sourceRoots.warningsDisabled=true on the command line, in the .mvn/maven.config file, or in project POM properties.
2026-06-10 15:16:50,840 [Worker-31: Building] WARN  o.apache.maven.project.MavenProject - Plugin is modifying compileSourceRoots through add(), which will not work in Maven 4.0.0. Use MavenProject.addCompileSourceRoot()/removeCompileSourceRoot() methods instead. If using a plugin, please upgrade to the latest version or report the issue to the plugin maintainer. To disable these warnings, set -Dmaven.project.sourceRoots.warningsDisabled=true on the command line, in the .mvn/maven.config file, or in project POM properties.
2026-06-10 15:16:50,840 [Worker-31: Building] WARN  o.apache.maven.project.MavenProject - Plugin is modifying testCompileSourceRoots through clear(), which will not work in Maven 4.0.0. Use MavenProject.addTestCompileSourceRoot()/removeTestCompileSourceRoot() methods instead. If using a plugin, please upgrade to the latest version or report the issue to the plugin maintainer. To disable these warnings, set -Dmaven.project.sourceRoots.warningsDisabled=true on the command line, in the .mvn/maven.config file, or in project POM properties.
2026-06-10 15:16:50,840 [Worker-31: Building] WARN  o.apache.maven.project.MavenProject - Plugin is modifying testCompileSourceRoots through add(), which will not work in Maven 4.0.0. Use MavenProject.addTestCompileSourceRoot()/removeTestCompileSourceRoot() methods instead. If using a plugin, please upgrade to the latest version or report the issue to the plugin maintainer. To disable these warnings, set -Dmaven.project.sourceRoots.warningsDisabled=true on the command line, in the .mvn/maven.config file, or in project POM properties.
2026-06-10 15:16:51,010 [Worker-22: Download sources and javadoc] INFO  o.e.m.c.i.e.AbstractTransferListenerAdapter - Downloading https://repo.maven.apache.org/maven2/org/springframework/boot/spring-boot-starter-thymeleaf/3.5.14/spring-boot-starter-thymeleaf-3.5.14-sources.jar
2026-06-10 15:16:51,012 [Worker-22: Download sources and javadoc] INFO  o.e.m.c.i.e.AbstractTransferListenerAdapter - Downloaded https://repo.maven.apache.org/maven2/org/springframework/boot/spring-boot-starter-thymeleaf/3.5.14/spring-boot-starter-thymeleaf-3.5.14-sources.jar
2026-06-10 15:16:51,013 [Worker-22: Download sources and javadoc] INFO  o.e.m.j.internal.DownloadSourcesJob - Downloaded sources for org.springframework.boot:spring-boot-starter-thymeleaf:3.5.14
2026-06-10 15:16:51,280 [Worker-22: Download sources and javadoc] INFO  o.e.m.c.i.e.AbstractTransferListenerAdapter - Downloading https://repo.maven.apache.org/maven2/org/thymeleaf/thymeleaf-spring6/3.1.5.RELEASE/thymeleaf-spring6-3.1.5.RELEASE-sources.jar
2026-06-10 15:16:51,389 [Worker-22: Download sources and javadoc] INFO  o.e.m.c.i.e.AbstractTransferListenerAdapter - Downloaded https://repo.maven.apache.org/maven2/org/thymeleaf/thymeleaf-spring6/3.1.5.RELEASE/thymeleaf-spring6-3.1.5.RELEASE-sources.jar
2026-06-10 15:16:51,391 [Worker-22: Download sources and javadoc] INFO  o.e.m.j.internal.DownloadSourcesJob - Downloaded sources for org.thymeleaf:thymeleaf-spring6:3.1.5.RELEASE
2026-06-10 15:16:51,710 [Worker-22: Download sources and javadoc] INFO  o.e.m.c.i.e.AbstractTransferListenerAdapter - Downloading https://repo.maven.apache.org/maven2/org/thymeleaf/thymeleaf/3.1.5.RELEASE/thymeleaf-3.1.5.RELEASE-sources.jar
2026-06-10 15:16:52,046 [Worker-22: Download sources and javadoc] INFO  o.e.m.c.i.e.AbstractTransferListenerAdapter - Downloaded https://repo.maven.apache.org/maven2/org/thymeleaf/thymeleaf/3.1.5.RELEASE/thymeleaf-3.1.5.RELEASE-sources.jar
2026-06-10 15:16:52,047 [Worker-22: Download sources and javadoc] INFO  o.e.m.j.internal.DownloadSourcesJob - Downloaded sources for org.thymeleaf:thymeleaf:3.1.5.RELEASE
2026-06-10 15:16:52,351 [Worker-22: Download sources and javadoc] INFO  o.e.m.c.i.e.AbstractTransferListenerAdapter - Downloading https://repo.maven.apache.org/maven2/org/attoparser/attoparser/2.0.7.RELEASE/attoparser-2.0.7.RELEASE-sources.jar
2026-06-10 15:16:52,530 [Worker-22: Download sources and javadoc] INFO  o.e.m.c.i.e.AbstractTransferListenerAdapter - Downloaded https://repo.maven.apache.org/maven2/org/attoparser/attoparser/2.0.7.RELEASE/attoparser-2.0.7.RELEASE-sources.jar
2026-06-10 15:16:52,532 [Worker-22: Download sources and javadoc] INFO  o.e.m.j.internal.DownloadSourcesJob - Downloaded sources for org.attoparser:attoparser:2.0.7.RELEASE
2026-06-10 15:16:52,848 [Worker-22: Download sources and javadoc] INFO  o.e.m.c.i.e.AbstractTransferListenerAdapter - Downloading https://repo.maven.apache.org/maven2/org/unbescape/unbescape/1.1.6.RELEASE/unbescape-1.1.6.RELEASE-sources.jar
2026-06-10 15:16:52,993 [Worker-22: Download sources and javadoc] INFO  o.e.m.c.i.e.AbstractTransferListenerAdapter - Downloaded https://repo.maven.apache.org/maven2/org/unbescape/unbescape/1.1.6.RELEASE/unbescape-1.1.6.RELEASE-sources.jar
2026-06-10 15:16:52,995 [Worker-22: Download sources and javadoc] INFO  o.e.m.j.internal.DownloadSourcesJob - Downloaded sources for org.unbescape:unbescape:1.1.6.RELEASE
2026-06-10 15:24:06,483 [Worker-38: Building] INFO  o.a.m.s.f.DefaultMavenResourcesFiltering - Copying 1 resource from src/main/resources to target/classes
2026-06-10 15:24:06,497 [Worker-38: Building] INFO  o.a.m.s.f.DefaultMavenResourcesFiltering - Copying 0 resource from src/main/resources to target/classes
2026-06-10 15:24:06,498 [Worker-38: Building] INFO  o.a.m.s.f.DefaultMavenResourcesFiltering - skip non existing resourceDirectory /Users/macbook/Documents/SpringBoot_SpringFramework/spring-boot-web/src/test/resources
2026-06-10 15:24:06,499 [Worker-38: Building] WARN  o.apache.maven.project.MavenProject - Plugin is modifying compileSourceRoots through clear(), which will not work in Maven 4.0.0. Use MavenProject.addCompileSourceRoot()/removeCompileSourceRoot() methods instead. If using a plugin, please upgrade to the latest version or report the issue to the plugin maintainer. To disable these warnings, set -Dmaven.project.sourceRoots.warningsDisabled=true on the command line, in the .mvn/maven.config file, or in project POM properties.
2026-06-10 15:24:06,500 [Worker-38: Building] WARN  o.apache.maven.project.MavenProject - Plugin is modifying compileSourceRoots through add(), which will not work in Maven 4.0.0. Use MavenProject.addCompileSourceRoot()/removeCompileSourceRoot() methods instead. If using a plugin, please upgrade to the latest version or report the issue to the plugin maintainer. To disable these warnings, set -Dmaven.project.sourceRoots.warningsDisabled=true on the command line, in the .mvn/maven.config file, or in project POM properties.
2026-06-10 15:24:06,500 [Worker-38: Building] WARN  o.apache.maven.project.MavenProject - Plugin is modifying testCompileSourceRoots through clear(), which will not work in Maven 4.0.0. Use MavenProject.addTestCompileSourceRoot()/removeTestCompileSourceRoot() methods instead. If using a plugin, please upgrade to the latest version or report the issue to the plugin maintainer. To disable these warnings, set -Dmaven.project.sourceRoots.warningsDisabled=true on the command line, in the .mvn/maven.config file, or in project POM properties.
2026-06-10 15:24:06,500 [Worker-38: Building] WARN  o.apache.maven.project.MavenProject - Plugin is modifying testCompileSourceRoots through add(), which will not work in Maven 4.0.0. Use MavenProject.addTestCompileSourceRoot()/removeTestCompileSourceRoot() methods instead. If using a plugin, please upgrade to the latest version or report the issue to the plugin maintainer. To disable these warnings, set -Dmaven.project.sourceRoots.warningsDisabled=true on the command line, in the .mvn/maven.config file, or in project POM properties.
2026-06-10 15:25:12,405 [Worker-39: Building] INFO  o.a.m.s.f.DefaultMavenResourcesFiltering - Copying 1 resource from src/main/resources to target/classes
2026-06-10 15:25:12,418 [Worker-39: Building] INFO  o.a.m.s.f.DefaultMavenResourcesFiltering - Copying 0 resource from src/main/resources to target/classes
2026-06-10 15:25:12,421 [Worker-39: Building] INFO  o.a.m.s.f.DefaultMavenResourcesFiltering - skip non existing resourceDirectory /Users/macbook/Documents/SpringBoot_SpringFramework/spring-boot-web/src/test/resources
2026-06-10 15:25:12,421 [Worker-39: Building] WARN  o.apache.maven.project.MavenProject - Plugin is modifying compileSourceRoots through clear(), which will not work in Maven 4.0.0. Use MavenProject.addCompileSourceRoot()/removeCompileSourceRoot() methods instead. If using a plugin, please upgrade to the latest version or report the issue to the plugin maintainer. To disable these warnings, set -Dmaven.project.sourceRoots.warningsDisabled=true on the command line, in the .mvn/maven.config file, or in project POM properties.
2026-06-10 15:25:12,422 [Worker-39: Building] WARN  o.apache.maven.project.MavenProject - Plugin is modifying compileSourceRoots through add(), which will not work in Maven 4.0.0. Use MavenProject.addCompileSourceRoot()/removeCompileSourceRoot() methods instead. If using a plugin, please upgrade to the latest version or report the issue to the plugin maintainer. To disable these warnings, set -Dmaven.project.sourceRoots.warningsDisabled=true on the command line, in the .mvn/maven.config file, or in project POM properties.
2026-06-10 15:25:12,422 [Worker-39: Building] WARN  o.apache.maven.project.MavenProject - Plugin is modifying testCompileSourceRoots through clear(), which will not work in Maven 4.0.0. Use MavenProject.addTestCompileSourceRoot()/removeTestCompileSourceRoot() methods instead. If using a plugin, please upgrade to the latest version or report the issue to the plugin maintainer. To disable these warnings, set -Dmaven.project.sourceRoots.warningsDisabled=true on the command line, in the .mvn/maven.config file, or in project POM properties.
2026-06-10 15:25:12,422 [Worker-39: Building] WARN  o.apache.maven.project.MavenProject - Plugin is modifying testCompileSourceRoots through add(), which will not work in Maven 4.0.0. Use MavenProject.addTestCompileSourceRoot()/removeTestCompileSourceRoot() methods instead. If using a plugin, please upgrade to the latest version or report the issue to the plugin maintainer. To disable these warnings, set -Dmaven.project.sourceRoots.warningsDisabled=true on the command line, in the .mvn/maven.config file, or in project POM properties.
2026-06-10 15:28:29,545 [Worker-39: Updating Maven Project] INFO  o.e.m.c.i.p.ProjectConfigurationManager - Update started
2026-06-10 15:28:29,718 [Worker-39: Updating Maven Project] INFO  o.e.m.c.i.l.LifecycleMappingFactory - Using org.eclipse.m2e.jdt.JarLifecycleMapping lifecycle mapping for MavenProject: com.bolsadeideas.springboot.app:spring-boot-web:0.0.1-SNAPSHOT @ /Users/macbook/Documents/SpringBoot_SpringFramework/spring-boot-web/pom.xml.
2026-06-10 15:28:29,861 [Worker-39: Updating Maven Project] INFO  o.e.m.j.i.AbstractJavaProjectConfigurator - Adding source folder /spring-boot-web/src/main/java
2026-06-10 15:28:29,861 [Worker-39: Updating Maven Project] INFO  o.e.m.j.i.AbstractJavaProjectConfigurator - Adding resource folder /spring-boot-web/src/main/resources
2026-06-10 15:28:29,861 [Worker-39: Updating Maven Project] INFO  o.e.m.j.i.AbstractJavaProjectConfigurator - Adding resource folder /spring-boot-web/src/main/resources
2026-06-10 15:28:29,861 [Worker-39: Updating Maven Project] INFO  o.e.m.j.i.AbstractJavaProjectConfigurator - Adding source folder /spring-boot-web/src/test/java
2026-06-10 15:28:29,862 [Worker-39: Updating Maven Project] INFO  o.e.m.j.i.AbstractJavaProjectConfigurator - Adding resource folder /spring-boot-web/src/test/resources
2026-06-10 15:28:29,888 [Worker-39: Updating Maven Project] WARN  o.apache.maven.project.MavenProject - Plugin is modifying compileSourceRoots through clear(), which will not work in Maven 4.0.0. Use MavenProject.addCompileSourceRoot()/removeCompileSourceRoot() methods instead. If using a plugin, please upgrade to the latest version or report the issue to the plugin maintainer. To disable these warnings, set -Dmaven.project.sourceRoots.warningsDisabled=true on the command line, in the .mvn/maven.config file, or in project POM properties.
2026-06-10 15:28:29,888 [Worker-39: Updating Maven Project] WARN  o.apache.maven.project.MavenProject - Plugin is modifying compileSourceRoots through add(), which will not work in Maven 4.0.0. Use MavenProject.addCompileSourceRoot()/removeCompileSourceRoot() methods instead. If using a plugin, please upgrade to the latest version or report the issue to the plugin maintainer. To disable these warnings, set -Dmaven.project.sourceRoots.warningsDisabled=true on the command line, in the .mvn/maven.config file, or in project POM properties.
2026-06-10 15:28:29,888 [Worker-39: Updating Maven Project] WARN  o.apache.maven.project.MavenProject - Plugin is modifying testCompileSourceRoots through clear(), which will not work in Maven 4.0.0. Use MavenProject.addTestCompileSourceRoot()/removeTestCompileSourceRoot() methods instead. If using a plugin, please upgrade to the latest version or report the issue to the plugin maintainer. To disable these warnings, set -Dmaven.project.sourceRoots.warningsDisabled=true on the command line, in the .mvn/maven.config file, or in project POM properties.
2026-06-10 15:28:29,889 [Worker-39: Updating Maven Project] WARN  o.apache.maven.project.MavenProject - Plugin is modifying testCompileSourceRoots through add(), which will not work in Maven 4.0.0. Use MavenProject.addTestCompileSourceRoot()/removeTestCompileSourceRoot() methods instead. If using a plugin, please upgrade to the latest version or report the issue to the plugin maintainer. To disable these warnings, set -Dmaven.project.sourceRoots.warningsDisabled=true on the command line, in the .mvn/maven.config file, or in project POM properties.
2026-06-10 15:28:29,906 [Worker-39: Updating Maven Project] INFO  o.e.m.c.i.p.ProjectConfigurationManager - Update completed for 1 poms: local refresh takes 0.00 sec, refresh facades takes 0.00 sec, update config takes 0.00 sec 
2026-06-10 15:28:30,101 [Worker-46: Building] INFO  o.a.m.s.f.DefaultMavenResourcesFiltering - Copying 1 resource from src/main/resources to target/classes
2026-06-10 15:28:30,107 [Worker-46: Building] INFO  o.a.m.s.f.DefaultMavenResourcesFiltering - Copying 0 resource from src/main/resources to target/classes
2026-06-10 15:28:30,109 [Worker-46: Building] INFO  o.a.m.s.f.DefaultMavenResourcesFiltering - skip non existing resourceDirectory /Users/macbook/Documents/SpringBoot_SpringFramework/spring-boot-web/src/test/resources
2026-06-10 15:28:30,114 [Worker-46: Building] WARN  o.apache.maven.project.MavenProject - Plugin is modifying compileSourceRoots through clear(), which will not work in Maven 4.0.0. Use MavenProject.addCompileSourceRoot()/removeCompileSourceRoot() methods instead. If using a plugin, please upgrade to the latest version or report the issue to the plugin maintainer. To disable these warnings, set -Dmaven.project.sourceRoots.warningsDisabled=true on the command line, in the .mvn/maven.config file, or in project POM properties.
2026-06-10 15:28:30,114 [Worker-46: Building] WARN  o.apache.maven.project.MavenProject - Plugin is modifying compileSourceRoots through add(), which will not work in Maven 4.0.0. Use MavenProject.addCompileSourceRoot()/removeCompileSourceRoot() methods instead. If using a plugin, please upgrade to the latest version or report the issue to the plugin maintainer. To disable these warnings, set -Dmaven.project.sourceRoots.warningsDisabled=true on the command line, in the .mvn/maven.config file, or in project POM properties.
2026-06-10 15:28:30,114 [Worker-46: Building] WARN  o.apache.maven.project.MavenProject - Plugin is modifying testCompileSourceRoots through clear(), which will not work in Maven 4.0.0. Use MavenProject.addTestCompileSourceRoot()/removeTestCompileSourceRoot() methods instead. If using a plugin, please upgrade to the latest version or report the issue to the plugin maintainer. To disable these warnings, set -Dmaven.project.sourceRoots.warningsDisabled=true on the command line, in the .mvn/maven.config file, or in project POM properties.
2026-06-10 15:28:30,114 [Worker-46: Building] WARN  o.apache.maven.project.MavenProject - Plugin is modifying testCompileSourceRoots through add(), which will not work in Maven 4.0.0. Use MavenProject.addTestCompileSourceRoot()/removeTestCompileSourceRoot() methods instead. If using a plugin, please upgrade to the latest version or report the issue to the plugin maintainer. To disable these warnings, set -Dmaven.project.sourceRoots.warningsDisabled=true on the command line, in the .mvn/maven.config file, or in project POM properties.
2026-06-10 15:32:00,524 [Worker-48: Building] INFO  o.e.m.c.i.e.AbstractTransferListenerAdapter - Downloading https://repo.maven.apache.org/maven2/org/springframework/boot/spring-boot-starter-parent/3.5.15/spring-boot-starter-parent-3.5.15.pom
2026-06-10 15:32:00,527 [Worker-48: Building] INFO  o.e.m.c.i.e.AbstractTransferListenerAdapter - Downloaded https://repo.maven.apache.org/maven2/org/springframework/boot/spring-boot-starter-parent/3.5.15/spring-boot-starter-parent-3.5.15.pom
2026-06-10 15:32:00,628 [Worker-48: Building] INFO  o.e.m.c.i.e.AbstractTransferListenerAdapter - Downloading https://repo.maven.apache.org/maven2/org/springframework/boot/spring-boot-dependencies/3.5.15/spring-boot-dependencies-3.5.15.pom
2026-06-10 15:32:00,632 [Worker-48: Building] INFO  o.e.m.c.i.e.AbstractTransferListenerAdapter - Downloaded https://repo.maven.apache.org/maven2/org/springframework/boot/spring-boot-dependencies/3.5.15/spring-boot-dependencies-3.5.15.pom
2026-06-10 15:32:00,733 [Worker-48: Building] INFO  o.e.m.c.i.e.AbstractTransferListenerAdapter - Downloading https://repo.maven.apache.org/maven2/org/apache/cassandra/java-driver-bom/4.19.3/java-driver-bom-4.19.3.pom
2026-06-10 15:32:00,735 [Worker-48: Building] INFO  o.e.m.c.i.e.AbstractTransferListenerAdapter - Downloaded https://repo.maven.apache.org/maven2/org/apache/cassandra/java-driver-bom/4.19.3/java-driver-bom-4.19.3.pom
2026-06-10 15:32:00,838 [Worker-48: Building] INFO  o.e.m.c.i.e.AbstractTransferListenerAdapter - Downloading https://repo.maven.apache.org/maven2/org/glassfish/jaxb/jaxb-bom/4.0.9/jaxb-bom-4.0.9.pom
2026-06-10 15:32:00,839 [Worker-48: Building] INFO  o.e.m.c.i.e.AbstractTransferListenerAdapter - Downloaded https://repo.maven.apache.org/maven2/org/glassfish/jaxb/jaxb-bom/4.0.9/jaxb-bom-4.0.9.pom
2026-06-10 15:32:00,933 [Worker-48: Building] INFO  o.e.m.c.i.e.AbstractTransferListenerAdapter - Downloading https://repo.maven.apache.org/maven2/org/eclipse/ee4j/project/2.0.4/project-2.0.4.pom
2026-06-10 15:32:00,934 [Worker-48: Building] INFO  o.e.m.c.i.e.AbstractTransferListenerAdapter - Downloaded https://repo.maven.apache.org/maven2/org/eclipse/ee4j/project/2.0.4/project-2.0.4.pom
2026-06-10 15:32:01,041 [Worker-48: Building] INFO  o.e.m.c.i.e.AbstractTransferListenerAdapter - Downloading https://repo.maven.apache.org/maven2/org/apache/groovy/groovy-bom/4.0.32/groovy-bom-4.0.32.pom
2026-06-10 15:32:01,042 [Worker-48: Building] INFO  o.e.m.c.i.e.AbstractTransferListenerAdapter - Downloaded https://repo.maven.apache.org/maven2/org/apache/groovy/groovy-bom/4.0.32/groovy-bom-4.0.32.pom
2026-06-10 15:32:01,141 [Worker-48: Building] INFO  o.e.m.c.i.e.AbstractTransferListenerAdapter - Downloading https://repo.maven.apache.org/maven2/com/fasterxml/jackson/jackson-bom/2.21.4/jackson-bom-2.21.4.pom
2026-06-10 15:32:01,143 [Worker-48: Building] INFO  o.e.m.c.i.e.AbstractTransferListenerAdapter - Downloaded https://repo.maven.apache.org/maven2/com/fasterxml/jackson/jackson-bom/2.21.4/jackson-bom-2.21.4.pom
2026-06-10 15:32:01,245 [Worker-48: Building] INFO  o.e.m.c.i.e.AbstractTransferListenerAdapter - Downloading https://repo.maven.apache.org/maven2/org/eclipse/jetty/ee10/jetty-ee10-bom/12.0.36/jetty-ee10-bom-12.0.36.pom
2026-06-10 15:32:01,246 [Worker-48: Building] INFO  o.e.m.c.i.e.AbstractTransferListenerAdapter - Downloaded https://repo.maven.apache.org/maven2/org/eclipse/jetty/ee10/jetty-ee10-bom/12.0.36/jetty-ee10-bom-12.0.36.pom
2026-06-10 15:32:01,344 [Worker-48: Building] INFO  o.e.m.c.i.e.AbstractTransferListenerAdapter - Downloading https://repo.maven.apache.org/maven2/org/eclipse/jetty/jetty-bom/12.0.36/jetty-bom-12.0.36.pom
2026-06-10 15:32:01,345 [Worker-48: Building] INFO  o.e.m.c.i.e.AbstractTransferListenerAdapter - Downloaded https://repo.maven.apache.org/maven2/org/eclipse/jetty/jetty-bom/12.0.36/jetty-bom-12.0.36.pom
2026-06-10 15:32:01,445 [Worker-48: Building] INFO  o.e.m.c.i.e.AbstractTransferListenerAdapter - Downloading https://repo.maven.apache.org/maven2/io/micrometer/micrometer-bom/1.15.12/micrometer-bom-1.15.12.pom
2026-06-10 15:32:01,448 [Worker-48: Building] INFO  o.e.m.c.i.e.AbstractTransferListenerAdapter - Downloaded https://repo.maven.apache.org/maven2/io/micrometer/micrometer-bom/1.15.12/micrometer-bom-1.15.12.pom
2026-06-10 15:32:01,538 [Worker-48: Building] INFO  o.e.m.c.i.e.AbstractTransferListenerAdapter - Downloading https://repo.maven.apache.org/maven2/io/netty/netty-bom/4.1.135.Final/netty-bom-4.1.135.Final.pom
2026-06-10 15:32:01,539 [Worker-48: Building] INFO  o.e.m.c.i.e.AbstractTransferListenerAdapter - Downloaded https://repo.maven.apache.org/maven2/io/netty/netty-bom/4.1.135.Final/netty-bom-4.1.135.Final.pom
2026-06-10 15:32:01,638 [Worker-48: Building] INFO  o.e.m.c.i.e.AbstractTransferListenerAdapter - Downloading https://repo.maven.apache.org/maven2/org/apache/pulsar/pulsar-bom/4.0.11/pulsar-bom-4.0.11.pom
2026-06-10 15:32:01,639 [Worker-48: Building] INFO  o.e.m.c.i.e.AbstractTransferListenerAdapter - Downloaded https://repo.maven.apache.org/maven2/org/apache/pulsar/pulsar-bom/4.0.11/pulsar-bom-4.0.11.pom
2026-06-10 15:32:01,744 [Worker-48: Building] INFO  o.e.m.c.i.e.AbstractTransferListenerAdapter - Downloading https://repo.maven.apache.org/maven2/io/projectreactor/reactor-bom/2024.0.18/reactor-bom-2024.0.18.pom
2026-06-10 15:32:01,745 [Worker-48: Building] INFO  o.e.m.c.i.e.AbstractTransferListenerAdapter - Downloaded https://repo.maven.apache.org/maven2/io/projectreactor/reactor-bom/2024.0.18/reactor-bom-2024.0.18.pom
2026-06-10 15:32:01,837 [Worker-48: Building] INFO  o.e.m.c.i.e.AbstractTransferListenerAdapter - Downloading https://repo.maven.apache.org/maven2/org/springframework/amqp/spring-amqp-bom/3.2.11/spring-amqp-bom-3.2.11.pom
2026-06-10 15:32:01,839 [Worker-48: Building] INFO  o.e.m.c.i.e.AbstractTransferListenerAdapter - Downloaded https://repo.maven.apache.org/maven2/org/springframework/amqp/spring-amqp-bom/3.2.11/spring-amqp-bom-3.2.11.pom
2026-06-10 15:32:01,942 [Worker-48: Building] INFO  o.e.m.c.i.e.AbstractTransferListenerAdapter - Downloading https://repo.maven.apache.org/maven2/org/springframework/batch/spring-batch-bom/5.2.6/spring-batch-bom-5.2.6.pom
2026-06-10 15:32:01,944 [Worker-48: Building] INFO  o.e.m.c.i.e.AbstractTransferListenerAdapter - Downloaded https://repo.maven.apache.org/maven2/org/springframework/batch/spring-batch-bom/5.2.6/spring-batch-bom-5.2.6.pom
2026-06-10 15:32:02,048 [Worker-48: Building] INFO  o.e.m.c.i.e.AbstractTransferListenerAdapter - Downloading https://repo.maven.apache.org/maven2/org/springframework/data/spring-data-bom/2025.0.12/spring-data-bom-2025.0.12.pom
2026-06-10 15:32:02,049 [Worker-48: Building] INFO  o.e.m.c.i.e.AbstractTransferListenerAdapter - Downloaded https://repo.maven.apache.org/maven2/org/springframework/data/spring-data-bom/2025.0.12/spring-data-bom-2025.0.12.pom
2026-06-10 15:32:02,144 [Worker-48: Building] INFO  o.e.m.c.i.e.AbstractTransferListenerAdapter - Downloading https://repo.maven.apache.org/maven2/org/springframework/spring-framework-bom/6.2.19/spring-framework-bom-6.2.19.pom
2026-06-10 15:32:02,146 [Worker-48: Building] INFO  o.e.m.c.i.e.AbstractTransferListenerAdapter - Downloaded https://repo.maven.apache.org/maven2/org/springframework/spring-framework-bom/6.2.19/spring-framework-bom-6.2.19.pom
2026-06-10 15:32:02,259 [Worker-48: Building] INFO  o.e.m.c.i.e.AbstractTransferListenerAdapter - Downloading https://repo.maven.apache.org/maven2/org/springframework/integration/spring-integration-bom/6.5.9/spring-integration-bom-6.5.9.pom
2026-06-10 15:32:02,260 [Worker-48: Building] INFO  o.e.m.c.i.e.AbstractTransferListenerAdapter - Downloaded https://repo.maven.apache.org/maven2/org/springframework/integration/spring-integration-bom/6.5.9/spring-integration-bom-6.5.9.pom
2026-06-10 15:32:02,357 [Worker-48: Building] INFO  o.e.m.c.i.e.AbstractTransferListenerAdapter - Downloading https://repo.maven.apache.org/maven2/org/springframework/pulsar/spring-pulsar-bom/1.2.18/spring-pulsar-bom-1.2.18.pom
2026-06-10 15:32:02,358 [Worker-48: Building] INFO  o.e.m.c.i.e.AbstractTransferListenerAdapter - Downloaded https://repo.maven.apache.org/maven2/org/springframework/pulsar/spring-pulsar-bom/1.2.18/spring-pulsar-bom-1.2.18.pom
2026-06-10 15:32:02,463 [Worker-48: Building] INFO  o.e.m.c.i.e.AbstractTransferListenerAdapter - Downloading https://repo.maven.apache.org/maven2/org/springframework/restdocs/spring-restdocs-bom/3.0.6/spring-restdocs-bom-3.0.6.pom
2026-06-10 15:32:02,465 [Worker-48: Building] INFO  o.e.m.c.i.e.AbstractTransferListenerAdapter - Downloaded https://repo.maven.apache.org/maven2/org/springframework/restdocs/spring-restdocs-bom/3.0.6/spring-restdocs-bom-3.0.6.pom
2026-06-10 15:32:02,560 [Worker-48: Building] INFO  o.e.m.c.i.e.AbstractTransferListenerAdapter - Downloading https://repo.maven.apache.org/maven2/org/springframework/security/spring-security-bom/6.5.11/spring-security-bom-6.5.11.pom
2026-06-10 15:32:02,562 [Worker-48: Building] INFO  o.e.m.c.i.e.AbstractTransferListenerAdapter - Downloaded https://repo.maven.apache.org/maven2/org/springframework/security/spring-security-bom/6.5.11/spring-security-bom-6.5.11.pom
2026-06-10 15:32:02,655 [Worker-48: Building] INFO  o.e.m.c.i.e.AbstractTransferListenerAdapter - Downloading https://repo.maven.apache.org/maven2/org/springframework/session/spring-session-bom/3.5.7/spring-session-bom-3.5.7.pom
2026-06-10 15:32:02,657 [Worker-48: Building] INFO  o.e.m.c.i.e.AbstractTransferListenerAdapter - Downloaded https://repo.maven.apache.org/maven2/org/springframework/session/spring-session-bom/3.5.7/spring-session-bom-3.5.7.pom
2026-06-10 15:32:02,752 [Worker-48: Building] INFO  o.e.m.c.i.e.AbstractTransferListenerAdapter - Downloading https://repo.maven.apache.org/maven2/org/springframework/ws/spring-ws-bom/4.1.4/spring-ws-bom-4.1.4.pom
2026-06-10 15:32:02,753 [Worker-48: Building] INFO  o.e.m.c.i.e.AbstractTransferListenerAdapter - Downloaded https://repo.maven.apache.org/maven2/org/springframework/ws/spring-ws-bom/4.1.4/spring-ws-bom-4.1.4.pom
2026-06-10 15:32:03,003 [Worker-48: Building] INFO  o.e.m.c.i.e.AbstractTransferListenerAdapter - Downloading https://repo.maven.apache.org/maven2/org/springframework/boot/spring-boot-starter-web/3.5.15/spring-boot-starter-web-3.5.15.pom
2026-06-10 15:32:03,004 [Worker-48: Building] INFO  o.e.m.c.i.e.AbstractTransferListenerAdapter - Downloaded https://repo.maven.apache.org/maven2/org/springframework/boot/spring-boot-starter-web/3.5.15/spring-boot-starter-web-3.5.15.pom
2026-06-10 15:32:03,101 [Worker-48: Building] INFO  o.e.m.c.i.e.AbstractTransferListenerAdapter - Downloading https://repo.maven.apache.org/maven2/org/springframework/boot/spring-boot-starter/3.5.15/spring-boot-starter-3.5.15.pom
2026-06-10 15:32:03,102 [Worker-48: Building] INFO  o.e.m.c.i.e.AbstractTransferListenerAdapter - Downloaded https://repo.maven.apache.org/maven2/org/springframework/boot/spring-boot-starter/3.5.15/spring-boot-starter-3.5.15.pom
2026-06-10 15:32:03,194 [Worker-48: Building] INFO  o.e.m.c.i.e.AbstractTransferListenerAdapter - Downloading https://repo.maven.apache.org/maven2/org/springframework/boot/spring-boot/3.5.15/spring-boot-3.5.15.pom
2026-06-10 15:32:03,195 [Worker-48: Building] INFO  o.e.m.c.i.e.AbstractTransferListenerAdapter - Downloaded https://repo.maven.apache.org/maven2/org/springframework/boot/spring-boot/3.5.15/spring-boot-3.5.15.pom
2026-06-10 15:32:03,284 [Worker-48: Building] INFO  o.e.m.c.i.e.AbstractTransferListenerAdapter - Downloading https://repo.maven.apache.org/maven2/org/springframework/spring-core/6.2.19/spring-core-6.2.19.pom
2026-06-10 15:32:03,285 [Worker-48: Building] INFO  o.e.m.c.i.e.AbstractTransferListenerAdapter - Downloaded https://repo.maven.apache.org/maven2/org/springframework/spring-core/6.2.19/spring-core-6.2.19.pom
2026-06-10 15:32:03,395 [Worker-48: Building] INFO  o.e.m.c.i.e.AbstractTransferListenerAdapter - Downloading https://repo.maven.apache.org/maven2/org/springframework/spring-jcl/6.2.19/spring-jcl-6.2.19.pom
2026-06-10 15:32:03,398 [Worker-48: Building] INFO  o.e.m.c.i.e.AbstractTransferListenerAdapter - Downloaded https://repo.maven.apache.org/maven2/org/springframework/spring-jcl/6.2.19/spring-jcl-6.2.19.pom
2026-06-10 15:32:03,501 [Worker-48: Building] INFO  o.e.m.c.i.e.AbstractTransferListenerAdapter - Downloading https://repo.maven.apache.org/maven2/org/springframework/spring-context/6.2.19/spring-context-6.2.19.pom
2026-06-10 15:32:03,504 [Worker-48: Building] INFO  o.e.m.c.i.e.AbstractTransferListenerAdapter - Downloaded https://repo.maven.apache.org/maven2/org/springframework/spring-context/6.2.19/spring-context-6.2.19.pom
2026-06-10 15:32:03,598 [Worker-48: Building] INFO  o.e.m.c.i.e.AbstractTransferListenerAdapter - Downloading https://repo.maven.apache.org/maven2/org/springframework/spring-aop/6.2.19/spring-aop-6.2.19.pom
2026-06-10 15:32:03,602 [Worker-48: Building] INFO  o.e.m.c.i.e.AbstractTransferListenerAdapter - Downloaded https://repo.maven.apache.org/maven2/org/springframework/spring-aop/6.2.19/spring-aop-6.2.19.pom
2026-06-10 15:32:03,704 [Worker-48: Building] INFO  o.e.m.c.i.e.AbstractTransferListenerAdapter - Downloading https://repo.maven.apache.org/maven2/org/springframework/spring-beans/6.2.19/spring-beans-6.2.19.pom
2026-06-10 15:32:03,707 [Worker-48: Building] INFO  o.e.m.c.i.e.AbstractTransferListenerAdapter - Downloaded https://repo.maven.apache.org/maven2/org/springframework/spring-beans/6.2.19/spring-beans-6.2.19.pom
2026-06-10 15:32:03,808 [Worker-48: Building] INFO  o.e.m.c.i.e.AbstractTransferListenerAdapter - Downloading https://repo.maven.apache.org/maven2/org/springframework/spring-expression/6.2.19/spring-expression-6.2.19.pom
2026-06-10 15:32:03,810 [Worker-48: Building] INFO  o.e.m.c.i.e.AbstractTransferListenerAdapter - Downloaded https://repo.maven.apache.org/maven2/org/springframework/spring-expression/6.2.19/spring-expression-6.2.19.pom
2026-06-10 15:32:03,913 [Worker-48: Building] INFO  o.e.m.c.i.e.AbstractTransferListenerAdapter - Downloading https://repo.maven.apache.org/maven2/io/micrometer/micrometer-observation/1.15.12/micrometer-observation-1.15.12.pom
2026-06-10 15:32:03,916 [Worker-48: Building] INFO  o.e.m.c.i.e.AbstractTransferListenerAdapter - Downloaded https://repo.maven.apache.org/maven2/io/micrometer/micrometer-observation/1.15.12/micrometer-observation-1.15.12.pom
2026-06-10 15:32:04,014 [Worker-48: Building] INFO  o.e.m.c.i.e.AbstractTransferListenerAdapter - Downloading https://repo.maven.apache.org/maven2/io/micrometer/micrometer-commons/1.15.12/micrometer-commons-1.15.12.pom
2026-06-10 15:32:04,018 [Worker-48: Building] INFO  o.e.m.c.i.e.AbstractTransferListenerAdapter - Downloaded https://repo.maven.apache.org/maven2/io/micrometer/micrometer-commons/1.15.12/micrometer-commons-1.15.12.pom
2026-06-10 15:32:04,114 [Worker-48: Building] INFO  o.e.m.c.i.e.AbstractTransferListenerAdapter - Downloading https://repo.maven.apache.org/maven2/org/springframework/boot/spring-boot-autoconfigure/3.5.15/spring-boot-autoconfigure-3.5.15.pom
2026-06-10 15:32:04,115 [Worker-48: Building] INFO  o.e.m.c.i.e.AbstractTransferListenerAdapter - Downloaded https://repo.maven.apache.org/maven2/org/springframework/boot/spring-boot-autoconfigure/3.5.15/spring-boot-autoconfigure-3.5.15.pom
2026-06-10 15:32:04,211 [Worker-48: Building] INFO  o.e.m.c.i.e.AbstractTransferListenerAdapter - Downloading https://repo.maven.apache.org/maven2/org/springframework/boot/spring-boot-starter-logging/3.5.15/spring-boot-starter-logging-3.5.15.pom
2026-06-10 15:32:04,213 [Worker-48: Building] INFO  o.e.m.c.i.e.AbstractTransferListenerAdapter - Downloaded https://repo.maven.apache.org/maven2/org/springframework/boot/spring-boot-starter-logging/3.5.15/spring-boot-starter-logging-3.5.15.pom
2026-06-10 15:32:04,320 [Worker-48: Building] INFO  o.e.m.c.i.e.AbstractTransferListenerAdapter - Downloading https://repo.maven.apache.org/maven2/ch/qos/logback/logback-classic/1.5.34/logback-classic-1.5.34.pom
2026-06-10 15:32:04,321 [Worker-48: Building] INFO  o.e.m.c.i.e.AbstractTransferListenerAdapter - Downloaded https://repo.maven.apache.org/maven2/ch/qos/logback/logback-classic/1.5.34/logback-classic-1.5.34.pom
2026-06-10 15:32:04,437 [Worker-48: Building] INFO  o.e.m.c.i.e.AbstractTransferListenerAdapter - Downloading https://repo.maven.apache.org/maven2/ch/qos/logback/logback-parent/1.5.34/logback-parent-1.5.34.pom
2026-06-10 15:32:04,438 [Worker-48: Building] INFO  o.e.m.c.i.e.AbstractTransferListenerAdapter - Downloaded https://repo.maven.apache.org/maven2/ch/qos/logback/logback-parent/1.5.34/logback-parent-1.5.34.pom
2026-06-10 15:32:04,533 [Worker-48: Building] INFO  o.e.m.c.i.e.AbstractTransferListenerAdapter - Downloading https://repo.maven.apache.org/maven2/ch/qos/logback/logback-core/1.5.34/logback-core-1.5.34.pom
2026-06-10 15:32:04,534 [Worker-48: Building] INFO  o.e.m.c.i.e.AbstractTransferListenerAdapter - Downloaded https://repo.maven.apache.org/maven2/ch/qos/logback/logback-core/1.5.34/logback-core-1.5.34.pom
2026-06-10 15:32:04,648 [Worker-48: Building] INFO  o.e.m.c.i.e.AbstractTransferListenerAdapter - Downloading https://repo.maven.apache.org/maven2/org/slf4j/slf4j-api/2.0.18/slf4j-api-2.0.18.pom
2026-06-10 15:32:04,649 [Worker-48: Building] INFO  o.e.m.c.i.e.AbstractTransferListenerAdapter - Downloaded https://repo.maven.apache.org/maven2/org/slf4j/slf4j-api/2.0.18/slf4j-api-2.0.18.pom
2026-06-10 15:32:04,751 [Worker-48: Building] INFO  o.e.m.c.i.e.AbstractTransferListenerAdapter - Downloading https://repo.maven.apache.org/maven2/org/slf4j/slf4j-parent/2.0.18/slf4j-parent-2.0.18.pom
2026-06-10 15:32:04,751 [Worker-48: Building] INFO  o.e.m.c.i.e.AbstractTransferListenerAdapter - Downloaded https://repo.maven.apache.org/maven2/org/slf4j/slf4j-parent/2.0.18/slf4j-parent-2.0.18.pom
2026-06-10 15:32:04,903 [Worker-48: Building] INFO  o.e.m.c.i.e.AbstractTransferListenerAdapter - Downloading https://repo.maven.apache.org/maven2/org/slf4j/slf4j-bom/2.0.18/slf4j-bom-2.0.18.pom
2026-06-10 15:32:04,904 [Worker-48: Building] INFO  o.e.m.c.i.e.AbstractTransferListenerAdapter - Downloaded https://repo.maven.apache.org/maven2/org/slf4j/slf4j-bom/2.0.18/slf4j-bom-2.0.18.pom
2026-06-10 15:32:05,098 [Worker-48: Building] INFO  o.e.m.c.i.e.AbstractTransferListenerAdapter - Downloading https://repo.maven.apache.org/maven2/org/slf4j/jul-to-slf4j/2.0.18/jul-to-slf4j-2.0.18.pom
2026-06-10 15:32:05,098 [Worker-48: Building] INFO  o.e.m.c.i.e.AbstractTransferListenerAdapter - Downloaded https://repo.maven.apache.org/maven2/org/slf4j/jul-to-slf4j/2.0.18/jul-to-slf4j-2.0.18.pom
2026-06-10 15:32:05,190 [Worker-48: Building] INFO  o.e.m.c.i.e.AbstractTransferListenerAdapter - Downloading https://repo.maven.apache.org/maven2/org/springframework/boot/spring-boot-starter-json/3.5.15/spring-boot-starter-json-3.5.15.pom
2026-06-10 15:32:05,191 [Worker-48: Building] INFO  o.e.m.c.i.e.AbstractTransferListenerAdapter - Downloaded https://repo.maven.apache.org/maven2/org/springframework/boot/spring-boot-starter-json/3.5.15/spring-boot-starter-json-3.5.15.pom
2026-06-10 15:32:05,330 [Worker-48: Building] INFO  o.e.m.c.i.e.AbstractTransferListenerAdapter - Downloading https://repo.maven.apache.org/maven2/org/springframework/spring-web/6.2.19/spring-web-6.2.19.pom
2026-06-10 15:32:05,334 [Worker-48: Building] INFO  o.e.m.c.i.e.AbstractTransferListenerAdapter - Downloaded https://repo.maven.apache.org/maven2/org/springframework/spring-web/6.2.19/spring-web-6.2.19.pom
2026-06-10 15:32:05,582 [Worker-48: Building] INFO  o.e.m.c.i.e.AbstractTransferListenerAdapter - Downloading https://repo.maven.apache.org/maven2/com/fasterxml/jackson/core/jackson-databind/2.21.4/jackson-databind-2.21.4.pom
2026-06-10 15:32:05,584 [Worker-48: Building] INFO  o.e.m.c.i.e.AbstractTransferListenerAdapter - Downloaded https://repo.maven.apache.org/maven2/com/fasterxml/jackson/core/jackson-databind/2.21.4/jackson-databind-2.21.4.pom
2026-06-10 15:32:05,701 [Worker-48: Building] INFO  o.e.m.c.i.e.AbstractTransferListenerAdapter - Downloading https://repo.maven.apache.org/maven2/com/fasterxml/jackson/jackson-base/2.21.4/jackson-base-2.21.4.pom
2026-06-10 15:32:05,704 [Worker-48: Building] INFO  o.e.m.c.i.e.AbstractTransferListenerAdapter - Downloaded https://repo.maven.apache.org/maven2/com/fasterxml/jackson/jackson-base/2.21.4/jackson-base-2.21.4.pom
2026-06-10 15:32:05,855 [Worker-48: Building] INFO  o.e.m.c.i.e.AbstractTransferListenerAdapter - Downloading https://repo.maven.apache.org/maven2/com/fasterxml/jackson/core/jackson-core/2.21.4/jackson-core-2.21.4.pom
2026-06-10 15:32:05,858 [Worker-48: Building] INFO  o.e.m.c.i.e.AbstractTransferListenerAdapter - Downloaded https://repo.maven.apache.org/maven2/com/fasterxml/jackson/core/jackson-core/2.21.4/jackson-core-2.21.4.pom
2026-06-10 15:32:05,969 [Worker-48: Building] INFO  o.e.m.c.i.e.AbstractTransferListenerAdapter - Downloading https://repo.maven.apache.org/maven2/com/fasterxml/jackson/datatype/jackson-datatype-jdk8/2.21.4/jackson-datatype-jdk8-2.21.4.pom
2026-06-10 15:32:05,971 [Worker-48: Building] INFO  o.e.m.c.i.e.AbstractTransferListenerAdapter - Downloaded https://repo.maven.apache.org/maven2/com/fasterxml/jackson/datatype/jackson-datatype-jdk8/2.21.4/jackson-datatype-jdk8-2.21.4.pom
2026-06-10 15:32:06,079 [Worker-48: Building] INFO  o.e.m.c.i.e.AbstractTransferListenerAdapter - Downloading https://repo.maven.apache.org/maven2/com/fasterxml/jackson/module/jackson-modules-java8/2.21.4/jackson-modules-java8-2.21.4.pom
2026-06-10 15:32:06,080 [Worker-48: Building] INFO  o.e.m.c.i.e.AbstractTransferListenerAdapter - Downloaded https://repo.maven.apache.org/maven2/com/fasterxml/jackson/module/jackson-modules-java8/2.21.4/jackson-modules-java8-2.21.4.pom
2026-06-10 15:32:06,179 [Worker-48: Building] INFO  o.e.m.c.i.e.AbstractTransferListenerAdapter - Downloading https://repo.maven.apache.org/maven2/com/fasterxml/jackson/datatype/jackson-datatype-jsr310/2.21.4/jackson-datatype-jsr310-2.21.4.pom
2026-06-10 15:32:06,181 [Worker-48: Building] INFO  o.e.m.c.i.e.AbstractTransferListenerAdapter - Downloaded https://repo.maven.apache.org/maven2/com/fasterxml/jackson/datatype/jackson-datatype-jsr310/2.21.4/jackson-datatype-jsr310-2.21.4.pom
2026-06-10 15:32:06,276 [Worker-48: Building] INFO  o.e.m.c.i.e.AbstractTransferListenerAdapter - Downloading https://repo.maven.apache.org/maven2/com/fasterxml/jackson/module/jackson-module-parameter-names/2.21.4/jackson-module-parameter-names-2.21.4.pom
2026-06-10 15:32:06,278 [Worker-48: Building] INFO  o.e.m.c.i.e.AbstractTransferListenerAdapter - Downloaded https://repo.maven.apache.org/maven2/com/fasterxml/jackson/module/jackson-module-parameter-names/2.21.4/jackson-module-parameter-names-2.21.4.pom
2026-06-10 15:32:06,372 [Worker-48: Building] INFO  o.e.m.c.i.e.AbstractTransferListenerAdapter - Downloading https://repo.maven.apache.org/maven2/org/springframework/boot/spring-boot-starter-tomcat/3.5.15/spring-boot-starter-tomcat-3.5.15.pom
2026-06-10 15:32:06,374 [Worker-48: Building] INFO  o.e.m.c.i.e.AbstractTransferListenerAdapter - Downloaded https://repo.maven.apache.org/maven2/org/springframework/boot/spring-boot-starter-tomcat/3.5.15/spring-boot-starter-tomcat-3.5.15.pom
2026-06-10 15:32:06,468 [Worker-48: Building] INFO  o.e.m.c.i.e.AbstractTransferListenerAdapter - Downloading https://repo.maven.apache.org/maven2/org/apache/tomcat/embed/tomcat-embed-core/10.1.55/tomcat-embed-core-10.1.55.pom
2026-06-10 15:32:06,471 [Worker-48: Building] INFO  o.e.m.c.i.e.AbstractTransferListenerAdapter - Downloaded https://repo.maven.apache.org/maven2/org/apache/tomcat/embed/tomcat-embed-core/10.1.55/tomcat-embed-core-10.1.55.pom
2026-06-10 15:32:06,570 [Worker-48: Building] INFO  o.e.m.c.i.e.AbstractTransferListenerAdapter - Downloading https://repo.maven.apache.org/maven2/org/apache/tomcat/embed/tomcat-embed-el/10.1.55/tomcat-embed-el-10.1.55.pom
2026-06-10 15:32:06,571 [Worker-48: Building] INFO  o.e.m.c.i.e.AbstractTransferListenerAdapter - Downloaded https://repo.maven.apache.org/maven2/org/apache/tomcat/embed/tomcat-embed-el/10.1.55/tomcat-embed-el-10.1.55.pom
2026-06-10 15:32:06,667 [Worker-48: Building] INFO  o.e.m.c.i.e.AbstractTransferListenerAdapter - Downloading https://repo.maven.apache.org/maven2/org/apache/tomcat/embed/tomcat-embed-websocket/10.1.55/tomcat-embed-websocket-10.1.55.pom
2026-06-10 15:32:06,668 [Worker-48: Building] INFO  o.e.m.c.i.e.AbstractTransferListenerAdapter - Downloaded https://repo.maven.apache.org/maven2/org/apache/tomcat/embed/tomcat-embed-websocket/10.1.55/tomcat-embed-websocket-10.1.55.pom
2026-06-10 15:32:06,770 [Worker-48: Building] INFO  o.e.m.c.i.e.AbstractTransferListenerAdapter - Downloading https://repo.maven.apache.org/maven2/org/springframework/spring-webmvc/6.2.19/spring-webmvc-6.2.19.pom
2026-06-10 15:32:06,771 [Worker-48: Building] INFO  o.e.m.c.i.e.AbstractTransferListenerAdapter - Downloaded https://repo.maven.apache.org/maven2/org/springframework/spring-webmvc/6.2.19/spring-webmvc-6.2.19.pom
2026-06-10 15:32:06,873 [Worker-48: Building] INFO  o.e.m.c.i.e.AbstractTransferListenerAdapter - Downloading https://repo.maven.apache.org/maven2/org/springframework/boot/spring-boot-starter-web/3.5.15/spring-boot-starter-web-3.5.15.jar
2026-06-10 15:32:06,874 [Worker-48: Building] INFO  o.e.m.c.i.e.AbstractTransferListenerAdapter - Downloaded https://repo.maven.apache.org/maven2/org/springframework/boot/spring-boot-starter-web/3.5.15/spring-boot-starter-web-3.5.15.jar
2026-06-10 15:32:06,971 [BasicRepositoryConnector-repo.maven.apache.org-1-0] INFO  o.e.m.c.i.e.AbstractTransferListenerAdapter - Downloading https://repo.maven.apache.org/maven2/org/springframework/boot/spring-boot-starter/3.5.15/spring-boot-starter-3.5.15.jar
2026-06-10 15:32:06,972 [BasicRepositoryConnector-repo.maven.apache.org-1-0] INFO  o.e.m.c.i.e.AbstractTransferListenerAdapter - Downloaded https://repo.maven.apache.org/maven2/org/springframework/boot/spring-boot-starter/3.5.15/spring-boot-starter-3.5.15.jar
2026-06-10 15:32:07,068 [BasicRepositoryConnector-repo.maven.apache.org-1-0] INFO  o.e.m.c.i.e.AbstractTransferListenerAdapter - Downloading https://repo.maven.apache.org/maven2/ch/qos/logback/logback-core/1.5.34/logback-core-1.5.34.jar
2026-06-10 15:32:07,128 [BasicRepositoryConnector-repo.maven.apache.org-1-2] INFO  o.e.m.c.i.e.AbstractTransferListenerAdapter - Downloading https://repo.maven.apache.org/maven2/org/springframework/boot/spring-boot-autoconfigure/3.5.15/spring-boot-autoconfigure-3.5.15.jar
2026-06-10 15:32:07,133 [BasicRepositoryConnector-repo.maven.apache.org-1-1] INFO  o.e.m.c.i.e.AbstractTransferListenerAdapter - Downloading https://repo.maven.apache.org/maven2/org/springframework/boot/spring-boot/3.5.15/spring-boot-3.5.15.jar
2026-06-10 15:32:07,141 [BasicRepositoryConnector-repo.maven.apache.org-1-3] INFO  o.e.m.c.i.e.AbstractTransferListenerAdapter - Downloading https://repo.maven.apache.org/maven2/org/springframework/boot/spring-boot-starter-logging/3.5.15/spring-boot-starter-logging-3.5.15.jar
2026-06-10 15:32:07,142 [BasicRepositoryConnector-repo.maven.apache.org-1-3] INFO  o.e.m.c.i.e.AbstractTransferListenerAdapter - Downloaded https://repo.maven.apache.org/maven2/org/springframework/boot/spring-boot-starter-logging/3.5.15/spring-boot-starter-logging-3.5.15.jar
2026-06-10 15:32:07,182 [BasicRepositoryConnector-repo.maven.apache.org-1-4] INFO  o.e.m.c.i.e.AbstractTransferListenerAdapter - Downloading https://repo.maven.apache.org/maven2/ch/qos/logback/logback-classic/1.5.34/logback-classic-1.5.34.jar
2026-06-10 15:32:07,246 [BasicRepositoryConnector-repo.maven.apache.org-1-3] INFO  o.e.m.c.i.e.AbstractTransferListenerAdapter - Downloading https://repo.maven.apache.org/maven2/org/slf4j/slf4j-api/2.0.18/slf4j-api-2.0.18.jar
2026-06-10 15:32:07,269 [BasicRepositoryConnector-repo.maven.apache.org-1-3] INFO  o.e.m.c.i.e.AbstractTransferListenerAdapter - Downloaded https://repo.maven.apache.org/maven2/org/slf4j/slf4j-api/2.0.18/slf4j-api-2.0.18.jar
2026-06-10 15:32:07,327 [BasicRepositoryConnector-repo.maven.apache.org-1-0] INFO  o.e.m.c.i.e.AbstractTransferListenerAdapter - Downloaded https://repo.maven.apache.org/maven2/ch/qos/logback/logback-core/1.5.34/logback-core-1.5.34.jar
2026-06-10 15:32:07,374 [BasicRepositoryConnector-repo.maven.apache.org-1-3] INFO  o.e.m.c.i.e.AbstractTransferListenerAdapter - Downloading https://repo.maven.apache.org/maven2/org/slf4j/jul-to-slf4j/2.0.18/jul-to-slf4j-2.0.18.jar
2026-06-10 15:32:07,376 [BasicRepositoryConnector-repo.maven.apache.org-1-3] INFO  o.e.m.c.i.e.AbstractTransferListenerAdapter - Downloaded https://repo.maven.apache.org/maven2/org/slf4j/jul-to-slf4j/2.0.18/jul-to-slf4j-2.0.18.jar
2026-06-10 15:32:07,395 [BasicRepositoryConnector-repo.maven.apache.org-1-4] INFO  o.e.m.c.i.e.AbstractTransferListenerAdapter - Downloaded https://repo.maven.apache.org/maven2/ch/qos/logback/logback-classic/1.5.34/logback-classic-1.5.34.jar
2026-06-10 15:32:07,422 [BasicRepositoryConnector-repo.maven.apache.org-1-0] INFO  o.e.m.c.i.e.AbstractTransferListenerAdapter - Downloading https://repo.maven.apache.org/maven2/org/springframework/spring-core/6.2.19/spring-core-6.2.19.jar
2026-06-10 15:32:07,536 [BasicRepositoryConnector-repo.maven.apache.org-1-3] INFO  o.e.m.c.i.e.AbstractTransferListenerAdapter - Downloading https://repo.maven.apache.org/maven2/org/springframework/spring-jcl/6.2.19/spring-jcl-6.2.19.jar
2026-06-10 15:32:07,550 [BasicRepositoryConnector-repo.maven.apache.org-1-3] INFO  o.e.m.c.i.e.AbstractTransferListenerAdapter - Downloaded https://repo.maven.apache.org/maven2/org/springframework/spring-jcl/6.2.19/spring-jcl-6.2.19.jar
2026-06-10 15:32:07,592 [BasicRepositoryConnector-repo.maven.apache.org-1-4] INFO  o.e.m.c.i.e.AbstractTransferListenerAdapter - Downloading https://repo.maven.apache.org/maven2/org/springframework/boot/spring-boot-starter-json/3.5.15/spring-boot-starter-json-3.5.15.jar
2026-06-10 15:32:07,593 [BasicRepositoryConnector-repo.maven.apache.org-1-2] INFO  o.e.m.c.i.e.AbstractTransferListenerAdapter - Downloaded https://repo.maven.apache.org/maven2/org/springframework/boot/spring-boot-autoconfigure/3.5.15/spring-boot-autoconfigure-3.5.15.jar
2026-06-10 15:32:07,594 [BasicRepositoryConnector-repo.maven.apache.org-1-4] INFO  o.e.m.c.i.e.AbstractTransferListenerAdapter - Downloaded https://repo.maven.apache.org/maven2/org/springframework/boot/spring-boot-starter-json/3.5.15/spring-boot-starter-json-3.5.15.jar
2026-06-10 15:32:07,650 [BasicRepositoryConnector-repo.maven.apache.org-1-1] INFO  o.e.m.c.i.e.AbstractTransferListenerAdapter - Downloaded https://repo.maven.apache.org/maven2/org/springframework/boot/spring-boot/3.5.15/spring-boot-3.5.15.jar
2026-06-10 15:32:07,676 [BasicRepositoryConnector-repo.maven.apache.org-1-3] INFO  o.e.m.c.i.e.AbstractTransferListenerAdapter - Downloading https://repo.maven.apache.org/maven2/com/fasterxml/jackson/core/jackson-databind/2.21.4/jackson-databind-2.21.4.jar
2026-06-10 15:32:07,692 [BasicRepositoryConnector-repo.maven.apache.org-1-4] INFO  o.e.m.c.i.e.AbstractTransferListenerAdapter - Downloading https://repo.maven.apache.org/maven2/com/fasterxml/jackson/datatype/jackson-datatype-jdk8/2.21.4/jackson-datatype-jdk8-2.21.4.jar
2026-06-10 15:32:07,696 [BasicRepositoryConnector-repo.maven.apache.org-1-4] INFO  o.e.m.c.i.e.AbstractTransferListenerAdapter - Downloaded https://repo.maven.apache.org/maven2/com/fasterxml/jackson/datatype/jackson-datatype-jdk8/2.21.4/jackson-datatype-jdk8-2.21.4.jar
2026-06-10 15:32:07,704 [BasicRepositoryConnector-repo.maven.apache.org-1-0] INFO  o.e.m.c.i.e.AbstractTransferListenerAdapter - Downloaded https://repo.maven.apache.org/maven2/org/springframework/spring-core/6.2.19/spring-core-6.2.19.jar
2026-06-10 15:32:07,708 [BasicRepositoryConnector-repo.maven.apache.org-1-2] INFO  o.e.m.c.i.e.AbstractTransferListenerAdapter - Downloading https://repo.maven.apache.org/maven2/com/fasterxml/jackson/core/jackson-core/2.21.4/jackson-core-2.21.4.jar
2026-06-10 15:32:07,774 [BasicRepositoryConnector-repo.maven.apache.org-1-1] INFO  o.e.m.c.i.e.AbstractTransferListenerAdapter - Downloading https://repo.maven.apache.org/maven2/com/fasterxml/jackson/datatype/jackson-datatype-jsr310/2.21.4/jackson-datatype-jsr310-2.21.4.jar
2026-06-10 15:32:07,783 [BasicRepositoryConnector-repo.maven.apache.org-1-1] INFO  o.e.m.c.i.e.AbstractTransferListenerAdapter - Downloaded https://repo.maven.apache.org/maven2/com/fasterxml/jackson/datatype/jackson-datatype-jsr310/2.21.4/jackson-datatype-jsr310-2.21.4.jar
2026-06-10 15:32:07,792 [BasicRepositoryConnector-repo.maven.apache.org-1-4] INFO  o.e.m.c.i.e.AbstractTransferListenerAdapter - Downloading https://repo.maven.apache.org/maven2/com/fasterxml/jackson/module/jackson-module-parameter-names/2.21.4/jackson-module-parameter-names-2.21.4.jar
2026-06-10 15:32:07,793 [BasicRepositoryConnector-repo.maven.apache.org-1-4] INFO  o.e.m.c.i.e.AbstractTransferListenerAdapter - Downloaded https://repo.maven.apache.org/maven2/com/fasterxml/jackson/module/jackson-module-parameter-names/2.21.4/jackson-module-parameter-names-2.21.4.jar
2026-06-10 15:32:07,793 [BasicRepositoryConnector-repo.maven.apache.org-1-0] INFO  o.e.m.c.i.e.AbstractTransferListenerAdapter - Downloading https://repo.maven.apache.org/maven2/org/springframework/boot/spring-boot-starter-tomcat/3.5.15/spring-boot-starter-tomcat-3.5.15.jar
2026-06-10 15:32:07,794 [BasicRepositoryConnector-repo.maven.apache.org-1-0] INFO  o.e.m.c.i.e.AbstractTransferListenerAdapter - Downloaded https://repo.maven.apache.org/maven2/org/springframework/boot/spring-boot-starter-tomcat/3.5.15/spring-boot-starter-tomcat-3.5.15.jar
2026-06-10 15:32:07,847 [BasicRepositoryConnector-repo.maven.apache.org-1-2] INFO  o.e.m.c.i.e.AbstractTransferListenerAdapter - Downloaded https://repo.maven.apache.org/maven2/com/fasterxml/jackson/core/jackson-core/2.21.4/jackson-core-2.21.4.jar
2026-06-10 15:32:07,887 [BasicRepositoryConnector-repo.maven.apache.org-1-0] INFO  o.e.m.c.i.e.AbstractTransferListenerAdapter - Downloading https://repo.maven.apache.org/maven2/org/apache/tomcat/embed/tomcat-embed-websocket/10.1.55/tomcat-embed-websocket-10.1.55.jar
2026-06-10 15:32:07,898 [BasicRepositoryConnector-repo.maven.apache.org-1-4] INFO  o.e.m.c.i.e.AbstractTransferListenerAdapter - Downloading https://repo.maven.apache.org/maven2/org/apache/tomcat/embed/tomcat-embed-el/10.1.55/tomcat-embed-el-10.1.55.jar
2026-06-10 15:32:07,910 [BasicRepositoryConnector-repo.maven.apache.org-1-1] INFO  o.e.m.c.i.e.AbstractTransferListenerAdapter - Downloading https://repo.maven.apache.org/maven2/org/apache/tomcat/embed/tomcat-embed-core/10.1.55/tomcat-embed-core-10.1.55.jar
2026-06-10 15:32:07,928 [BasicRepositoryConnector-repo.maven.apache.org-1-0] INFO  o.e.m.c.i.e.AbstractTransferListenerAdapter - Downloaded https://repo.maven.apache.org/maven2/org/apache/tomcat/embed/tomcat-embed-websocket/10.1.55/tomcat-embed-websocket-10.1.55.jar
2026-06-10 15:32:07,939 [BasicRepositoryConnector-repo.maven.apache.org-1-4] INFO  o.e.m.c.i.e.AbstractTransferListenerAdapter - Downloaded https://repo.maven.apache.org/maven2/org/apache/tomcat/embed/tomcat-embed-el/10.1.55/tomcat-embed-el-10.1.55.jar
2026-06-10 15:32:08,035 [BasicRepositoryConnector-repo.maven.apache.org-1-2] INFO  o.e.m.c.i.e.AbstractTransferListenerAdapter - Downloading https://repo.maven.apache.org/maven2/org/springframework/spring-web/6.2.19/spring-web-6.2.19.jar
2026-06-10 15:32:08,055 [BasicRepositoryConnector-repo.maven.apache.org-1-3] INFO  o.e.m.c.i.e.AbstractTransferListenerAdapter - Downloaded https://repo.maven.apache.org/maven2/com/fasterxml/jackson/core/jackson-databind/2.21.4/jackson-databind-2.21.4.jar
2026-06-10 15:32:08,110 [BasicRepositoryConnector-repo.maven.apache.org-1-0] INFO  o.e.m.c.i.e.AbstractTransferListenerAdapter - Downloading https://repo.maven.apache.org/maven2/org/springframework/spring-beans/6.2.19/spring-beans-6.2.19.jar
2026-06-10 15:32:08,113 [BasicRepositoryConnector-repo.maven.apache.org-1-4] INFO  o.e.m.c.i.e.AbstractTransferListenerAdapter - Downloading https://repo.maven.apache.org/maven2/io/micrometer/micrometer-observation/1.15.12/micrometer-observation-1.15.12.jar
2026-06-10 15:32:08,123 [BasicRepositoryConnector-repo.maven.apache.org-1-4] INFO  o.e.m.c.i.e.AbstractTransferListenerAdapter - Downloaded https://repo.maven.apache.org/maven2/io/micrometer/micrometer-observation/1.15.12/micrometer-observation-1.15.12.jar
2026-06-10 15:32:08,204 [BasicRepositoryConnector-repo.maven.apache.org-1-0] INFO  o.e.m.c.i.e.AbstractTransferListenerAdapter - Downloaded https://repo.maven.apache.org/maven2/org/springframework/spring-beans/6.2.19/spring-beans-6.2.19.jar
2026-06-10 15:32:08,303 [BasicRepositoryConnector-repo.maven.apache.org-1-3] INFO  o.e.m.c.i.e.AbstractTransferListenerAdapter - Downloading https://repo.maven.apache.org/maven2/io/micrometer/micrometer-commons/1.15.12/micrometer-commons-1.15.12.jar
2026-06-10 15:32:08,313 [BasicRepositoryConnector-repo.maven.apache.org-1-3] INFO  o.e.m.c.i.e.AbstractTransferListenerAdapter - Downloaded https://repo.maven.apache.org/maven2/io/micrometer/micrometer-commons/1.15.12/micrometer-commons-1.15.12.jar
2026-06-10 15:32:08,340 [BasicRepositoryConnector-repo.maven.apache.org-1-4] INFO  o.e.m.c.i.e.AbstractTransferListenerAdapter - Downloading https://repo.maven.apache.org/maven2/org/springframework/spring-webmvc/6.2.19/spring-webmvc-6.2.19.jar
2026-06-10 15:32:08,425 [BasicRepositoryConnector-repo.maven.apache.org-1-4] INFO  o.e.m.c.i.e.AbstractTransferListenerAdapter - Downloaded https://repo.maven.apache.org/maven2/org/springframework/spring-webmvc/6.2.19/spring-webmvc-6.2.19.jar
2026-06-10 15:32:08,448 [BasicRepositoryConnector-repo.maven.apache.org-1-0] INFO  o.e.m.c.i.e.AbstractTransferListenerAdapter - Downloading https://repo.maven.apache.org/maven2/org/springframework/spring-aop/6.2.19/spring-aop-6.2.19.jar
2026-06-10 15:32:08,475 [BasicRepositoryConnector-repo.maven.apache.org-1-1] INFO  o.e.m.c.i.e.AbstractTransferListenerAdapter - Downloaded https://repo.maven.apache.org/maven2/org/apache/tomcat/embed/tomcat-embed-core/10.1.55/tomcat-embed-core-10.1.55.jar
2026-06-10 15:32:08,487 [BasicRepositoryConnector-repo.maven.apache.org-1-0] INFO  o.e.m.c.i.e.AbstractTransferListenerAdapter - Downloaded https://repo.maven.apache.org/maven2/org/springframework/spring-aop/6.2.19/spring-aop-6.2.19.jar
2026-06-10 15:32:08,512 [BasicRepositoryConnector-repo.maven.apache.org-1-2] INFO  o.e.m.c.i.e.AbstractTransferListenerAdapter - Downloaded https://repo.maven.apache.org/maven2/org/springframework/spring-web/6.2.19/spring-web-6.2.19.jar
2026-06-10 15:32:08,513 [BasicRepositoryConnector-repo.maven.apache.org-1-3] INFO  o.e.m.c.i.e.AbstractTransferListenerAdapter - Downloading https://repo.maven.apache.org/maven2/org/springframework/spring-context/6.2.19/spring-context-6.2.19.jar
2026-06-10 15:32:08,579 [BasicRepositoryConnector-repo.maven.apache.org-1-4] INFO  o.e.m.c.i.e.AbstractTransferListenerAdapter - Downloading https://repo.maven.apache.org/maven2/org/springframework/spring-expression/6.2.19/spring-expression-6.2.19.jar
2026-06-10 15:32:08,600 [BasicRepositoryConnector-repo.maven.apache.org-1-4] INFO  o.e.m.c.i.e.AbstractTransferListenerAdapter - Downloaded https://repo.maven.apache.org/maven2/org/springframework/spring-expression/6.2.19/spring-expression-6.2.19.jar
2026-06-10 15:32:08,621 [BasicRepositoryConnector-repo.maven.apache.org-1-3] INFO  o.e.m.c.i.e.AbstractTransferListenerAdapter - Downloaded https://repo.maven.apache.org/maven2/org/springframework/spring-context/6.2.19/spring-context-6.2.19.jar
2026-06-10 15:32:08,846 [Worker-48: Building] INFO  o.e.m.c.i.e.AbstractTransferListenerAdapter - Downloading https://repo.maven.apache.org/maven2/org/springframework/boot/spring-boot-maven-plugin/3.5.15/spring-boot-maven-plugin-3.5.15.pom
2026-06-10 15:32:08,849 [Worker-48: Building] INFO  o.e.m.c.i.e.AbstractTransferListenerAdapter - Downloaded https://repo.maven.apache.org/maven2/org/springframework/boot/spring-boot-maven-plugin/3.5.15/spring-boot-maven-plugin-3.5.15.pom
2026-06-10 15:32:08,994 [Worker-48: Building] INFO  o.e.m.c.i.e.AbstractTransferListenerAdapter - Downloading https://repo.maven.apache.org/maven2/org/springframework/boot/spring-boot-maven-plugin/3.5.15/spring-boot-maven-plugin-3.5.15.jar
2026-06-10 15:32:09,003 [Worker-48: Building] INFO  o.e.m.c.i.e.AbstractTransferListenerAdapter - Downloaded https://repo.maven.apache.org/maven2/org/springframework/boot/spring-boot-maven-plugin/3.5.15/spring-boot-maven-plugin-3.5.15.jar
2026-06-10 15:32:09,164 [Worker-48: Building] INFO  o.e.m.c.i.e.AbstractTransferListenerAdapter - Downloading https://repo.maven.apache.org/maven2/org/apache/maven/plugins/maven-surefire-plugin/3.5.6/maven-surefire-plugin-3.5.6.jar
2026-06-10 15:32:09,169 [Worker-48: Building] INFO  o.e.m.c.i.e.AbstractTransferListenerAdapter - Downloaded https://repo.maven.apache.org/maven2/org/apache/maven/plugins/maven-surefire-plugin/3.5.6/maven-surefire-plugin-3.5.6.jar
2026-06-10 15:32:09,185 [Worker-48: Building] INFO  o.e.m.c.i.l.LifecycleMappingFactory - Using org.eclipse.m2e.jdt.JarLifecycleMapping lifecycle mapping for MavenProject: com.tugrupo:spring-boot-web:0.0.1-SNAPSHOT @ /Users/macbook/Documents/SpringBoot_SpringFramework/spring-boot-web/pom.xml.
2026-06-10 15:32:09,266 [Worker-48: Building] INFO  o.a.m.s.f.DefaultMavenResourcesFiltering - Copying 0 resource from src/main/resources to target/classes
2026-06-10 15:32:09,266 [Worker-48: Building] INFO  o.a.m.s.f.DefaultMavenResourcesFiltering - Copying 0 resource from src/main/resources to target/classes
2026-06-10 15:32:09,268 [Worker-48: Building] INFO  o.a.m.s.f.DefaultMavenResourcesFiltering - skip non existing resourceDirectory /Users/macbook/Documents/SpringBoot_SpringFramework/spring-boot-web/src/test/resources
2026-06-10 15:32:09,397 [Worker-48: Building] INFO  o.e.m.c.i.e.AbstractTransferListenerAdapter - Downloading https://repo.maven.apache.org/maven2/org/apache/maven/plugins/maven-surefire-plugin/3.5.6/maven-surefire-plugin-3.5.6.pom
2026-06-10 15:32:09,399 [Worker-48: Building] INFO  o.e.m.c.i.e.AbstractTransferListenerAdapter - Downloaded https://repo.maven.apache.org/maven2/org/apache/maven/plugins/maven-surefire-plugin/3.5.6/maven-surefire-plugin-3.5.6.pom
2026-06-10 15:32:09,553 [Worker-48: Building] INFO  o.e.m.c.i.e.AbstractTransferListenerAdapter - Downloading https://repo.maven.apache.org/maven2/org/apache/maven/surefire/surefire/3.5.6/surefire-3.5.6.pom
2026-06-10 15:32:09,558 [Worker-48: Building] INFO  o.e.m.c.i.e.AbstractTransferListenerAdapter - Downloaded https://repo.maven.apache.org/maven2/org/apache/maven/surefire/surefire/3.5.6/surefire-3.5.6.pom
2026-06-10 15:32:09,578 [Worker-48: Building] WARN  o.apache.maven.project.MavenProject - Plugin is modifying compileSourceRoots through clear(), which will not work in Maven 4.0.0. Use MavenProject.addCompileSourceRoot()/removeCompileSourceRoot() methods instead. If using a plugin, please upgrade to the latest version or report the issue to the plugin maintainer. To disable these warnings, set -Dmaven.project.sourceRoots.warningsDisabled=true on the command line, in the .mvn/maven.config file, or in project POM properties.
2026-06-10 15:32:09,579 [Worker-48: Building] WARN  o.apache.maven.project.MavenProject - Plugin is modifying compileSourceRoots through add(), which will not work in Maven 4.0.0. Use MavenProject.addCompileSourceRoot()/removeCompileSourceRoot() methods instead. If using a plugin, please upgrade to the latest version or report the issue to the plugin maintainer. To disable these warnings, set -Dmaven.project.sourceRoots.warningsDisabled=true on the command line, in the .mvn/maven.config file, or in project POM properties.
2026-06-10 15:32:09,579 [Worker-48: Building] WARN  o.apache.maven.project.MavenProject - Plugin is modifying testCompileSourceRoots through clear(), which will not work in Maven 4.0.0. Use MavenProject.addTestCompileSourceRoot()/removeTestCompileSourceRoot() methods instead. If using a plugin, please upgrade to the latest version or report the issue to the plugin maintainer. To disable these warnings, set -Dmaven.project.sourceRoots.warningsDisabled=true on the command line, in the .mvn/maven.config file, or in project POM properties.
2026-06-10 15:32:09,580 [Worker-48: Building] WARN  o.apache.maven.project.MavenProject - Plugin is modifying testCompileSourceRoots through add(), which will not work in Maven 4.0.0. Use MavenProject.addTestCompileSourceRoot()/removeTestCompileSourceRoot() methods instead. If using a plugin, please upgrade to the latest version or report the issue to the plugin maintainer. To disable these warnings, set -Dmaven.project.sourceRoots.warningsDisabled=true on the command line, in the .mvn/maven.config file, or in project POM properties.
2026-06-10 15:32:10,474 [Worker-49: Download sources and javadoc] INFO  o.e.m.c.i.e.AbstractTransferListenerAdapter - Downloading https://repo.maven.apache.org/maven2/org/springframework/boot/spring-boot-starter-web/3.5.15/spring-boot-starter-web-3.5.15-sources.jar
2026-06-10 15:32:10,475 [Worker-49: Download sources and javadoc] INFO  o.e.m.c.i.e.AbstractTransferListenerAdapter - Downloaded https://repo.maven.apache.org/maven2/org/springframework/boot/spring-boot-starter-web/3.5.15/spring-boot-starter-web-3.5.15-sources.jar
2026-06-10 15:32:10,476 [Worker-49: Download sources and javadoc] INFO  o.e.m.j.internal.DownloadSourcesJob - Downloaded sources for org.springframework.boot:spring-boot-starter-web:3.5.15
2026-06-10 15:32:10,670 [Worker-45: Building] INFO  o.a.m.s.f.DefaultMavenResourcesFiltering - Copying 1 resource from src/main/resources to target/classes
2026-06-10 15:32:10,678 [Worker-45: Building] INFO  o.a.m.s.f.DefaultMavenResourcesFiltering - Copying 0 resource from src/main/resources to target/classes
2026-06-10 15:32:10,679 [Worker-45: Building] INFO  o.a.m.s.f.DefaultMavenResourcesFiltering - skip non existing resourceDirectory /Users/macbook/Documents/SpringBoot_SpringFramework/spring-boot-web/src/test/resources
2026-06-10 15:32:10,683 [Worker-45: Building] WARN  o.apache.maven.project.MavenProject - Plugin is modifying compileSourceRoots through clear(), which will not work in Maven 4.0.0. Use MavenProject.addCompileSourceRoot()/removeCompileSourceRoot() methods instead. If using a plugin, please upgrade to the latest version or report the issue to the plugin maintainer. To disable these warnings, set -Dmaven.project.sourceRoots.warningsDisabled=true on the command line, in the .mvn/maven.config file, or in project POM properties.
2026-06-10 15:32:10,683 [Worker-45: Building] WARN  o.apache.maven.project.MavenProject - Plugin is modifying compileSourceRoots through add(), which will not work in Maven 4.0.0. Use MavenProject.addCompileSourceRoot()/removeCompileSourceRoot() methods instead. If using a plugin, please upgrade to the latest version or report the issue to the plugin maintainer. To disable these warnings, set -Dmaven.project.sourceRoots.warningsDisabled=true on the command line, in the .mvn/maven.config file, or in project POM properties.
2026-06-10 15:32:10,683 [Worker-45: Building] WARN  o.apache.maven.project.MavenProject - Plugin is modifying testCompileSourceRoots through clear(), which will not work in Maven 4.0.0. Use MavenProject.addTestCompileSourceRoot()/removeTestCompileSourceRoot() methods instead. If using a plugin, please upgrade to the latest version or report the issue to the plugin maintainer. To disable these warnings, set -Dmaven.project.sourceRoots.warningsDisabled=true on the command line, in the .mvn/maven.config file, or in project POM properties.
2026-06-10 15:32:10,683 [Worker-45: Building] WARN  o.apache.maven.project.MavenProject - Plugin is modifying testCompileSourceRoots through add(), which will not work in Maven 4.0.0. Use MavenProject.addTestCompileSourceRoot()/removeTestCompileSourceRoot() methods instead. If using a plugin, please upgrade to the latest version or report the issue to the plugin maintainer. To disable these warnings, set -Dmaven.project.sourceRoots.warningsDisabled=true on the command line, in the .mvn/maven.config file, or in project POM properties.
2026-06-10 15:32:10,718 [Worker-49: Download sources and javadoc] INFO  o.e.m.c.i.e.AbstractTransferListenerAdapter - Downloading https://repo.maven.apache.org/maven2/org/springframework/boot/spring-boot-starter/3.5.15/spring-boot-starter-3.5.15-sources.jar
2026-06-10 15:32:10,719 [Worker-49: Download sources and javadoc] INFO  o.e.m.c.i.e.AbstractTransferListenerAdapter - Downloaded https://repo.maven.apache.org/maven2/org/springframework/boot/spring-boot-starter/3.5.15/spring-boot-starter-3.5.15-sources.jar
2026-06-10 15:32:10,720 [Worker-49: Download sources and javadoc] INFO  o.e.m.j.internal.DownloadSourcesJob - Downloaded sources for org.springframework.boot:spring-boot-starter:3.5.15
2026-06-10 15:32:10,983 [Worker-49: Download sources and javadoc] INFO  o.e.m.c.i.e.AbstractTransferListenerAdapter - Downloading https://repo.maven.apache.org/maven2/org/springframework/boot/spring-boot/3.5.15/spring-boot-3.5.15-sources.jar
2026-06-10 15:32:11,324 [Worker-49: Download sources and javadoc] INFO  o.e.m.c.i.e.AbstractTransferListenerAdapter - Downloaded https://repo.maven.apache.org/maven2/org/springframework/boot/spring-boot/3.5.15/spring-boot-3.5.15-sources.jar
2026-06-10 15:32:11,325 [Worker-49: Download sources and javadoc] INFO  o.e.m.j.internal.DownloadSourcesJob - Downloaded sources for org.springframework.boot:spring-boot:3.5.15
2026-06-10 15:32:11,616 [Worker-49: Download sources and javadoc] INFO  o.e.m.c.i.e.AbstractTransferListenerAdapter - Downloading https://repo.maven.apache.org/maven2/org/springframework/boot/spring-boot-autoconfigure/3.5.15/spring-boot-autoconfigure-3.5.15-sources.jar
2026-06-10 15:32:11,943 [Worker-49: Download sources and javadoc] INFO  o.e.m.c.i.e.AbstractTransferListenerAdapter - Downloaded https://repo.maven.apache.org/maven2/org/springframework/boot/spring-boot-autoconfigure/3.5.15/spring-boot-autoconfigure-3.5.15-sources.jar
2026-06-10 15:32:11,945 [Worker-49: Download sources and javadoc] INFO  o.e.m.j.internal.DownloadSourcesJob - Downloaded sources for org.springframework.boot:spring-boot-autoconfigure:3.5.15
2026-06-10 15:32:12,190 [Worker-49: Download sources and javadoc] INFO  o.e.m.c.i.e.AbstractTransferListenerAdapter - Downloading https://repo.maven.apache.org/maven2/org/springframework/boot/spring-boot-starter-logging/3.5.15/spring-boot-starter-logging-3.5.15-sources.jar
2026-06-10 15:32:12,192 [Worker-49: Download sources and javadoc] INFO  o.e.m.c.i.e.AbstractTransferListenerAdapter - Downloaded https://repo.maven.apache.org/maven2/org/springframework/boot/spring-boot-starter-logging/3.5.15/spring-boot-starter-logging-3.5.15-sources.jar
2026-06-10 15:32:12,194 [Worker-49: Download sources and javadoc] INFO  o.e.m.j.internal.DownloadSourcesJob - Downloaded sources for org.springframework.boot:spring-boot-starter-logging:3.5.15
2026-06-10 15:32:12,480 [Worker-49: Download sources and javadoc] INFO  o.e.m.c.i.e.AbstractTransferListenerAdapter - Downloading https://repo.maven.apache.org/maven2/ch/qos/logback/logback-classic/1.5.34/logback-classic-1.5.34-sources.jar
2026-06-10 15:32:12,643 [Worker-49: Download sources and javadoc] INFO  o.e.m.c.i.e.AbstractTransferListenerAdapter - Downloaded https://repo.maven.apache.org/maven2/ch/qos/logback/logback-classic/1.5.34/logback-classic-1.5.34-sources.jar
2026-06-10 15:32:12,646 [Worker-49: Download sources and javadoc] INFO  o.e.m.j.internal.DownloadSourcesJob - Downloaded sources for ch.qos.logback:logback-classic:1.5.34
2026-06-10 15:32:12,956 [Worker-49: Download sources and javadoc] INFO  o.e.m.c.i.e.AbstractTransferListenerAdapter - Downloading https://repo.maven.apache.org/maven2/ch/qos/logback/logback-core/1.5.34/logback-core-1.5.34-sources.jar
2026-06-10 15:32:13,223 [Worker-49: Download sources and javadoc] INFO  o.e.m.c.i.e.AbstractTransferListenerAdapter - Downloaded https://repo.maven.apache.org/maven2/ch/qos/logback/logback-core/1.5.34/logback-core-1.5.34-sources.jar
2026-06-10 15:32:13,225 [Worker-49: Download sources and javadoc] INFO  o.e.m.j.internal.DownloadSourcesJob - Downloaded sources for ch.qos.logback:logback-core:1.5.34
2026-06-10 15:32:13,527 [Worker-49: Download sources and javadoc] INFO  o.e.m.c.i.e.AbstractTransferListenerAdapter - Downloading https://repo.maven.apache.org/maven2/org/slf4j/slf4j-api/2.0.18/slf4j-api-2.0.18-sources.jar
2026-06-10 15:32:13,625 [Worker-49: Download sources and javadoc] INFO  o.e.m.c.i.e.AbstractTransferListenerAdapter - Downloaded https://repo.maven.apache.org/maven2/org/slf4j/slf4j-api/2.0.18/slf4j-api-2.0.18-sources.jar
2026-06-10 15:32:13,628 [Worker-49: Download sources and javadoc] INFO  o.e.m.j.internal.DownloadSourcesJob - Downloaded sources for org.slf4j:slf4j-api:2.0.18
2026-06-10 15:32:13,910 [Worker-49: Download sources and javadoc] INFO  o.e.m.c.i.e.AbstractTransferListenerAdapter - Downloading https://repo.maven.apache.org/maven2/org/slf4j/jul-to-slf4j/2.0.18/jul-to-slf4j-2.0.18-sources.jar
2026-06-10 15:32:13,914 [Worker-49: Download sources and javadoc] INFO  o.e.m.c.i.e.AbstractTransferListenerAdapter - Downloaded https://repo.maven.apache.org/maven2/org/slf4j/jul-to-slf4j/2.0.18/jul-to-slf4j-2.0.18-sources.jar
2026-06-10 15:32:13,917 [Worker-49: Download sources and javadoc] INFO  o.e.m.j.internal.DownloadSourcesJob - Downloaded sources for org.slf4j:jul-to-slf4j:2.0.18
2026-06-10 15:32:14,176 [Worker-49: Download sources and javadoc] INFO  o.e.m.c.i.e.AbstractTransferListenerAdapter - Downloading https://repo.maven.apache.org/maven2/org/springframework/spring-core/6.2.19/spring-core-6.2.19-sources.jar
2026-06-10 15:32:14,523 [Worker-49: Download sources and javadoc] INFO  o.e.m.c.i.e.AbstractTransferListenerAdapter - Downloaded https://repo.maven.apache.org/maven2/org/springframework/spring-core/6.2.19/spring-core-6.2.19-sources.jar
2026-06-10 15:32:14,525 [Worker-49: Download sources and javadoc] INFO  o.e.m.j.internal.DownloadSourcesJob - Downloaded sources for org.springframework:spring-core:6.2.19
2026-06-10 15:32:14,780 [Worker-49: Download sources and javadoc] INFO  o.e.m.c.i.e.AbstractTransferListenerAdapter - Downloading https://repo.maven.apache.org/maven2/org/springframework/spring-jcl/6.2.19/spring-jcl-6.2.19-sources.jar
2026-06-10 15:32:14,782 [Worker-49: Download sources and javadoc] INFO  o.e.m.c.i.e.AbstractTransferListenerAdapter - Downloaded https://repo.maven.apache.org/maven2/org/springframework/spring-jcl/6.2.19/spring-jcl-6.2.19-sources.jar
2026-06-10 15:32:14,784 [Worker-49: Download sources and javadoc] INFO  o.e.m.j.internal.DownloadSourcesJob - Downloaded sources for org.springframework:spring-jcl:6.2.19
2026-06-10 15:32:15,069 [Worker-49: Download sources and javadoc] INFO  o.e.m.c.i.e.AbstractTransferListenerAdapter - Downloading https://repo.maven.apache.org/maven2/org/springframework/boot/spring-boot-starter-json/3.5.15/spring-boot-starter-json-3.5.15-sources.jar
2026-06-10 15:32:15,070 [Worker-49: Download sources and javadoc] INFO  o.e.m.c.i.e.AbstractTransferListenerAdapter - Downloaded https://repo.maven.apache.org/maven2/org/springframework/boot/spring-boot-starter-json/3.5.15/spring-boot-starter-json-3.5.15-sources.jar
2026-06-10 15:32:15,071 [Worker-49: Download sources and javadoc] INFO  o.e.m.j.internal.DownloadSourcesJob - Downloaded sources for org.springframework.boot:spring-boot-starter-json:3.5.15
2026-06-10 15:32:15,332 [Worker-49: Download sources and javadoc] INFO  o.e.m.c.i.e.AbstractTransferListenerAdapter - Downloading https://repo.maven.apache.org/maven2/com/fasterxml/jackson/core/jackson-databind/2.21.4/jackson-databind-2.21.4-sources.jar
2026-06-10 15:32:15,662 [Worker-49: Download sources and javadoc] INFO  o.e.m.c.i.e.AbstractTransferListenerAdapter - Downloaded https://repo.maven.apache.org/maven2/com/fasterxml/jackson/core/jackson-databind/2.21.4/jackson-databind-2.21.4-sources.jar
2026-06-10 15:32:15,664 [Worker-49: Download sources and javadoc] INFO  o.e.m.j.internal.DownloadSourcesJob - Downloaded sources for com.fasterxml.jackson.core:jackson-databind:2.21.4
2026-06-10 15:32:15,924 [Worker-49: Download sources and javadoc] INFO  o.e.m.c.i.e.AbstractTransferListenerAdapter - Downloading https://repo.maven.apache.org/maven2/com/fasterxml/jackson/core/jackson-core/2.21.4/jackson-core-2.21.4-sources.jar
2026-06-10 15:32:16,157 [Worker-49: Download sources and javadoc] INFO  o.e.m.c.i.e.AbstractTransferListenerAdapter - Downloaded https://repo.maven.apache.org/maven2/com/fasterxml/jackson/core/jackson-core/2.21.4/jackson-core-2.21.4-sources.jar
2026-06-10 15:32:16,159 [Worker-49: Download sources and javadoc] INFO  o.e.m.j.internal.DownloadSourcesJob - Downloaded sources for com.fasterxml.jackson.core:jackson-core:2.21.4
2026-06-10 15:32:16,480 [Worker-49: Download sources and javadoc] INFO  o.e.m.c.i.e.AbstractTransferListenerAdapter - Downloading https://repo.maven.apache.org/maven2/com/fasterxml/jackson/datatype/jackson-datatype-jdk8/2.21.4/jackson-datatype-jdk8-2.21.4-sources.jar
2026-06-10 15:32:16,484 [Worker-49: Download sources and javadoc] INFO  o.e.m.c.i.e.AbstractTransferListenerAdapter - Downloaded https://repo.maven.apache.org/maven2/com/fasterxml/jackson/datatype/jackson-datatype-jdk8/2.21.4/jackson-datatype-jdk8-2.21.4-sources.jar
2026-06-10 15:32:16,487 [Worker-49: Download sources and javadoc] INFO  o.e.m.j.internal.DownloadSourcesJob - Downloaded sources for com.fasterxml.jackson.datatype:jackson-datatype-jdk8:2.21.4
2026-06-10 15:32:16,791 [Worker-49: Download sources and javadoc] INFO  o.e.m.c.i.e.AbstractTransferListenerAdapter - Downloading https://repo.maven.apache.org/maven2/com/fasterxml/jackson/datatype/jackson-datatype-jsr310/2.21.4/jackson-datatype-jsr310-2.21.4-sources.jar
2026-06-10 15:32:16,882 [Worker-49: Download sources and javadoc] INFO  o.e.m.c.i.e.AbstractTransferListenerAdapter - Downloaded https://repo.maven.apache.org/maven2/com/fasterxml/jackson/datatype/jackson-datatype-jsr310/2.21.4/jackson-datatype-jsr310-2.21.4-sources.jar
2026-06-10 15:32:16,885 [Worker-49: Download sources and javadoc] INFO  o.e.m.j.internal.DownloadSourcesJob - Downloaded sources for com.fasterxml.jackson.datatype:jackson-datatype-jsr310:2.21.4
2026-06-10 15:32:17,143 [Worker-49: Download sources and javadoc] INFO  o.e.m.c.i.e.AbstractTransferListenerAdapter - Downloading https://repo.maven.apache.org/maven2/com/fasterxml/jackson/module/jackson-module-parameter-names/2.21.4/jackson-module-parameter-names-2.21.4-sources.jar
2026-06-10 15:32:17,145 [Worker-49: Download sources and javadoc] INFO  o.e.m.c.i.e.AbstractTransferListenerAdapter - Downloaded https://repo.maven.apache.org/maven2/com/fasterxml/jackson/module/jackson-module-parameter-names/2.21.4/jackson-module-parameter-names-2.21.4-sources.jar
2026-06-10 15:32:17,147 [Worker-49: Download sources and javadoc] INFO  o.e.m.j.internal.DownloadSourcesJob - Downloaded sources for com.fasterxml.jackson.module:jackson-module-parameter-names:2.21.4
2026-06-10 15:32:17,432 [Worker-49: Download sources and javadoc] INFO  o.e.m.c.i.e.AbstractTransferListenerAdapter - Downloading https://repo.maven.apache.org/maven2/org/springframework/boot/spring-boot-starter-tomcat/3.5.15/spring-boot-starter-tomcat-3.5.15-sources.jar
2026-06-10 15:32:17,436 [Worker-49: Download sources and javadoc] INFO  o.e.m.c.i.e.AbstractTransferListenerAdapter - Downloaded https://repo.maven.apache.org/maven2/org/springframework/boot/spring-boot-starter-tomcat/3.5.15/spring-boot-starter-tomcat-3.5.15-sources.jar
2026-06-10 15:32:17,439 [Worker-49: Download sources and javadoc] INFO  o.e.m.j.internal.DownloadSourcesJob - Downloaded sources for org.springframework.boot:spring-boot-starter-tomcat:3.5.15
2026-06-10 15:32:17,728 [Worker-49: Download sources and javadoc] INFO  o.e.m.c.i.e.AbstractTransferListenerAdapter - Downloading https://repo.maven.apache.org/maven2/org/apache/tomcat/embed/tomcat-embed-core/10.1.55/tomcat-embed-core-10.1.55-sources.jar
2026-06-10 15:32:18,235 [Worker-49: Download sources and javadoc] INFO  o.e.m.c.i.e.AbstractTransferListenerAdapter - Downloaded https://repo.maven.apache.org/maven2/org/apache/tomcat/embed/tomcat-embed-core/10.1.55/tomcat-embed-core-10.1.55-sources.jar
2026-06-10 15:32:18,237 [Worker-49: Download sources and javadoc] INFO  o.e.m.j.internal.DownloadSourcesJob - Downloaded sources for org.apache.tomcat.embed:tomcat-embed-core:10.1.55
2026-06-10 15:32:18,494 [Worker-49: Download sources and javadoc] INFO  o.e.m.c.i.e.AbstractTransferListenerAdapter - Downloading https://repo.maven.apache.org/maven2/org/apache/tomcat/embed/tomcat-embed-el/10.1.55/tomcat-embed-el-10.1.55-sources.jar
2026-06-10 15:32:18,639 [Worker-49: Download sources and javadoc] INFO  o.e.m.c.i.e.AbstractTransferListenerAdapter - Downloaded https://repo.maven.apache.org/maven2/org/apache/tomcat/embed/tomcat-embed-el/10.1.55/tomcat-embed-el-10.1.55-sources.jar
2026-06-10 15:32:18,642 [Worker-49: Download sources and javadoc] INFO  o.e.m.j.internal.DownloadSourcesJob - Downloaded sources for org.apache.tomcat.embed:tomcat-embed-el:10.1.55
2026-06-10 15:32:18,914 [Worker-49: Download sources and javadoc] INFO  o.e.m.c.i.e.AbstractTransferListenerAdapter - Downloading https://repo.maven.apache.org/maven2/org/apache/tomcat/embed/tomcat-embed-websocket/10.1.55/tomcat-embed-websocket-10.1.55-sources.jar
2026-06-10 15:32:19,072 [Worker-49: Download sources and javadoc] INFO  o.e.m.c.i.e.AbstractTransferListenerAdapter - Downloaded https://repo.maven.apache.org/maven2/org/apache/tomcat/embed/tomcat-embed-websocket/10.1.55/tomcat-embed-websocket-10.1.55-sources.jar
2026-06-10 15:32:19,075 [Worker-49: Download sources and javadoc] INFO  o.e.m.j.internal.DownloadSourcesJob - Downloaded sources for org.apache.tomcat.embed:tomcat-embed-websocket:10.1.55
2026-06-10 15:32:19,339 [Worker-49: Download sources and javadoc] INFO  o.e.m.c.i.e.AbstractTransferListenerAdapter - Downloading https://repo.maven.apache.org/maven2/org/springframework/spring-web/6.2.19/spring-web-6.2.19-sources.jar
2026-06-10 15:32:19,656 [Worker-49: Download sources and javadoc] INFO  o.e.m.c.i.e.AbstractTransferListenerAdapter - Downloaded https://repo.maven.apache.org/maven2/org/springframework/spring-web/6.2.19/spring-web-6.2.19-sources.jar
2026-06-10 15:32:19,658 [Worker-49: Download sources and javadoc] INFO  o.e.m.j.internal.DownloadSourcesJob - Downloaded sources for org.springframework:spring-web:6.2.19
2026-06-10 15:32:19,932 [Worker-49: Download sources and javadoc] INFO  o.e.m.c.i.e.AbstractTransferListenerAdapter - Downloading https://repo.maven.apache.org/maven2/org/springframework/spring-beans/6.2.19/spring-beans-6.2.19-sources.jar
2026-06-10 15:32:20,199 [Worker-49: Download sources and javadoc] INFO  o.e.m.c.i.e.AbstractTransferListenerAdapter - Downloaded https://repo.maven.apache.org/maven2/org/springframework/spring-beans/6.2.19/spring-beans-6.2.19-sources.jar
2026-06-10 15:32:20,201 [Worker-49: Download sources and javadoc] INFO  o.e.m.j.internal.DownloadSourcesJob - Downloaded sources for org.springframework:spring-beans:6.2.19
2026-06-10 15:32:20,452 [Worker-49: Download sources and javadoc] INFO  o.e.m.c.i.e.AbstractTransferListenerAdapter - Downloading https://repo.maven.apache.org/maven2/io/micrometer/micrometer-observation/1.15.12/micrometer-observation-1.15.12-sources.jar
2026-06-10 15:32:20,467 [Worker-49: Download sources and javadoc] INFO  o.e.m.c.i.e.AbstractTransferListenerAdapter - Downloaded https://repo.maven.apache.org/maven2/io/micrometer/micrometer-observation/1.15.12/micrometer-observation-1.15.12-sources.jar
2026-06-10 15:32:20,468 [Worker-49: Download sources and javadoc] INFO  o.e.m.j.internal.DownloadSourcesJob - Downloaded sources for io.micrometer:micrometer-observation:1.15.12
2026-06-10 15:32:20,777 [Worker-49: Download sources and javadoc] INFO  o.e.m.c.i.e.AbstractTransferListenerAdapter - Downloading https://repo.maven.apache.org/maven2/io/micrometer/micrometer-commons/1.15.12/micrometer-commons-1.15.12-sources.jar
2026-06-10 15:32:20,789 [Worker-49: Download sources and javadoc] INFO  o.e.m.c.i.e.AbstractTransferListenerAdapter - Downloaded https://repo.maven.apache.org/maven2/io/micrometer/micrometer-commons/1.15.12/micrometer-commons-1.15.12-sources.jar
2026-06-10 15:32:20,791 [Worker-49: Download sources and javadoc] INFO  o.e.m.j.internal.DownloadSourcesJob - Downloaded sources for io.micrometer:micrometer-commons:1.15.12
2026-06-10 15:32:21,302 [Worker-49: Download sources and javadoc] INFO  o.e.m.c.i.e.AbstractTransferListenerAdapter - Downloading https://repo.maven.apache.org/maven2/org/springframework/spring-webmvc/6.2.19/spring-webmvc-6.2.19-sources.jar
2026-06-10 15:32:21,590 [Worker-49: Download sources and javadoc] INFO  o.e.m.c.i.e.AbstractTransferListenerAdapter - Downloaded https://repo.maven.apache.org/maven2/org/springframework/spring-webmvc/6.2.19/spring-webmvc-6.2.19-sources.jar
2026-06-10 15:32:21,592 [Worker-49: Download sources and javadoc] INFO  o.e.m.j.internal.DownloadSourcesJob - Downloaded sources for org.springframework:spring-webmvc:6.2.19
2026-06-10 15:32:21,851 [Worker-49: Download sources and javadoc] INFO  o.e.m.c.i.e.AbstractTransferListenerAdapter - Downloading https://repo.maven.apache.org/maven2/org/springframework/spring-aop/6.2.19/spring-aop-6.2.19-sources.jar
2026-06-10 15:32:22,034 [Worker-49: Download sources and javadoc] INFO  o.e.m.c.i.e.AbstractTransferListenerAdapter - Downloaded https://repo.maven.apache.org/maven2/org/springframework/spring-aop/6.2.19/spring-aop-6.2.19-sources.jar
2026-06-10 15:32:22,035 [Worker-49: Download sources and javadoc] INFO  o.e.m.j.internal.DownloadSourcesJob - Downloaded sources for org.springframework:spring-aop:6.2.19
2026-06-10 15:32:22,345 [Worker-49: Download sources and javadoc] INFO  o.e.m.c.i.e.AbstractTransferListenerAdapter - Downloading https://repo.maven.apache.org/maven2/org/springframework/spring-context/6.2.19/spring-context-6.2.19-sources.jar
2026-06-10 15:32:22,738 [Worker-49: Download sources and javadoc] INFO  o.e.m.c.i.e.AbstractTransferListenerAdapter - Downloaded https://repo.maven.apache.org/maven2/org/springframework/spring-context/6.2.19/spring-context-6.2.19-sources.jar
2026-06-10 15:32:22,739 [Worker-49: Download sources and javadoc] INFO  o.e.m.j.internal.DownloadSourcesJob - Downloaded sources for org.springframework:spring-context:6.2.19
2026-06-10 15:32:23,056 [Worker-49: Download sources and javadoc] INFO  o.e.m.c.i.e.AbstractTransferListenerAdapter - Downloading https://repo.maven.apache.org/maven2/org/springframework/spring-expression/6.2.19/spring-expression-6.2.19-sources.jar
2026-06-10 15:32:23,248 [Worker-49: Download sources and javadoc] INFO  o.e.m.c.i.e.AbstractTransferListenerAdapter - Downloaded https://repo.maven.apache.org/maven2/org/springframework/spring-expression/6.2.19/spring-expression-6.2.19-sources.jar
2026-06-10 15:32:23,250 [Worker-49: Download sources and javadoc] INFO  o.e.m.j.internal.DownloadSourcesJob - Downloaded sources for org.springframework:spring-expression:6.2.19
2026-06-10 15:33:03,747 [Worker-50: Building] INFO  o.e.m.c.i.l.LifecycleMappingFactory - Using org.eclipse.m2e.jdt.JarLifecycleMapping lifecycle mapping for MavenProject: com.tugrupo:spring-boot-web:0.0.1-SNAPSHOT @ /Users/macbook/Documents/SpringBoot_SpringFramework/spring-boot-web/pom.xml.
2026-06-10 15:33:03,853 [Worker-50: Building] INFO  o.a.m.s.f.DefaultMavenResourcesFiltering - Copying 0 resource from src/main/resources to target/classes
2026-06-10 15:33:03,853 [Worker-50: Building] INFO  o.a.m.s.f.DefaultMavenResourcesFiltering - Copying 0 resource from src/main/resources to target/classes
2026-06-10 15:33:03,855 [Worker-50: Building] INFO  o.a.m.s.f.DefaultMavenResourcesFiltering - skip non existing resourceDirectory /Users/macbook/Documents/SpringBoot_SpringFramework/spring-boot-web/src/test/resources
2026-06-10 15:33:03,859 [Worker-50: Building] WARN  o.apache.maven.project.MavenProject - Plugin is modifying compileSourceRoots through clear(), which will not work in Maven 4.0.0. Use MavenProject.addCompileSourceRoot()/removeCompileSourceRoot() methods instead. If using a plugin, please upgrade to the latest version or report the issue to the plugin maintainer. To disable these warnings, set -Dmaven.project.sourceRoots.warningsDisabled=true on the command line, in the .mvn/maven.config file, or in project POM properties.
2026-06-10 15:33:03,860 [Worker-50: Building] WARN  o.apache.maven.project.MavenProject - Plugin is modifying compileSourceRoots through add(), which will not work in Maven 4.0.0. Use MavenProject.addCompileSourceRoot()/removeCompileSourceRoot() methods instead. If using a plugin, please upgrade to the latest version or report the issue to the plugin maintainer. To disable these warnings, set -Dmaven.project.sourceRoots.warningsDisabled=true on the command line, in the .mvn/maven.config file, or in project POM properties.
2026-06-10 15:33:03,860 [Worker-50: Building] WARN  o.apache.maven.project.MavenProject - Plugin is modifying testCompileSourceRoots through clear(), which will not work in Maven 4.0.0. Use MavenProject.addTestCompileSourceRoot()/removeTestCompileSourceRoot() methods instead. If using a plugin, please upgrade to the latest version or report the issue to the plugin maintainer. To disable these warnings, set -Dmaven.project.sourceRoots.warningsDisabled=true on the command line, in the .mvn/maven.config file, or in project POM properties.
2026-06-10 15:33:03,860 [Worker-50: Building] WARN  o.apache.maven.project.MavenProject - Plugin is modifying testCompileSourceRoots through add(), which will not work in Maven 4.0.0. Use MavenProject.addTestCompileSourceRoot()/removeTestCompileSourceRoot() methods instead. If using a plugin, please upgrade to the latest version or report the issue to the plugin maintainer. To disable these warnings, set -Dmaven.project.sourceRoots.warningsDisabled=true on the command line, in the .mvn/maven.config file, or in project POM properties.
2026-06-10 15:33:13,504 [Worker-50: Updating Maven Project] INFO  o.e.m.c.i.p.ProjectConfigurationManager - Update started
2026-06-10 15:33:13,596 [Worker-50: Updating Maven Project] INFO  o.e.m.c.i.l.LifecycleMappingFactory - Using org.eclipse.m2e.jdt.JarLifecycleMapping lifecycle mapping for MavenProject: com.tugrupo:spring-boot-web:0.0.1-SNAPSHOT @ /Users/macbook/Documents/SpringBoot_SpringFramework/spring-boot-web/pom.xml.
2026-06-10 15:33:13,644 [Worker-50: Updating Maven Project] INFO  o.e.m.j.i.AbstractJavaProjectConfigurator - Adding source folder /spring-boot-web/src/main/java
2026-06-10 15:33:13,644 [Worker-50: Updating Maven Project] INFO  o.e.m.j.i.AbstractJavaProjectConfigurator - Adding resource folder /spring-boot-web/src/main/resources
2026-06-10 15:33:13,644 [Worker-50: Updating Maven Project] INFO  o.e.m.j.i.AbstractJavaProjectConfigurator - Adding resource folder /spring-boot-web/src/main/resources
2026-06-10 15:33:13,644 [Worker-50: Updating Maven Project] INFO  o.e.m.j.i.AbstractJavaProjectConfigurator - Adding source folder /spring-boot-web/src/test/java
2026-06-10 15:33:13,644 [Worker-50: Updating Maven Project] INFO  o.e.m.j.i.AbstractJavaProjectConfigurator - Adding resource folder /spring-boot-web/src/test/resources
2026-06-10 15:33:13,660 [Worker-50: Updating Maven Project] WARN  o.apache.maven.project.MavenProject - Plugin is modifying compileSourceRoots through clear(), which will not work in Maven 4.0.0. Use MavenProject.addCompileSourceRoot()/removeCompileSourceRoot() methods instead. If using a plugin, please upgrade to the latest version or report the issue to the plugin maintainer. To disable these warnings, set -Dmaven.project.sourceRoots.warningsDisabled=true on the command line, in the .mvn/maven.config file, or in project POM properties.
2026-06-10 15:33:13,661 [Worker-50: Updating Maven Project] WARN  o.apache.maven.project.MavenProject - Plugin is modifying compileSourceRoots through add(), which will not work in Maven 4.0.0. Use MavenProject.addCompileSourceRoot()/removeCompileSourceRoot() methods instead. If using a plugin, please upgrade to the latest version or report the issue to the plugin maintainer. To disable these warnings, set -Dmaven.project.sourceRoots.warningsDisabled=true on the command line, in the .mvn/maven.config file, or in project POM properties.
2026-06-10 15:33:13,661 [Worker-50: Updating Maven Project] WARN  o.apache.maven.project.MavenProject - Plugin is modifying testCompileSourceRoots through clear(), which will not work in Maven 4.0.0. Use MavenProject.addTestCompileSourceRoot()/removeTestCompileSourceRoot() methods instead. If using a plugin, please upgrade to the latest version or report the issue to the plugin maintainer. To disable these warnings, set -Dmaven.project.sourceRoots.warningsDisabled=true on the command line, in the .mvn/maven.config file, or in project POM properties.
2026-06-10 15:33:13,661 [Worker-50: Updating Maven Project] WARN  o.apache.maven.project.MavenProject - Plugin is modifying testCompileSourceRoots through add(), which will not work in Maven 4.0.0. Use MavenProject.addTestCompileSourceRoot()/removeTestCompileSourceRoot() methods instead. If using a plugin, please upgrade to the latest version or report the issue to the plugin maintainer. To disable these warnings, set -Dmaven.project.sourceRoots.warningsDisabled=true on the command line, in the .mvn/maven.config file, or in project POM properties.
2026-06-10 15:33:13,671 [Worker-50: Updating Maven Project] INFO  o.e.m.c.i.p.ProjectConfigurationManager - Update completed for 1 poms: local refresh takes 0.00 sec, refresh facades takes 0.00 sec, update config takes 0.00 sec 
2026-06-10 15:33:13,854 [Worker-43: Building] INFO  o.a.m.s.f.DefaultMavenResourcesFiltering - Copying 1 resource from src/main/resources to target/classes
2026-06-10 15:33:13,859 [Worker-43: Building] INFO  o.a.m.s.f.DefaultMavenResourcesFiltering - Copying 0 resource from src/main/resources to target/classes
2026-06-10 15:33:13,861 [Worker-43: Building] INFO  o.a.m.s.f.DefaultMavenResourcesFiltering - skip non existing resourceDirectory /Users/macbook/Documents/SpringBoot_SpringFramework/spring-boot-web/src/test/resources
2026-06-10 15:33:13,864 [Worker-43: Building] WARN  o.apache.maven.project.MavenProject - Plugin is modifying compileSourceRoots through clear(), which will not work in Maven 4.0.0. Use MavenProject.addCompileSourceRoot()/removeCompileSourceRoot() methods instead. If using a plugin, please upgrade to the latest version or report the issue to the plugin maintainer. To disable these warnings, set -Dmaven.project.sourceRoots.warningsDisabled=true on the command line, in the .mvn/maven.config file, or in project POM properties.
2026-06-10 15:33:13,864 [Worker-43: Building] WARN  o.apache.maven.project.MavenProject - Plugin is modifying compileSourceRoots through add(), which will not work in Maven 4.0.0. Use MavenProject.addCompileSourceRoot()/removeCompileSourceRoot() methods instead. If using a plugin, please upgrade to the latest version or report the issue to the plugin maintainer. To disable these warnings, set -Dmaven.project.sourceRoots.warningsDisabled=true on the command line, in the .mvn/maven.config file, or in project POM properties.
2026-06-10 15:33:13,864 [Worker-43: Building] WARN  o.apache.maven.project.MavenProject - Plugin is modifying testCompileSourceRoots through clear(), which will not work in Maven 4.0.0. Use MavenProject.addTestCompileSourceRoot()/removeTestCompileSourceRoot() methods instead. If using a plugin, please upgrade to the latest version or report the issue to the plugin maintainer. To disable these warnings, set -Dmaven.project.sourceRoots.warningsDisabled=true on the command line, in the .mvn/maven.config file, or in project POM properties.
2026-06-10 15:33:13,864 [Worker-43: Building] WARN  o.apache.maven.project.MavenProject - Plugin is modifying testCompileSourceRoots through add(), which will not work in Maven 4.0.0. Use MavenProject.addTestCompileSourceRoot()/removeTestCompileSourceRoot() methods instead. If using a plugin, please upgrade to the latest version or report the issue to the plugin maintainer. To disable these warnings, set -Dmaven.project.sourceRoots.warningsDisabled=true on the command line, in the .mvn/maven.config file, or in project POM properties.
2026-06-10 15:46:07,704 [Worker-57: Updating Maven Project] INFO  o.e.m.c.i.p.ProjectConfigurationManager - Update started
2026-06-10 15:46:07,817 [Worker-57: Updating Maven Project] INFO  o.e.m.c.i.l.LifecycleMappingFactory - Using org.eclipse.m2e.jdt.JarLifecycleMapping lifecycle mapping for MavenProject: com.tugrupo:spring-boot-web:0.0.1-SNAPSHOT @ /Users/macbook/Documents/SpringBoot_SpringFramework/spring-boot-web/pom.xml.
2026-06-10 15:46:07,913 [Worker-57: Updating Maven Project] INFO  o.e.m.j.i.AbstractJavaProjectConfigurator - Adding source folder /spring-boot-web/src/main/java
2026-06-10 15:46:07,913 [Worker-57: Updating Maven Project] INFO  o.e.m.j.i.AbstractJavaProjectConfigurator - Adding resource folder /spring-boot-web/src/main/resources
2026-06-10 15:46:07,913 [Worker-57: Updating Maven Project] INFO  o.e.m.j.i.AbstractJavaProjectConfigurator - Adding resource folder /spring-boot-web/src/main/resources
2026-06-10 15:46:07,913 [Worker-57: Updating Maven Project] INFO  o.e.m.j.i.AbstractJavaProjectConfigurator - Adding source folder /spring-boot-web/src/test/java
2026-06-10 15:46:07,913 [Worker-57: Updating Maven Project] INFO  o.e.m.j.i.AbstractJavaProjectConfigurator - Adding resource folder /spring-boot-web/src/test/resources
2026-06-10 15:46:07,929 [Worker-57: Updating Maven Project] WARN  o.apache.maven.project.MavenProject - Plugin is modifying compileSourceRoots through clear(), which will not work in Maven 4.0.0. Use MavenProject.addCompileSourceRoot()/removeCompileSourceRoot() methods instead. If using a plugin, please upgrade to the latest version or report the issue to the plugin maintainer. To disable these warnings, set -Dmaven.project.sourceRoots.warningsDisabled=true on the command line, in the .mvn/maven.config file, or in project POM properties.
2026-06-10 15:46:07,930 [Worker-57: Updating Maven Project] WARN  o.apache.maven.project.MavenProject - Plugin is modifying compileSourceRoots through add(), which will not work in Maven 4.0.0. Use MavenProject.addCompileSourceRoot()/removeCompileSourceRoot() methods instead. If using a plugin, please upgrade to the latest version or report the issue to the plugin maintainer. To disable these warnings, set -Dmaven.project.sourceRoots.warningsDisabled=true on the command line, in the .mvn/maven.config file, or in project POM properties.
2026-06-10 15:46:07,930 [Worker-57: Updating Maven Project] WARN  o.apache.maven.project.MavenProject - Plugin is modifying testCompileSourceRoots through clear(), which will not work in Maven 4.0.0. Use MavenProject.addTestCompileSourceRoot()/removeTestCompileSourceRoot() methods instead. If using a plugin, please upgrade to the latest version or report the issue to the plugin maintainer. To disable these warnings, set -Dmaven.project.sourceRoots.warningsDisabled=true on the command line, in the .mvn/maven.config file, or in project POM properties.
2026-06-10 15:46:07,930 [Worker-57: Updating Maven Project] WARN  o.apache.maven.project.MavenProject - Plugin is modifying testCompileSourceRoots through add(), which will not work in Maven 4.0.0. Use MavenProject.addTestCompileSourceRoot()/removeTestCompileSourceRoot() methods instead. If using a plugin, please upgrade to the latest version or report the issue to the plugin maintainer. To disable these warnings, set -Dmaven.project.sourceRoots.warningsDisabled=true on the command line, in the .mvn/maven.config file, or in project POM properties.
2026-06-10 15:46:07,959 [Worker-57: Updating Maven Project] INFO  o.e.m.c.i.p.ProjectConfigurationManager - Update completed for 1 poms: local refresh takes 0.00 sec, refresh facades takes 0.00 sec, update config takes 0.00 sec 
2026-06-10 15:46:08,172 [Worker-57: Building] INFO  o.a.m.s.f.DefaultMavenResourcesFiltering - Copying 1 resource from src/main/resources to target/classes
2026-06-10 15:46:08,178 [Worker-57: Building] INFO  o.a.m.s.f.DefaultMavenResourcesFiltering - Copying 0 resource from src/main/resources to target/classes
2026-06-10 15:46:08,180 [Worker-57: Building] INFO  o.a.m.s.f.DefaultMavenResourcesFiltering - skip non existing resourceDirectory /Users/macbook/Documents/SpringBoot_SpringFramework/spring-boot-web/src/test/resources
2026-06-10 15:46:08,184 [Worker-57: Building] WARN  o.apache.maven.project.MavenProject - Plugin is modifying compileSourceRoots through clear(), which will not work in Maven 4.0.0. Use MavenProject.addCompileSourceRoot()/removeCompileSourceRoot() methods instead. If using a plugin, please upgrade to the latest version or report the issue to the plugin maintainer. To disable these warnings, set -Dmaven.project.sourceRoots.warningsDisabled=true on the command line, in the .mvn/maven.config file, or in project POM properties.
2026-06-10 15:46:08,184 [Worker-57: Building] WARN  o.apache.maven.project.MavenProject - Plugin is modifying compileSourceRoots through add(), which will not work in Maven 4.0.0. Use MavenProject.addCompileSourceRoot()/removeCompileSourceRoot() methods instead. If using a plugin, please upgrade to the latest version or report the issue to the plugin maintainer. To disable these warnings, set -Dmaven.project.sourceRoots.warningsDisabled=true on the command line, in the .mvn/maven.config file, or in project POM properties.
2026-06-10 15:46:08,185 [Worker-57: Building] WARN  o.apache.maven.project.MavenProject - Plugin is modifying testCompileSourceRoots through clear(), which will not work in Maven 4.0.0. Use MavenProject.addTestCompileSourceRoot()/removeTestCompileSourceRoot() methods instead. If using a plugin, please upgrade to the latest version or report the issue to the plugin maintainer. To disable these warnings, set -Dmaven.project.sourceRoots.warningsDisabled=true on the command line, in the .mvn/maven.config file, or in project POM properties.
2026-06-10 15:46:08,185 [Worker-57: Building] WARN  o.apache.maven.project.MavenProject - Plugin is modifying testCompileSourceRoots through add(), which will not work in Maven 4.0.0. Use MavenProject.addTestCompileSourceRoot()/removeTestCompileSourceRoot() methods instead. If using a plugin, please upgrade to the latest version or report the issue to the plugin maintainer. To disable these warnings, set -Dmaven.project.sourceRoots.warningsDisabled=true on the command line, in the .mvn/maven.config file, or in project POM properties.
2026-06-10 15:46:19,106 [Worker-58: Building] INFO  o.e.m.c.i.l.LifecycleMappingFactory - Using org.eclipse.m2e.jdt.JarLifecycleMapping lifecycle mapping for MavenProject: com.tugrupo:spring-boot-web:0.0.1-SNAPSHOT @ /Users/macbook/Documents/SpringBoot_SpringFramework/spring-boot-web/pom.xml.
2026-06-10 15:46:19,176 [Worker-58: Building] INFO  o.a.m.s.f.DefaultMavenResourcesFiltering - Copying 1 resource from src/main/resources to target/classes
2026-06-10 15:46:19,181 [Worker-58: Building] INFO  o.a.m.s.f.DefaultMavenResourcesFiltering - Copying 0 resource from src/main/resources to target/classes
2026-06-10 15:46:19,183 [Worker-58: Building] INFO  o.a.m.s.f.DefaultMavenResourcesFiltering - skip non existing resourceDirectory /Users/macbook/Documents/SpringBoot_SpringFramework/spring-boot-web/src/test/resources
2026-06-10 15:46:19,185 [Worker-58: Building] WARN  o.apache.maven.project.MavenProject - Plugin is modifying compileSourceRoots through clear(), which will not work in Maven 4.0.0. Use MavenProject.addCompileSourceRoot()/removeCompileSourceRoot() methods instead. If using a plugin, please upgrade to the latest version or report the issue to the plugin maintainer. To disable these warnings, set -Dmaven.project.sourceRoots.warningsDisabled=true on the command line, in the .mvn/maven.config file, or in project POM properties.
2026-06-10 15:46:19,186 [Worker-58: Building] WARN  o.apache.maven.project.MavenProject - Plugin is modifying compileSourceRoots through add(), which will not work in Maven 4.0.0. Use MavenProject.addCompileSourceRoot()/removeCompileSourceRoot() methods instead. If using a plugin, please upgrade to the latest version or report the issue to the plugin maintainer. To disable these warnings, set -Dmaven.project.sourceRoots.warningsDisabled=true on the command line, in the .mvn/maven.config file, or in project POM properties.
2026-06-10 15:46:19,186 [Worker-58: Building] WARN  o.apache.maven.project.MavenProject - Plugin is modifying testCompileSourceRoots through clear(), which will not work in Maven 4.0.0. Use MavenProject.addTestCompileSourceRoot()/removeTestCompileSourceRoot() methods instead. If using a plugin, please upgrade to the latest version or report the issue to the plugin maintainer. To disable these warnings, set -Dmaven.project.sourceRoots.warningsDisabled=true on the command line, in the .mvn/maven.config file, or in project POM properties.
2026-06-10 15:46:19,186 [Worker-58: Building] WARN  o.apache.maven.project.MavenProject - Plugin is modifying testCompileSourceRoots through add(), which will not work in Maven 4.0.0. Use MavenProject.addTestCompileSourceRoot()/removeTestCompileSourceRoot() methods instead. If using a plugin, please upgrade to the latest version or report the issue to the plugin maintainer. To disable these warnings, set -Dmaven.project.sourceRoots.warningsDisabled=true on the command line, in the .mvn/maven.config file, or in project POM properties.
2026-06-10 15:46:35,610 [Worker-52: Updating Maven Project] INFO  o.e.m.c.i.p.ProjectConfigurationManager - Update started
2026-06-10 15:46:35,711 [Worker-52: Updating Maven Project] INFO  o.e.m.c.i.l.LifecycleMappingFactory - Using org.eclipse.m2e.jdt.JarLifecycleMapping lifecycle mapping for MavenProject: com.bolsadeideas.springboot.app:spring-boot-web:0.0.1-SNAPSHOT @ /Users/macbook/Documents/SpringBoot_SpringFramework/spring-boot-web/pom.xml.
2026-06-10 15:46:35,835 [Worker-52: Updating Maven Project] INFO  o.e.m.j.i.AbstractJavaProjectConfigurator - Adding source folder /spring-boot-web/src/main/java
2026-06-10 15:46:35,835 [Worker-52: Updating Maven Project] INFO  o.e.m.j.i.AbstractJavaProjectConfigurator - Adding resource folder /spring-boot-web/src/main/resources
2026-06-10 15:46:35,835 [Worker-52: Updating Maven Project] INFO  o.e.m.j.i.AbstractJavaProjectConfigurator - Adding resource folder /spring-boot-web/src/main/resources
2026-06-10 15:46:35,835 [Worker-52: Updating Maven Project] INFO  o.e.m.j.i.AbstractJavaProjectConfigurator - Adding source folder /spring-boot-web/src/test/java
2026-06-10 15:46:35,835 [Worker-52: Updating Maven Project] INFO  o.e.m.j.i.AbstractJavaProjectConfigurator - Adding resource folder /spring-boot-web/src/test/resources
2026-06-10 15:46:35,858 [Worker-52: Updating Maven Project] WARN  o.apache.maven.project.MavenProject - Plugin is modifying compileSourceRoots through clear(), which will not work in Maven 4.0.0. Use MavenProject.addCompileSourceRoot()/removeCompileSourceRoot() methods instead. If using a plugin, please upgrade to the latest version or report the issue to the plugin maintainer. To disable these warnings, set -Dmaven.project.sourceRoots.warningsDisabled=true on the command line, in the .mvn/maven.config file, or in project POM properties.
2026-06-10 15:46:35,858 [Worker-52: Updating Maven Project] WARN  o.apache.maven.project.MavenProject - Plugin is modifying compileSourceRoots through add(), which will not work in Maven 4.0.0. Use MavenProject.addCompileSourceRoot()/removeCompileSourceRoot() methods instead. If using a plugin, please upgrade to the latest version or report the issue to the plugin maintainer. To disable these warnings, set -Dmaven.project.sourceRoots.warningsDisabled=true on the command line, in the .mvn/maven.config file, or in project POM properties.
2026-06-10 15:46:35,858 [Worker-52: Updating Maven Project] WARN  o.apache.maven.project.MavenProject - Plugin is modifying testCompileSourceRoots through clear(), which will not work in Maven 4.0.0. Use MavenProject.addTestCompileSourceRoot()/removeTestCompileSourceRoot() methods instead. If using a plugin, please upgrade to the latest version or report the issue to the plugin maintainer. To disable these warnings, set -Dmaven.project.sourceRoots.warningsDisabled=true on the command line, in the .mvn/maven.config file, or in project POM properties.
2026-06-10 15:46:35,858 [Worker-52: Updating Maven Project] WARN  o.apache.maven.project.MavenProject - Plugin is modifying testCompileSourceRoots through add(), which will not work in Maven 4.0.0. Use MavenProject.addTestCompileSourceRoot()/removeTestCompileSourceRoot() methods instead. If using a plugin, please upgrade to the latest version or report the issue to the plugin maintainer. To disable these warnings, set -Dmaven.project.sourceRoots.warningsDisabled=true on the command line, in the .mvn/maven.config file, or in project POM properties.
2026-06-10 15:46:35,988 [Worker-52: Updating Maven Project] INFO  o.e.m.c.i.p.ProjectConfigurationManager - Update completed for 1 poms: local refresh takes 0.00 sec, refresh facades takes 0.00 sec, update config takes 0.00 sec 
2026-06-10 15:46:36,157 [Worker-52: Building] INFO  o.a.m.s.f.DefaultMavenResourcesFiltering - Copying 1 resource from src/main/resources to target/classes
2026-06-10 15:46:36,162 [Worker-52: Building] INFO  o.a.m.s.f.DefaultMavenResourcesFiltering - Copying 0 resource from src/main/resources to target/classes
2026-06-10 15:46:36,164 [Worker-52: Building] INFO  o.a.m.s.f.DefaultMavenResourcesFiltering - skip non existing resourceDirectory /Users/macbook/Documents/SpringBoot_SpringFramework/spring-boot-web/src/test/resources
2026-06-10 15:46:36,167 [Worker-52: Building] WARN  o.apache.maven.project.MavenProject - Plugin is modifying compileSourceRoots through clear(), which will not work in Maven 4.0.0. Use MavenProject.addCompileSourceRoot()/removeCompileSourceRoot() methods instead. If using a plugin, please upgrade to the latest version or report the issue to the plugin maintainer. To disable these warnings, set -Dmaven.project.sourceRoots.warningsDisabled=true on the command line, in the .mvn/maven.config file, or in project POM properties.
2026-06-10 15:46:36,167 [Worker-52: Building] WARN  o.apache.maven.project.MavenProject - Plugin is modifying compileSourceRoots through add(), which will not work in Maven 4.0.0. Use MavenProject.addCompileSourceRoot()/removeCompileSourceRoot() methods instead. If using a plugin, please upgrade to the latest version or report the issue to the plugin maintainer. To disable these warnings, set -Dmaven.project.sourceRoots.warningsDisabled=true on the command line, in the .mvn/maven.config file, or in project POM properties.
2026-06-10 15:46:36,168 [Worker-52: Building] WARN  o.apache.maven.project.MavenProject - Plugin is modifying testCompileSourceRoots through clear(), which will not work in Maven 4.0.0. Use MavenProject.addTestCompileSourceRoot()/removeTestCompileSourceRoot() methods instead. If using a plugin, please upgrade to the latest version or report the issue to the plugin maintainer. To disable these warnings, set -Dmaven.project.sourceRoots.warningsDisabled=true on the command line, in the .mvn/maven.config file, or in project POM properties.
2026-06-10 15:46:36,168 [Worker-52: Building] WARN  o.apache.maven.project.MavenProject - Plugin is modifying testCompileSourceRoots through add(), which will not work in Maven 4.0.0. Use MavenProject.addTestCompileSourceRoot()/removeTestCompileSourceRoot() methods instead. If using a plugin, please upgrade to the latest version or report the issue to the plugin maintainer. To disable these warnings, set -Dmaven.project.sourceRoots.warningsDisabled=true on the command line, in the .mvn/maven.config file, or in project POM properties.
2026-06-10 15:51:03,974 [Worker-60: Building] INFO  o.a.m.s.f.DefaultMavenResourcesFiltering - Copying 0 resource from src/main/resources to target/classes
2026-06-10 15:51:03,975 [Worker-60: Building] INFO  o.a.m.s.f.DefaultMavenResourcesFiltering - Copying 0 resource from src/main/resources to target/classes
2026-06-10 15:51:03,976 [Worker-60: Building] INFO  o.a.m.s.f.DefaultMavenResourcesFiltering - skip non existing resourceDirectory /Users/macbook/Documents/SpringBoot_SpringFramework/spring-boot-web/src/test/resources
2026-06-10 15:51:03,976 [Worker-60: Building] WARN  o.apache.maven.project.MavenProject - Plugin is modifying compileSourceRoots through clear(), which will not work in Maven 4.0.0. Use MavenProject.addCompileSourceRoot()/removeCompileSourceRoot() methods instead. If using a plugin, please upgrade to the latest version or report the issue to the plugin maintainer. To disable these warnings, set -Dmaven.project.sourceRoots.warningsDisabled=true on the command line, in the .mvn/maven.config file, or in project POM properties.
2026-06-10 15:51:03,977 [Worker-60: Building] WARN  o.apache.maven.project.MavenProject - Plugin is modifying compileSourceRoots through add(), which will not work in Maven 4.0.0. Use MavenProject.addCompileSourceRoot()/removeCompileSourceRoot() methods instead. If using a plugin, please upgrade to the latest version or report the issue to the plugin maintainer. To disable these warnings, set -Dmaven.project.sourceRoots.warningsDisabled=true on the command line, in the .mvn/maven.config file, or in project POM properties.
2026-06-10 15:51:03,977 [Worker-60: Building] WARN  o.apache.maven.project.MavenProject - Plugin is modifying testCompileSourceRoots through clear(), which will not work in Maven 4.0.0. Use MavenProject.addTestCompileSourceRoot()/removeTestCompileSourceRoot() methods instead. If using a plugin, please upgrade to the latest version or report the issue to the plugin maintainer. To disable these warnings, set -Dmaven.project.sourceRoots.warningsDisabled=true on the command line, in the .mvn/maven.config file, or in project POM properties.
2026-06-10 15:51:03,977 [Worker-60: Building] WARN  o.apache.maven.project.MavenProject - Plugin is modifying testCompileSourceRoots through add(), which will not work in Maven 4.0.0. Use MavenProject.addTestCompileSourceRoot()/removeTestCompileSourceRoot() methods instead. If using a plugin, please upgrade to the latest version or report the issue to the plugin maintainer. To disable these warnings, set -Dmaven.project.sourceRoots.warningsDisabled=true on the command line, in the .mvn/maven.config file, or in project POM properties.
2026-06-10 15:52:41,825 [Worker-58: Building] INFO  o.a.m.s.f.DefaultMavenResourcesFiltering - Copying 0 resource from src/main/resources to target/classes
2026-06-10 15:52:41,825 [Worker-58: Building] INFO  o.a.m.s.f.DefaultMavenResourcesFiltering - Copying 0 resource from src/main/resources to target/classes
2026-06-10 15:52:41,826 [Worker-58: Building] INFO  o.a.m.s.f.DefaultMavenResourcesFiltering - skip non existing resourceDirectory /Users/macbook/Documents/SpringBoot_SpringFramework/spring-boot-web/src/test/resources
2026-06-10 15:52:41,826 [Worker-58: Building] WARN  o.apache.maven.project.MavenProject - Plugin is modifying compileSourceRoots through clear(), which will not work in Maven 4.0.0. Use MavenProject.addCompileSourceRoot()/removeCompileSourceRoot() methods instead. If using a plugin, please upgrade to the latest version or report the issue to the plugin maintainer. To disable these warnings, set -Dmaven.project.sourceRoots.warningsDisabled=true on the command line, in the .mvn/maven.config file, or in project POM properties.
2026-06-10 15:52:41,827 [Worker-58: Building] WARN  o.apache.maven.project.MavenProject - Plugin is modifying compileSourceRoots through add(), which will not work in Maven 4.0.0. Use MavenProject.addCompileSourceRoot()/removeCompileSourceRoot() methods instead. If using a plugin, please upgrade to the latest version or report the issue to the plugin maintainer. To disable these warnings, set -Dmaven.project.sourceRoots.warningsDisabled=true on the command line, in the .mvn/maven.config file, or in project POM properties.
2026-06-10 15:52:41,827 [Worker-58: Building] WARN  o.apache.maven.project.MavenProject - Plugin is modifying testCompileSourceRoots through clear(), which will not work in Maven 4.0.0. Use MavenProject.addTestCompileSourceRoot()/removeTestCompileSourceRoot() methods instead. If using a plugin, please upgrade to the latest version or report the issue to the plugin maintainer. To disable these warnings, set -Dmaven.project.sourceRoots.warningsDisabled=true on the command line, in the .mvn/maven.config file, or in project POM properties.
2026-06-10 15:52:41,827 [Worker-58: Building] WARN  o.apache.maven.project.MavenProject - Plugin is modifying testCompileSourceRoots through add(), which will not work in Maven 4.0.0. Use MavenProject.addTestCompileSourceRoot()/removeTestCompileSourceRoot() methods instead. If using a plugin, please upgrade to the latest version or report the issue to the plugin maintainer. To disable these warnings, set -Dmaven.project.sourceRoots.warningsDisabled=true on the command line, in the .mvn/maven.config file, or in project POM properties.
2026-06-10 16:06:09,672 [Worker-60: Building] INFO  o.a.m.s.f.DefaultMavenResourcesFiltering - Copying 0 resource from src/main/resources to target/classes
2026-06-10 16:06:09,673 [Worker-60: Building] INFO  o.a.m.s.f.DefaultMavenResourcesFiltering - Copying 0 resource from src/main/resources to target/classes
2026-06-10 16:06:09,674 [Worker-60: Building] INFO  o.a.m.s.f.DefaultMavenResourcesFiltering - skip non existing resourceDirectory /Users/macbook/Documents/SpringBoot_SpringFramework/spring-boot-web/src/test/resources
2026-06-10 16:06:09,674 [Worker-60: Building] WARN  o.apache.maven.project.MavenProject - Plugin is modifying compileSourceRoots through clear(), which will not work in Maven 4.0.0. Use MavenProject.addCompileSourceRoot()/removeCompileSourceRoot() methods instead. If using a plugin, please upgrade to the latest version or report the issue to the plugin maintainer. To disable these warnings, set -Dmaven.project.sourceRoots.warningsDisabled=true on the command line, in the .mvn/maven.config file, or in project POM properties.
2026-06-10 16:06:09,675 [Worker-60: Building] WARN  o.apache.maven.project.MavenProject - Plugin is modifying compileSourceRoots through add(), which will not work in Maven 4.0.0. Use MavenProject.addCompileSourceRoot()/removeCompileSourceRoot() methods instead. If using a plugin, please upgrade to the latest version or report the issue to the plugin maintainer. To disable these warnings, set -Dmaven.project.sourceRoots.warningsDisabled=true on the command line, in the .mvn/maven.config file, or in project POM properties.
2026-06-10 16:06:09,675 [Worker-60: Building] WARN  o.apache.maven.project.MavenProject - Plugin is modifying testCompileSourceRoots through clear(), which will not work in Maven 4.0.0. Use MavenProject.addTestCompileSourceRoot()/removeTestCompileSourceRoot() methods instead. If using a plugin, please upgrade to the latest version or report the issue to the plugin maintainer. To disable these warnings, set -Dmaven.project.sourceRoots.warningsDisabled=true on the command line, in the .mvn/maven.config file, or in project POM properties.
2026-06-10 16:06:09,676 [Worker-60: Building] WARN  o.apache.maven.project.MavenProject - Plugin is modifying testCompileSourceRoots through add(), which will not work in Maven 4.0.0. Use MavenProject.addTestCompileSourceRoot()/removeTestCompileSourceRoot() methods instead. If using a plugin, please upgrade to the latest version or report the issue to the plugin maintainer. To disable these warnings, set -Dmaven.project.sourceRoots.warningsDisabled=true on the command line, in the .mvn/maven.config file, or in project POM properties.
2026-06-10 16:07:02,604 [Worker-58: Building] INFO  o.a.m.s.f.DefaultMavenResourcesFiltering - Copying 1 resource from src/main/resources to target/classes
2026-06-10 16:07:02,607 [Worker-58: Building] INFO  o.a.m.s.f.DefaultMavenResourcesFiltering - Copying 0 resource from src/main/resources to target/classes
2026-06-10 16:07:02,608 [Worker-58: Building] INFO  o.a.m.s.f.DefaultMavenResourcesFiltering - skip non existing resourceDirectory /Users/macbook/Documents/SpringBoot_SpringFramework/spring-boot-web/src/test/resources
2026-06-10 16:07:02,611 [Worker-58: Building] WARN  o.apache.maven.project.MavenProject - Plugin is modifying compileSourceRoots through clear(), which will not work in Maven 4.0.0. Use MavenProject.addCompileSourceRoot()/removeCompileSourceRoot() methods instead. If using a plugin, please upgrade to the latest version or report the issue to the plugin maintainer. To disable these warnings, set -Dmaven.project.sourceRoots.warningsDisabled=true on the command line, in the .mvn/maven.config file, or in project POM properties.
2026-06-10 16:07:02,612 [Worker-58: Building] WARN  o.apache.maven.project.MavenProject - Plugin is modifying compileSourceRoots through add(), which will not work in Maven 4.0.0. Use MavenProject.addCompileSourceRoot()/removeCompileSourceRoot() methods instead. If using a plugin, please upgrade to the latest version or report the issue to the plugin maintainer. To disable these warnings, set -Dmaven.project.sourceRoots.warningsDisabled=true on the command line, in the .mvn/maven.config file, or in project POM properties.
2026-06-10 16:07:02,613 [Worker-58: Building] WARN  o.apache.maven.project.MavenProject - Plugin is modifying testCompileSourceRoots through clear(), which will not work in Maven 4.0.0. Use MavenProject.addTestCompileSourceRoot()/removeTestCompileSourceRoot() methods instead. If using a plugin, please upgrade to the latest version or report the issue to the plugin maintainer. To disable these warnings, set -Dmaven.project.sourceRoots.warningsDisabled=true on the command line, in the .mvn/maven.config file, or in project POM properties.
2026-06-10 16:07:02,613 [Worker-58: Building] WARN  o.apache.maven.project.MavenProject - Plugin is modifying testCompileSourceRoots through add(), which will not work in Maven 4.0.0. Use MavenProject.addTestCompileSourceRoot()/removeTestCompileSourceRoot() methods instead. If using a plugin, please upgrade to the latest version or report the issue to the plugin maintainer. To disable these warnings, set -Dmaven.project.sourceRoots.warningsDisabled=true on the command line, in the .mvn/maven.config file, or in project POM properties.
2026-06-10 16:10:05,344 [Worker-58: Building] INFO  o.a.m.s.f.DefaultMavenResourcesFiltering - Copying 0 resource from src/main/resources to target/classes
2026-06-10 16:10:05,344 [Worker-58: Building] INFO  o.a.m.s.f.DefaultMavenResourcesFiltering - Copying 1 resource from src/main/resources to target/classes
2026-06-10 16:10:05,348 [Worker-58: Building] INFO  o.a.m.s.f.DefaultMavenResourcesFiltering - skip non existing resourceDirectory /Users/macbook/Documents/SpringBoot_SpringFramework/spring-boot-web/src/test/resources
2026-06-10 16:10:05,348 [Worker-58: Building] WARN  o.apache.maven.project.MavenProject - Plugin is modifying compileSourceRoots through clear(), which will not work in Maven 4.0.0. Use MavenProject.addCompileSourceRoot()/removeCompileSourceRoot() methods instead. If using a plugin, please upgrade to the latest version or report the issue to the plugin maintainer. To disable these warnings, set -Dmaven.project.sourceRoots.warningsDisabled=true on the command line, in the .mvn/maven.config file, or in project POM properties.
2026-06-10 16:10:05,350 [Worker-58: Building] WARN  o.apache.maven.project.MavenProject - Plugin is modifying compileSourceRoots through add(), which will not work in Maven 4.0.0. Use MavenProject.addCompileSourceRoot()/removeCompileSourceRoot() methods instead. If using a plugin, please upgrade to the latest version or report the issue to the plugin maintainer. To disable these warnings, set -Dmaven.project.sourceRoots.warningsDisabled=true on the command line, in the .mvn/maven.config file, or in project POM properties.
2026-06-10 16:10:05,351 [Worker-58: Building] WARN  o.apache.maven.project.MavenProject - Plugin is modifying testCompileSourceRoots through clear(), which will not work in Maven 4.0.0. Use MavenProject.addTestCompileSourceRoot()/removeTestCompileSourceRoot() methods instead. If using a plugin, please upgrade to the latest version or report the issue to the plugin maintainer. To disable these warnings, set -Dmaven.project.sourceRoots.warningsDisabled=true on the command line, in the .mvn/maven.config file, or in project POM properties.
2026-06-10 16:10:05,351 [Worker-58: Building] WARN  o.apache.maven.project.MavenProject - Plugin is modifying testCompileSourceRoots through add(), which will not work in Maven 4.0.0. Use MavenProject.addTestCompileSourceRoot()/removeTestCompileSourceRoot() methods instead. If using a plugin, please upgrade to the latest version or report the issue to the plugin maintainer. To disable these warnings, set -Dmaven.project.sourceRoots.warningsDisabled=true on the command line, in the .mvn/maven.config file, or in project POM properties.
2026-06-10 16:14:17,332 [Worker-66: Building] INFO  o.a.m.s.f.DefaultMavenResourcesFiltering - Copying 0 resource from src/main/resources to target/classes
2026-06-10 16:14:17,333 [Worker-66: Building] INFO  o.a.m.s.f.DefaultMavenResourcesFiltering - Copying 1 resource from src/main/resources to target/classes
2026-06-10 16:14:17,335 [Worker-66: Building] INFO  o.a.m.s.f.DefaultMavenResourcesFiltering - skip non existing resourceDirectory /Users/macbook/Documents/SpringBoot_SpringFramework/spring-boot-web/src/test/resources
2026-06-10 16:14:17,336 [Worker-66: Building] WARN  o.apache.maven.project.MavenProject - Plugin is modifying compileSourceRoots through clear(), which will not work in Maven 4.0.0. Use MavenProject.addCompileSourceRoot()/removeCompileSourceRoot() methods instead. If using a plugin, please upgrade to the latest version or report the issue to the plugin maintainer. To disable these warnings, set -Dmaven.project.sourceRoots.warningsDisabled=true on the command line, in the .mvn/maven.config file, or in project POM properties.
2026-06-10 16:14:17,337 [Worker-66: Building] WARN  o.apache.maven.project.MavenProject - Plugin is modifying compileSourceRoots through add(), which will not work in Maven 4.0.0. Use MavenProject.addCompileSourceRoot()/removeCompileSourceRoot() methods instead. If using a plugin, please upgrade to the latest version or report the issue to the plugin maintainer. To disable these warnings, set -Dmaven.project.sourceRoots.warningsDisabled=true on the command line, in the .mvn/maven.config file, or in project POM properties.
2026-06-10 16:14:17,337 [Worker-66: Building] WARN  o.apache.maven.project.MavenProject - Plugin is modifying testCompileSourceRoots through clear(), which will not work in Maven 4.0.0. Use MavenProject.addTestCompileSourceRoot()/removeTestCompileSourceRoot() methods instead. If using a plugin, please upgrade to the latest version or report the issue to the plugin maintainer. To disable these warnings, set -Dmaven.project.sourceRoots.warningsDisabled=true on the command line, in the .mvn/maven.config file, or in project POM properties.
2026-06-10 16:14:17,337 [Worker-66: Building] WARN  o.apache.maven.project.MavenProject - Plugin is modifying testCompileSourceRoots through add(), which will not work in Maven 4.0.0. Use MavenProject.addTestCompileSourceRoot()/removeTestCompileSourceRoot() methods instead. If using a plugin, please upgrade to the latest version or report the issue to the plugin maintainer. To disable these warnings, set -Dmaven.project.sourceRoots.warningsDisabled=true on the command line, in the .mvn/maven.config file, or in project POM properties.
2026-06-10 16:45:55,209 [Worker-73: Building] INFO  o.a.m.s.f.DefaultMavenResourcesFiltering - Copying 1 resource from src/main/resources to target/classes
2026-06-10 16:45:55,216 [Worker-73: Building] INFO  o.a.m.s.f.DefaultMavenResourcesFiltering - Copying 1 resource from src/main/resources to target/classes
2026-06-10 16:45:55,217 [Worker-73: Building] INFO  o.a.m.s.f.DefaultMavenResourcesFiltering - skip non existing resourceDirectory /Users/macbook/Documents/SpringBoot_SpringFramework/spring-boot-web/src/test/resources
2026-06-10 16:45:55,217 [Worker-73: Building] WARN  o.apache.maven.project.MavenProject - Plugin is modifying compileSourceRoots through clear(), which will not work in Maven 4.0.0. Use MavenProject.addCompileSourceRoot()/removeCompileSourceRoot() methods instead. If using a plugin, please upgrade to the latest version or report the issue to the plugin maintainer. To disable these warnings, set -Dmaven.project.sourceRoots.warningsDisabled=true on the command line, in the .mvn/maven.config file, or in project POM properties.
2026-06-10 16:45:55,218 [Worker-73: Building] WARN  o.apache.maven.project.MavenProject - Plugin is modifying compileSourceRoots through add(), which will not work in Maven 4.0.0. Use MavenProject.addCompileSourceRoot()/removeCompileSourceRoot() methods instead. If using a plugin, please upgrade to the latest version or report the issue to the plugin maintainer. To disable these warnings, set -Dmaven.project.sourceRoots.warningsDisabled=true on the command line, in the .mvn/maven.config file, or in project POM properties.
2026-06-10 16:45:55,218 [Worker-73: Building] WARN  o.apache.maven.project.MavenProject - Plugin is modifying testCompileSourceRoots through clear(), which will not work in Maven 4.0.0. Use MavenProject.addTestCompileSourceRoot()/removeTestCompileSourceRoot() methods instead. If using a plugin, please upgrade to the latest version or report the issue to the plugin maintainer. To disable these warnings, set -Dmaven.project.sourceRoots.warningsDisabled=true on the command line, in the .mvn/maven.config file, or in project POM properties.
2026-06-10 16:45:55,218 [Worker-73: Building] WARN  o.apache.maven.project.MavenProject - Plugin is modifying testCompileSourceRoots through add(), which will not work in Maven 4.0.0. Use MavenProject.addTestCompileSourceRoot()/removeTestCompileSourceRoot() methods instead. If using a plugin, please upgrade to the latest version or report the issue to the plugin maintainer. To disable these warnings, set -Dmaven.project.sourceRoots.warningsDisabled=true on the command line, in the .mvn/maven.config file, or in project POM properties.
2026-06-10 16:49:28,031 [Worker-75: Building] INFO  o.a.m.s.f.DefaultMavenResourcesFiltering - Copying 0 resource from src/main/resources to target/classes
2026-06-10 16:49:28,032 [Worker-75: Building] INFO  o.a.m.s.f.DefaultMavenResourcesFiltering - Copying 1 resource from src/main/resources to target/classes
2026-06-10 16:49:28,034 [Worker-75: Building] INFO  o.a.m.s.f.DefaultMavenResourcesFiltering - skip non existing resourceDirectory /Users/macbook/Documents/SpringBoot_SpringFramework/spring-boot-web/src/test/resources
2026-06-10 16:49:28,034 [Worker-75: Building] WARN  o.apache.maven.project.MavenProject - Plugin is modifying compileSourceRoots through clear(), which will not work in Maven 4.0.0. Use MavenProject.addCompileSourceRoot()/removeCompileSourceRoot() methods instead. If using a plugin, please upgrade to the latest version or report the issue to the plugin maintainer. To disable these warnings, set -Dmaven.project.sourceRoots.warningsDisabled=true on the command line, in the .mvn/maven.config file, or in project POM properties.
2026-06-10 16:49:28,035 [Worker-75: Building] WARN  o.apache.maven.project.MavenProject - Plugin is modifying compileSourceRoots through add(), which will not work in Maven 4.0.0. Use MavenProject.addCompileSourceRoot()/removeCompileSourceRoot() methods instead. If using a plugin, please upgrade to the latest version or report the issue to the plugin maintainer. To disable these warnings, set -Dmaven.project.sourceRoots.warningsDisabled=true on the command line, in the .mvn/maven.config file, or in project POM properties.
2026-06-10 16:49:28,035 [Worker-75: Building] WARN  o.apache.maven.project.MavenProject - Plugin is modifying testCompileSourceRoots through clear(), which will not work in Maven 4.0.0. Use MavenProject.addTestCompileSourceRoot()/removeTestCompileSourceRoot() methods instead. If using a plugin, please upgrade to the latest version or report the issue to the plugin maintainer. To disable these warnings, set -Dmaven.project.sourceRoots.warningsDisabled=true on the command line, in the .mvn/maven.config file, or in project POM properties.
2026-06-10 16:49:28,035 [Worker-75: Building] WARN  o.apache.maven.project.MavenProject - Plugin is modifying testCompileSourceRoots through add(), which will not work in Maven 4.0.0. Use MavenProject.addTestCompileSourceRoot()/removeTestCompileSourceRoot() methods instead. If using a plugin, please upgrade to the latest version or report the issue to the plugin maintainer. To disable these warnings, set -Dmaven.project.sourceRoots.warningsDisabled=true on the command line, in the .mvn/maven.config file, or in project POM properties.
2026-06-10 16:51:17,929 [Worker-71: Building] INFO  o.a.m.s.f.DefaultMavenResourcesFiltering - Copying 0 resource from src/main/resources to target/classes
2026-06-10 16:51:17,930 [Worker-71: Building] INFO  o.a.m.s.f.DefaultMavenResourcesFiltering - Copying 1 resource from src/main/resources to target/classes
2026-06-10 16:51:17,932 [Worker-71: Building] INFO  o.a.m.s.f.DefaultMavenResourcesFiltering - skip non existing resourceDirectory /Users/macbook/Documents/SpringBoot_SpringFramework/spring-boot-web/src/test/resources
2026-06-10 16:51:17,932 [Worker-71: Building] WARN  o.apache.maven.project.MavenProject - Plugin is modifying compileSourceRoots through clear(), which will not work in Maven 4.0.0. Use MavenProject.addCompileSourceRoot()/removeCompileSourceRoot() methods instead. If using a plugin, please upgrade to the latest version or report the issue to the plugin maintainer. To disable these warnings, set -Dmaven.project.sourceRoots.warningsDisabled=true on the command line, in the .mvn/maven.config file, or in project POM properties.
2026-06-10 16:51:17,933 [Worker-71: Building] WARN  o.apache.maven.project.MavenProject - Plugin is modifying compileSourceRoots through add(), which will not work in Maven 4.0.0. Use MavenProject.addCompileSourceRoot()/removeCompileSourceRoot() methods instead. If using a plugin, please upgrade to the latest version or report the issue to the plugin maintainer. To disable these warnings, set -Dmaven.project.sourceRoots.warningsDisabled=true on the command line, in the .mvn/maven.config file, or in project POM properties.
2026-06-10 16:51:17,933 [Worker-71: Building] WARN  o.apache.maven.project.MavenProject - Plugin is modifying testCompileSourceRoots through clear(), which will not work in Maven 4.0.0. Use MavenProject.addTestCompileSourceRoot()/removeTestCompileSourceRoot() methods instead. If using a plugin, please upgrade to the latest version or report the issue to the plugin maintainer. To disable these warnings, set -Dmaven.project.sourceRoots.warningsDisabled=true on the command line, in the .mvn/maven.config file, or in project POM properties.
2026-06-10 16:51:17,933 [Worker-71: Building] WARN  o.apache.maven.project.MavenProject - Plugin is modifying testCompileSourceRoots through add(), which will not work in Maven 4.0.0. Use MavenProject.addTestCompileSourceRoot()/removeTestCompileSourceRoot() methods instead. If using a plugin, please upgrade to the latest version or report the issue to the plugin maintainer. To disable these warnings, set -Dmaven.project.sourceRoots.warningsDisabled=true on the command line, in the .mvn/maven.config file, or in project POM properties.
2026-06-10 16:52:29,900 [Worker-76: Building] INFO  o.a.m.s.f.DefaultMavenResourcesFiltering - Copying 0 resource from src/main/resources to target/classes
2026-06-10 16:52:29,901 [Worker-76: Building] INFO  o.a.m.s.f.DefaultMavenResourcesFiltering - Copying 1 resource from src/main/resources to target/classes
2026-06-10 16:52:29,903 [Worker-76: Building] INFO  o.a.m.s.f.DefaultMavenResourcesFiltering - skip non existing resourceDirectory /Users/macbook/Documents/SpringBoot_SpringFramework/spring-boot-web/src/test/resources
2026-06-10 16:52:29,903 [Worker-76: Building] WARN  o.apache.maven.project.MavenProject - Plugin is modifying compileSourceRoots through clear(), which will not work in Maven 4.0.0. Use MavenProject.addCompileSourceRoot()/removeCompileSourceRoot() methods instead. If using a plugin, please upgrade to the latest version or report the issue to the plugin maintainer. To disable these warnings, set -Dmaven.project.sourceRoots.warningsDisabled=true on the command line, in the .mvn/maven.config file, or in project POM properties.
2026-06-10 16:52:29,904 [Worker-76: Building] WARN  o.apache.maven.project.MavenProject - Plugin is modifying compileSourceRoots through add(), which will not work in Maven 4.0.0. Use MavenProject.addCompileSourceRoot()/removeCompileSourceRoot() methods instead. If using a plugin, please upgrade to the latest version or report the issue to the plugin maintainer. To disable these warnings, set -Dmaven.project.sourceRoots.warningsDisabled=true on the command line, in the .mvn/maven.config file, or in project POM properties.
2026-06-10 16:52:29,904 [Worker-76: Building] WARN  o.apache.maven.project.MavenProject - Plugin is modifying testCompileSourceRoots through clear(), which will not work in Maven 4.0.0. Use MavenProject.addTestCompileSourceRoot()/removeTestCompileSourceRoot() methods instead. If using a plugin, please upgrade to the latest version or report the issue to the plugin maintainer. To disable these warnings, set -Dmaven.project.sourceRoots.warningsDisabled=true on the command line, in the .mvn/maven.config file, or in project POM properties.
2026-06-10 16:52:29,904 [Worker-76: Building] WARN  o.apache.maven.project.MavenProject - Plugin is modifying testCompileSourceRoots through add(), which will not work in Maven 4.0.0. Use MavenProject.addTestCompileSourceRoot()/removeTestCompileSourceRoot() methods instead. If using a plugin, please upgrade to the latest version or report the issue to the plugin maintainer. To disable these warnings, set -Dmaven.project.sourceRoots.warningsDisabled=true on the command line, in the .mvn/maven.config file, or in project POM properties.
2026-06-10 16:54:22,646 [Worker-72: Building] INFO  o.a.m.s.f.DefaultMavenResourcesFiltering - Copying 1 resource from src/main/resources to target/classes
2026-06-10 16:54:22,651 [Worker-72: Building] INFO  o.a.m.s.f.DefaultMavenResourcesFiltering - Copying 1 resource from src/main/resources to target/classes
2026-06-10 16:54:22,652 [Worker-72: Building] INFO  o.a.m.s.f.DefaultMavenResourcesFiltering - skip non existing resourceDirectory /Users/macbook/Documents/SpringBoot_SpringFramework/spring-boot-web/src/test/resources
2026-06-10 16:54:22,652 [Worker-72: Building] WARN  o.apache.maven.project.MavenProject - Plugin is modifying compileSourceRoots through clear(), which will not work in Maven 4.0.0. Use MavenProject.addCompileSourceRoot()/removeCompileSourceRoot() methods instead. If using a plugin, please upgrade to the latest version or report the issue to the plugin maintainer. To disable these warnings, set -Dmaven.project.sourceRoots.warningsDisabled=true on the command line, in the .mvn/maven.config file, or in project POM properties.
2026-06-10 16:54:22,652 [Worker-72: Building] WARN  o.apache.maven.project.MavenProject - Plugin is modifying compileSourceRoots through add(), which will not work in Maven 4.0.0. Use MavenProject.addCompileSourceRoot()/removeCompileSourceRoot() methods instead. If using a plugin, please upgrade to the latest version or report the issue to the plugin maintainer. To disable these warnings, set -Dmaven.project.sourceRoots.warningsDisabled=true on the command line, in the .mvn/maven.config file, or in project POM properties.
2026-06-10 16:54:22,652 [Worker-72: Building] WARN  o.apache.maven.project.MavenProject - Plugin is modifying testCompileSourceRoots through clear(), which will not work in Maven 4.0.0. Use MavenProject.addTestCompileSourceRoot()/removeTestCompileSourceRoot() methods instead. If using a plugin, please upgrade to the latest version or report the issue to the plugin maintainer. To disable these warnings, set -Dmaven.project.sourceRoots.warningsDisabled=true on the command line, in the .mvn/maven.config file, or in project POM properties.
2026-06-10 16:54:22,652 [Worker-72: Building] WARN  o.apache.maven.project.MavenProject - Plugin is modifying testCompileSourceRoots through add(), which will not work in Maven 4.0.0. Use MavenProject.addTestCompileSourceRoot()/removeTestCompileSourceRoot() methods instead. If using a plugin, please upgrade to the latest version or report the issue to the plugin maintainer. To disable these warnings, set -Dmaven.project.sourceRoots.warningsDisabled=true on the command line, in the .mvn/maven.config file, or in project POM properties.
2026-06-10 16:57:11,846 [Worker-83: Building] INFO  o.a.m.s.f.DefaultMavenResourcesFiltering - Copying 1 resource from src/main/resources to target/classes
2026-06-10 16:57:11,850 [Worker-83: Building] INFO  o.a.m.s.f.DefaultMavenResourcesFiltering - Copying 1 resource from src/main/resources to target/classes
2026-06-10 16:57:11,851 [Worker-83: Building] INFO  o.a.m.s.f.DefaultMavenResourcesFiltering - skip non existing resourceDirectory /Users/macbook/Documents/SpringBoot_SpringFramework/spring-boot-web/src/test/resources
2026-06-10 16:57:11,851 [Worker-83: Building] WARN  o.apache.maven.project.MavenProject - Plugin is modifying compileSourceRoots through clear(), which will not work in Maven 4.0.0. Use MavenProject.addCompileSourceRoot()/removeCompileSourceRoot() methods instead. If using a plugin, please upgrade to the latest version or report the issue to the plugin maintainer. To disable these warnings, set -Dmaven.project.sourceRoots.warningsDisabled=true on the command line, in the .mvn/maven.config file, or in project POM properties.
2026-06-10 16:57:11,852 [Worker-83: Building] WARN  o.apache.maven.project.MavenProject - Plugin is modifying compileSourceRoots through add(), which will not work in Maven 4.0.0. Use MavenProject.addCompileSourceRoot()/removeCompileSourceRoot() methods instead. If using a plugin, please upgrade to the latest version or report the issue to the plugin maintainer. To disable these warnings, set -Dmaven.project.sourceRoots.warningsDisabled=true on the command line, in the .mvn/maven.config file, or in project POM properties.
2026-06-10 16:57:11,852 [Worker-83: Building] WARN  o.apache.maven.project.MavenProject - Plugin is modifying testCompileSourceRoots through clear(), which will not work in Maven 4.0.0. Use MavenProject.addTestCompileSourceRoot()/removeTestCompileSourceRoot() methods instead. If using a plugin, please upgrade to the latest version or report the issue to the plugin maintainer. To disable these warnings, set -Dmaven.project.sourceRoots.warningsDisabled=true on the command line, in the .mvn/maven.config file, or in project POM properties.
2026-06-10 16:57:11,852 [Worker-83: Building] WARN  o.apache.maven.project.MavenProject - Plugin is modifying testCompileSourceRoots through add(), which will not work in Maven 4.0.0. Use MavenProject.addTestCompileSourceRoot()/removeTestCompileSourceRoot() methods instead. If using a plugin, please upgrade to the latest version or report the issue to the plugin maintainer. To disable these warnings, set -Dmaven.project.sourceRoots.warningsDisabled=true on the command line, in the .mvn/maven.config file, or in project POM properties.
2026-06-10 16:57:21,027 [Worker-78: Building] INFO  o.a.m.s.f.DefaultMavenResourcesFiltering - Copying 1 resource from src/main/resources to target/classes
2026-06-10 16:57:21,029 [Worker-78: Building] INFO  o.a.m.s.f.DefaultMavenResourcesFiltering - Copying 1 resource from src/main/resources to target/classes
2026-06-10 16:57:21,030 [Worker-78: Building] INFO  o.a.m.s.f.DefaultMavenResourcesFiltering - skip non existing resourceDirectory /Users/macbook/Documents/SpringBoot_SpringFramework/spring-boot-web/src/test/resources
2026-06-10 16:57:21,030 [Worker-78: Building] WARN  o.apache.maven.project.MavenProject - Plugin is modifying compileSourceRoots through clear(), which will not work in Maven 4.0.0. Use MavenProject.addCompileSourceRoot()/removeCompileSourceRoot() methods instead. If using a plugin, please upgrade to the latest version or report the issue to the plugin maintainer. To disable these warnings, set -Dmaven.project.sourceRoots.warningsDisabled=true on the command line, in the .mvn/maven.config file, or in project POM properties.
2026-06-10 16:57:21,031 [Worker-78: Building] WARN  o.apache.maven.project.MavenProject - Plugin is modifying compileSourceRoots through add(), which will not work in Maven 4.0.0. Use MavenProject.addCompileSourceRoot()/removeCompileSourceRoot() methods instead. If using a plugin, please upgrade to the latest version or report the issue to the plugin maintainer. To disable these warnings, set -Dmaven.project.sourceRoots.warningsDisabled=true on the command line, in the .mvn/maven.config file, or in project POM properties.
2026-06-10 16:57:21,031 [Worker-78: Building] WARN  o.apache.maven.project.MavenProject - Plugin is modifying testCompileSourceRoots through clear(), which will not work in Maven 4.0.0. Use MavenProject.addTestCompileSourceRoot()/removeTestCompileSourceRoot() methods instead. If using a plugin, please upgrade to the latest version or report the issue to the plugin maintainer. To disable these warnings, set -Dmaven.project.sourceRoots.warningsDisabled=true on the command line, in the .mvn/maven.config file, or in project POM properties.
2026-06-10 16:57:21,031 [Worker-78: Building] WARN  o.apache.maven.project.MavenProject - Plugin is modifying testCompileSourceRoots through add(), which will not work in Maven 4.0.0. Use MavenProject.addTestCompileSourceRoot()/removeTestCompileSourceRoot() methods instead. If using a plugin, please upgrade to the latest version or report the issue to the plugin maintainer. To disable these warnings, set -Dmaven.project.sourceRoots.warningsDisabled=true on the command line, in the .mvn/maven.config file, or in project POM properties.
2026-06-10 16:58:01,077 [Worker-84: Building] INFO  o.a.m.s.f.DefaultMavenResourcesFiltering - Copying 1 resource from src/main/resources to target/classes
2026-06-10 16:58:01,083 [Worker-84: Building] INFO  o.a.m.s.f.DefaultMavenResourcesFiltering - Copying 1 resource from src/main/resources to target/classes
2026-06-10 16:58:01,084 [Worker-84: Building] INFO  o.a.m.s.f.DefaultMavenResourcesFiltering - skip non existing resourceDirectory /Users/macbook/Documents/SpringBoot_SpringFramework/spring-boot-web/src/test/resources
2026-06-10 16:58:01,084 [Worker-84: Building] WARN  o.apache.maven.project.MavenProject - Plugin is modifying compileSourceRoots through clear(), which will not work in Maven 4.0.0. Use MavenProject.addCompileSourceRoot()/removeCompileSourceRoot() methods instead. If using a plugin, please upgrade to the latest version or report the issue to the plugin maintainer. To disable these warnings, set -Dmaven.project.sourceRoots.warningsDisabled=true on the command line, in the .mvn/maven.config file, or in project POM properties.
2026-06-10 16:58:01,084 [Worker-84: Building] WARN  o.apache.maven.project.MavenProject - Plugin is modifying compileSourceRoots through add(), which will not work in Maven 4.0.0. Use MavenProject.addCompileSourceRoot()/removeCompileSourceRoot() methods instead. If using a plugin, please upgrade to the latest version or report the issue to the plugin maintainer. To disable these warnings, set -Dmaven.project.sourceRoots.warningsDisabled=true on the command line, in the .mvn/maven.config file, or in project POM properties.
2026-06-10 16:58:01,084 [Worker-84: Building] WARN  o.apache.maven.project.MavenProject - Plugin is modifying testCompileSourceRoots through clear(), which will not work in Maven 4.0.0. Use MavenProject.addTestCompileSourceRoot()/removeTestCompileSourceRoot() methods instead. If using a plugin, please upgrade to the latest version or report the issue to the plugin maintainer. To disable these warnings, set -Dmaven.project.sourceRoots.warningsDisabled=true on the command line, in the .mvn/maven.config file, or in project POM properties.
2026-06-10 16:58:01,084 [Worker-84: Building] WARN  o.apache.maven.project.MavenProject - Plugin is modifying testCompileSourceRoots through add(), which will not work in Maven 4.0.0. Use MavenProject.addTestCompileSourceRoot()/removeTestCompileSourceRoot() methods instead. If using a plugin, please upgrade to the latest version or report the issue to the plugin maintainer. To disable these warnings, set -Dmaven.project.sourceRoots.warningsDisabled=true on the command line, in the .mvn/maven.config file, or in project POM properties.
2026-06-10 17:01:25,057 [Worker-83: Building] INFO  o.a.m.s.f.DefaultMavenResourcesFiltering - Copying 1 resource from src/main/resources to target/classes
2026-06-10 17:01:25,065 [Worker-83: Building] INFO  o.a.m.s.f.DefaultMavenResourcesFiltering - Copying 1 resource from src/main/resources to target/classes
2026-06-10 17:01:25,067 [Worker-83: Building] INFO  o.a.m.s.f.DefaultMavenResourcesFiltering - skip non existing resourceDirectory /Users/macbook/Documents/SpringBoot_SpringFramework/spring-boot-web/src/test/resources
2026-06-10 17:01:25,067 [Worker-83: Building] WARN  o.apache.maven.project.MavenProject - Plugin is modifying compileSourceRoots through clear(), which will not work in Maven 4.0.0. Use MavenProject.addCompileSourceRoot()/removeCompileSourceRoot() methods instead. If using a plugin, please upgrade to the latest version or report the issue to the plugin maintainer. To disable these warnings, set -Dmaven.project.sourceRoots.warningsDisabled=true on the command line, in the .mvn/maven.config file, or in project POM properties.
2026-06-10 17:01:25,068 [Worker-83: Building] WARN  o.apache.maven.project.MavenProject - Plugin is modifying compileSourceRoots through add(), which will not work in Maven 4.0.0. Use MavenProject.addCompileSourceRoot()/removeCompileSourceRoot() methods instead. If using a plugin, please upgrade to the latest version or report the issue to the plugin maintainer. To disable these warnings, set -Dmaven.project.sourceRoots.warningsDisabled=true on the command line, in the .mvn/maven.config file, or in project POM properties.
2026-06-10 17:01:25,069 [Worker-83: Building] WARN  o.apache.maven.project.MavenProject - Plugin is modifying testCompileSourceRoots through clear(), which will not work in Maven 4.0.0. Use MavenProject.addTestCompileSourceRoot()/removeTestCompileSourceRoot() methods instead. If using a plugin, please upgrade to the latest version or report the issue to the plugin maintainer. To disable these warnings, set -Dmaven.project.sourceRoots.warningsDisabled=true on the command line, in the .mvn/maven.config file, or in project POM properties.
2026-06-10 17:01:25,069 [Worker-83: Building] WARN  o.apache.maven.project.MavenProject - Plugin is modifying testCompileSourceRoots through add(), which will not work in Maven 4.0.0. Use MavenProject.addTestCompileSourceRoot()/removeTestCompileSourceRoot() methods instead. If using a plugin, please upgrade to the latest version or report the issue to the plugin maintainer. To disable these warnings, set -Dmaven.project.sourceRoots.warningsDisabled=true on the command line, in the .mvn/maven.config file, or in project POM properties.
2026-06-10 17:01:33,941 [Worker-84: Building] INFO  o.a.m.s.f.DefaultMavenResourcesFiltering - Copying 1 resource from src/main/resources to target/classes
2026-06-10 17:01:33,948 [Worker-84: Building] INFO  o.a.m.s.f.DefaultMavenResourcesFiltering - Copying 1 resource from src/main/resources to target/classes
2026-06-10 17:01:33,949 [Worker-84: Building] INFO  o.a.m.s.f.DefaultMavenResourcesFiltering - skip non existing resourceDirectory /Users/macbook/Documents/SpringBoot_SpringFramework/spring-boot-web/src/test/resources
2026-06-10 17:01:33,950 [Worker-84: Building] WARN  o.apache.maven.project.MavenProject - Plugin is modifying compileSourceRoots through clear(), which will not work in Maven 4.0.0. Use MavenProject.addCompileSourceRoot()/removeCompileSourceRoot() methods instead. If using a plugin, please upgrade to the latest version or report the issue to the plugin maintainer. To disable these warnings, set -Dmaven.project.sourceRoots.warningsDisabled=true on the command line, in the .mvn/maven.config file, or in project POM properties.
2026-06-10 17:01:33,951 [Worker-84: Building] WARN  o.apache.maven.project.MavenProject - Plugin is modifying compileSourceRoots through add(), which will not work in Maven 4.0.0. Use MavenProject.addCompileSourceRoot()/removeCompileSourceRoot() methods instead. If using a plugin, please upgrade to the latest version or report the issue to the plugin maintainer. To disable these warnings, set -Dmaven.project.sourceRoots.warningsDisabled=true on the command line, in the .mvn/maven.config file, or in project POM properties.
2026-06-10 17:01:33,951 [Worker-84: Building] WARN  o.apache.maven.project.MavenProject - Plugin is modifying testCompileSourceRoots through clear(), which will not work in Maven 4.0.0. Use MavenProject.addTestCompileSourceRoot()/removeTestCompileSourceRoot() methods instead. If using a plugin, please upgrade to the latest version or report the issue to the plugin maintainer. To disable these warnings, set -Dmaven.project.sourceRoots.warningsDisabled=true on the command line, in the .mvn/maven.config file, or in project POM properties.
2026-06-10 17:01:33,951 [Worker-84: Building] WARN  o.apache.maven.project.MavenProject - Plugin is modifying testCompileSourceRoots through add(), which will not work in Maven 4.0.0. Use MavenProject.addTestCompileSourceRoot()/removeTestCompileSourceRoot() methods instead. If using a plugin, please upgrade to the latest version or report the issue to the plugin maintainer. To disable these warnings, set -Dmaven.project.sourceRoots.warningsDisabled=true on the command line, in the .mvn/maven.config file, or in project POM properties.
2026-06-10 17:02:51,059 [Worker-83: Building] INFO  o.a.m.s.f.DefaultMavenResourcesFiltering - Copying 1 resource from src/main/resources to target/classes
2026-06-10 17:02:51,069 [Worker-83: Building] INFO  o.a.m.s.f.DefaultMavenResourcesFiltering - Copying 1 resource from src/main/resources to target/classes
2026-06-10 17:02:51,070 [Worker-83: Building] INFO  o.a.m.s.f.DefaultMavenResourcesFiltering - skip non existing resourceDirectory /Users/macbook/Documents/SpringBoot_SpringFramework/spring-boot-web/src/test/resources
2026-06-10 17:02:51,071 [Worker-83: Building] WARN  o.apache.maven.project.MavenProject - Plugin is modifying compileSourceRoots through clear(), which will not work in Maven 4.0.0. Use MavenProject.addCompileSourceRoot()/removeCompileSourceRoot() methods instead. If using a plugin, please upgrade to the latest version or report the issue to the plugin maintainer. To disable these warnings, set -Dmaven.project.sourceRoots.warningsDisabled=true on the command line, in the .mvn/maven.config file, or in project POM properties.
2026-06-10 17:02:51,071 [Worker-83: Building] WARN  o.apache.maven.project.MavenProject - Plugin is modifying compileSourceRoots through add(), which will not work in Maven 4.0.0. Use MavenProject.addCompileSourceRoot()/removeCompileSourceRoot() methods instead. If using a plugin, please upgrade to the latest version or report the issue to the plugin maintainer. To disable these warnings, set -Dmaven.project.sourceRoots.warningsDisabled=true on the command line, in the .mvn/maven.config file, or in project POM properties.
2026-06-10 17:02:51,071 [Worker-83: Building] WARN  o.apache.maven.project.MavenProject - Plugin is modifying testCompileSourceRoots through clear(), which will not work in Maven 4.0.0. Use MavenProject.addTestCompileSourceRoot()/removeTestCompileSourceRoot() methods instead. If using a plugin, please upgrade to the latest version or report the issue to the plugin maintainer. To disable these warnings, set -Dmaven.project.sourceRoots.warningsDisabled=true on the command line, in the .mvn/maven.config file, or in project POM properties.
2026-06-10 17:02:51,072 [Worker-83: Building] WARN  o.apache.maven.project.MavenProject - Plugin is modifying testCompileSourceRoots through add(), which will not work in Maven 4.0.0. Use MavenProject.addTestCompileSourceRoot()/removeTestCompileSourceRoot() methods instead. If using a plugin, please upgrade to the latest version or report the issue to the plugin maintainer. To disable these warnings, set -Dmaven.project.sourceRoots.warningsDisabled=true on the command line, in the .mvn/maven.config file, or in project POM properties.
2026-06-10 17:26:37,231 [Worker-92: Building] INFO  o.a.m.s.f.DefaultMavenResourcesFiltering - Copying 1 resource from src/main/resources to target/classes
2026-06-10 17:26:37,237 [Worker-92: Building] INFO  o.a.m.s.f.DefaultMavenResourcesFiltering - Copying 1 resource from src/main/resources to target/classes
2026-06-10 17:26:37,240 [Worker-92: Building] INFO  o.a.m.s.f.DefaultMavenResourcesFiltering - skip non existing resourceDirectory /Users/macbook/Documents/SpringBoot_SpringFramework/spring-boot-web/src/test/resources
2026-06-10 17:26:37,241 [Worker-92: Building] WARN  o.apache.maven.project.MavenProject - Plugin is modifying compileSourceRoots through clear(), which will not work in Maven 4.0.0. Use MavenProject.addCompileSourceRoot()/removeCompileSourceRoot() methods instead. If using a plugin, please upgrade to the latest version or report the issue to the plugin maintainer. To disable these warnings, set -Dmaven.project.sourceRoots.warningsDisabled=true on the command line, in the .mvn/maven.config file, or in project POM properties.
2026-06-10 17:26:37,242 [Worker-92: Building] WARN  o.apache.maven.project.MavenProject - Plugin is modifying compileSourceRoots through add(), which will not work in Maven 4.0.0. Use MavenProject.addCompileSourceRoot()/removeCompileSourceRoot() methods instead. If using a plugin, please upgrade to the latest version or report the issue to the plugin maintainer. To disable these warnings, set -Dmaven.project.sourceRoots.warningsDisabled=true on the command line, in the .mvn/maven.config file, or in project POM properties.
2026-06-10 17:26:37,243 [Worker-92: Building] WARN  o.apache.maven.project.MavenProject - Plugin is modifying testCompileSourceRoots through clear(), which will not work in Maven 4.0.0. Use MavenProject.addTestCompileSourceRoot()/removeTestCompileSourceRoot() methods instead. If using a plugin, please upgrade to the latest version or report the issue to the plugin maintainer. To disable these warnings, set -Dmaven.project.sourceRoots.warningsDisabled=true on the command line, in the .mvn/maven.config file, or in project POM properties.
2026-06-10 17:26:37,243 [Worker-92: Building] WARN  o.apache.maven.project.MavenProject - Plugin is modifying testCompileSourceRoots through add(), which will not work in Maven 4.0.0. Use MavenProject.addTestCompileSourceRoot()/removeTestCompileSourceRoot() methods instead. If using a plugin, please upgrade to the latest version or report the issue to the plugin maintainer. To disable these warnings, set -Dmaven.project.sourceRoots.warningsDisabled=true on the command line, in the .mvn/maven.config file, or in project POM properties.
2026-06-10 17:28:35,468 [Worker-96: Building] INFO  o.a.m.s.f.DefaultMavenResourcesFiltering - Copying 1 resource from src/main/resources to target/classes
2026-06-10 17:28:35,483 [Worker-96: Building] INFO  o.a.m.s.f.DefaultMavenResourcesFiltering - Copying 1 resource from src/main/resources to target/classes
2026-06-10 17:28:35,484 [Worker-96: Building] INFO  o.a.m.s.f.DefaultMavenResourcesFiltering - skip non existing resourceDirectory /Users/macbook/Documents/SpringBoot_SpringFramework/spring-boot-web/src/test/resources
2026-06-10 17:28:35,484 [Worker-96: Building] WARN  o.apache.maven.project.MavenProject - Plugin is modifying compileSourceRoots through clear(), which will not work in Maven 4.0.0. Use MavenProject.addCompileSourceRoot()/removeCompileSourceRoot() methods instead. If using a plugin, please upgrade to the latest version or report the issue to the plugin maintainer. To disable these warnings, set -Dmaven.project.sourceRoots.warningsDisabled=true on the command line, in the .mvn/maven.config file, or in project POM properties.
2026-06-10 17:28:35,486 [Worker-96: Building] WARN  o.apache.maven.project.MavenProject - Plugin is modifying compileSourceRoots through add(), which will not work in Maven 4.0.0. Use MavenProject.addCompileSourceRoot()/removeCompileSourceRoot() methods instead. If using a plugin, please upgrade to the latest version or report the issue to the plugin maintainer. To disable these warnings, set -Dmaven.project.sourceRoots.warningsDisabled=true on the command line, in the .mvn/maven.config file, or in project POM properties.
2026-06-10 17:28:35,486 [Worker-96: Building] WARN  o.apache.maven.project.MavenProject - Plugin is modifying testCompileSourceRoots through clear(), which will not work in Maven 4.0.0. Use MavenProject.addTestCompileSourceRoot()/removeTestCompileSourceRoot() methods instead. If using a plugin, please upgrade to the latest version or report the issue to the plugin maintainer. To disable these warnings, set -Dmaven.project.sourceRoots.warningsDisabled=true on the command line, in the .mvn/maven.config file, or in project POM properties.
2026-06-10 17:28:35,486 [Worker-96: Building] WARN  o.apache.maven.project.MavenProject - Plugin is modifying testCompileSourceRoots through add(), which will not work in Maven 4.0.0. Use MavenProject.addTestCompileSourceRoot()/removeTestCompileSourceRoot() methods instead. If using a plugin, please upgrade to the latest version or report the issue to the plugin maintainer. To disable these warnings, set -Dmaven.project.sourceRoots.warningsDisabled=true on the command line, in the .mvn/maven.config file, or in project POM properties.
2026-06-10 17:30:47,352 [Worker-90: Building] INFO  o.a.m.s.f.DefaultMavenResourcesFiltering - Copying 1 resource from src/main/resources to target/classes
2026-06-10 17:30:47,356 [Worker-90: Building] INFO  o.a.m.s.f.DefaultMavenResourcesFiltering - Copying 1 resource from src/main/resources to target/classes
2026-06-10 17:30:47,357 [Worker-90: Building] INFO  o.a.m.s.f.DefaultMavenResourcesFiltering - skip non existing resourceDirectory /Users/macbook/Documents/SpringBoot_SpringFramework/spring-boot-web/src/test/resources
2026-06-10 17:30:47,357 [Worker-90: Building] WARN  o.apache.maven.project.MavenProject - Plugin is modifying compileSourceRoots through clear(), which will not work in Maven 4.0.0. Use MavenProject.addCompileSourceRoot()/removeCompileSourceRoot() methods instead. If using a plugin, please upgrade to the latest version or report the issue to the plugin maintainer. To disable these warnings, set -Dmaven.project.sourceRoots.warningsDisabled=true on the command line, in the .mvn/maven.config file, or in project POM properties.
2026-06-10 17:30:47,358 [Worker-90: Building] WARN  o.apache.maven.project.MavenProject - Plugin is modifying compileSourceRoots through add(), which will not work in Maven 4.0.0. Use MavenProject.addCompileSourceRoot()/removeCompileSourceRoot() methods instead. If using a plugin, please upgrade to the latest version or report the issue to the plugin maintainer. To disable these warnings, set -Dmaven.project.sourceRoots.warningsDisabled=true on the command line, in the .mvn/maven.config file, or in project POM properties.
2026-06-10 17:30:47,358 [Worker-90: Building] WARN  o.apache.maven.project.MavenProject - Plugin is modifying testCompileSourceRoots through clear(), which will not work in Maven 4.0.0. Use MavenProject.addTestCompileSourceRoot()/removeTestCompileSourceRoot() methods instead. If using a plugin, please upgrade to the latest version or report the issue to the plugin maintainer. To disable these warnings, set -Dmaven.project.sourceRoots.warningsDisabled=true on the command line, in the .mvn/maven.config file, or in project POM properties.
2026-06-10 17:30:47,358 [Worker-90: Building] WARN  o.apache.maven.project.MavenProject - Plugin is modifying testCompileSourceRoots through add(), which will not work in Maven 4.0.0. Use MavenProject.addTestCompileSourceRoot()/removeTestCompileSourceRoot() methods instead. If using a plugin, please upgrade to the latest version or report the issue to the plugin maintainer. To disable these warnings, set -Dmaven.project.sourceRoots.warningsDisabled=true on the command line, in the .mvn/maven.config file, or in project POM properties.
2026-06-10 17:32:58,931 [Worker-94: Building] INFO  o.a.m.s.f.DefaultMavenResourcesFiltering - Copying 1 resource from src/main/resources to target/classes
2026-06-10 17:32:58,952 [Worker-94: Building] INFO  o.a.m.s.f.DefaultMavenResourcesFiltering - Copying 1 resource from src/main/resources to target/classes
2026-06-10 17:32:58,953 [Worker-94: Building] INFO  o.a.m.s.f.DefaultMavenResourcesFiltering - skip non existing resourceDirectory /Users/macbook/Documents/SpringBoot_SpringFramework/spring-boot-web/src/test/resources
2026-06-10 17:32:58,953 [Worker-94: Building] WARN  o.apache.maven.project.MavenProject - Plugin is modifying compileSourceRoots through clear(), which will not work in Maven 4.0.0. Use MavenProject.addCompileSourceRoot()/removeCompileSourceRoot() methods instead. If using a plugin, please upgrade to the latest version or report the issue to the plugin maintainer. To disable these warnings, set -Dmaven.project.sourceRoots.warningsDisabled=true on the command line, in the .mvn/maven.config file, or in project POM properties.
2026-06-10 17:32:58,954 [Worker-94: Building] WARN  o.apache.maven.project.MavenProject - Plugin is modifying compileSourceRoots through add(), which will not work in Maven 4.0.0. Use MavenProject.addCompileSourceRoot()/removeCompileSourceRoot() methods instead. If using a plugin, please upgrade to the latest version or report the issue to the plugin maintainer. To disable these warnings, set -Dmaven.project.sourceRoots.warningsDisabled=true on the command line, in the .mvn/maven.config file, or in project POM properties.
2026-06-10 17:32:58,954 [Worker-94: Building] WARN  o.apache.maven.project.MavenProject - Plugin is modifying testCompileSourceRoots through clear(), which will not work in Maven 4.0.0. Use MavenProject.addTestCompileSourceRoot()/removeTestCompileSourceRoot() methods instead. If using a plugin, please upgrade to the latest version or report the issue to the plugin maintainer. To disable these warnings, set -Dmaven.project.sourceRoots.warningsDisabled=true on the command line, in the .mvn/maven.config file, or in project POM properties.
2026-06-10 17:32:58,954 [Worker-94: Building] WARN  o.apache.maven.project.MavenProject - Plugin is modifying testCompileSourceRoots through add(), which will not work in Maven 4.0.0. Use MavenProject.addTestCompileSourceRoot()/removeTestCompileSourceRoot() methods instead. If using a plugin, please upgrade to the latest version or report the issue to the plugin maintainer. To disable these warnings, set -Dmaven.project.sourceRoots.warningsDisabled=true on the command line, in the .mvn/maven.config file, or in project POM properties.
2026-06-10 18:00:28,011 [Worker-103: Building] INFO  o.a.m.s.f.DefaultMavenResourcesFiltering - Copying 1 resource from src/main/resources to target/classes
2026-06-10 18:00:28,015 [Worker-103: Building] INFO  o.a.m.s.f.DefaultMavenResourcesFiltering - Copying 1 resource from src/main/resources to target/classes
2026-06-10 18:00:28,017 [Worker-103: Building] INFO  o.a.m.s.f.DefaultMavenResourcesFiltering - skip non existing resourceDirectory /Users/macbook/Documents/SpringBoot_SpringFramework/spring-boot-web/src/test/resources
2026-06-10 18:00:28,018 [Worker-103: Building] WARN  o.apache.maven.project.MavenProject - Plugin is modifying compileSourceRoots through clear(), which will not work in Maven 4.0.0. Use MavenProject.addCompileSourceRoot()/removeCompileSourceRoot() methods instead. If using a plugin, please upgrade to the latest version or report the issue to the plugin maintainer. To disable these warnings, set -Dmaven.project.sourceRoots.warningsDisabled=true on the command line, in the .mvn/maven.config file, or in project POM properties.
2026-06-10 18:00:28,019 [Worker-103: Building] WARN  o.apache.maven.project.MavenProject - Plugin is modifying compileSourceRoots through add(), which will not work in Maven 4.0.0. Use MavenProject.addCompileSourceRoot()/removeCompileSourceRoot() methods instead. If using a plugin, please upgrade to the latest version or report the issue to the plugin maintainer. To disable these warnings, set -Dmaven.project.sourceRoots.warningsDisabled=true on the command line, in the .mvn/maven.config file, or in project POM properties.
2026-06-10 18:00:28,019 [Worker-103: Building] WARN  o.apache.maven.project.MavenProject - Plugin is modifying testCompileSourceRoots through clear(), which will not work in Maven 4.0.0. Use MavenProject.addTestCompileSourceRoot()/removeTestCompileSourceRoot() methods instead. If using a plugin, please upgrade to the latest version or report the issue to the plugin maintainer. To disable these warnings, set -Dmaven.project.sourceRoots.warningsDisabled=true on the command line, in the .mvn/maven.config file, or in project POM properties.
2026-06-10 18:00:28,019 [Worker-103: Building] WARN  o.apache.maven.project.MavenProject - Plugin is modifying testCompileSourceRoots through add(), which will not work in Maven 4.0.0. Use MavenProject.addTestCompileSourceRoot()/removeTestCompileSourceRoot() methods instead. If using a plugin, please upgrade to the latest version or report the issue to the plugin maintainer. To disable these warnings, set -Dmaven.project.sourceRoots.warningsDisabled=true on the command line, in the .mvn/maven.config file, or in project POM properties.
2026-06-10 18:00:46,275 [Worker-94: Building] INFO  o.a.m.s.f.DefaultMavenResourcesFiltering - Copying 1 resource from src/main/resources to target/classes
2026-06-10 18:00:46,281 [Worker-94: Building] INFO  o.a.m.s.f.DefaultMavenResourcesFiltering - Copying 1 resource from src/main/resources to target/classes
2026-06-10 18:00:46,281 [Worker-94: Building] INFO  o.a.m.s.f.DefaultMavenResourcesFiltering - skip non existing resourceDirectory /Users/macbook/Documents/SpringBoot_SpringFramework/spring-boot-web/src/test/resources
2026-06-10 18:00:46,281 [Worker-94: Building] WARN  o.apache.maven.project.MavenProject - Plugin is modifying compileSourceRoots through clear(), which will not work in Maven 4.0.0. Use MavenProject.addCompileSourceRoot()/removeCompileSourceRoot() methods instead. If using a plugin, please upgrade to the latest version or report the issue to the plugin maintainer. To disable these warnings, set -Dmaven.project.sourceRoots.warningsDisabled=true on the command line, in the .mvn/maven.config file, or in project POM properties.
2026-06-10 18:00:46,282 [Worker-94: Building] WARN  o.apache.maven.project.MavenProject - Plugin is modifying compileSourceRoots through add(), which will not work in Maven 4.0.0. Use MavenProject.addCompileSourceRoot()/removeCompileSourceRoot() methods instead. If using a plugin, please upgrade to the latest version or report the issue to the plugin maintainer. To disable these warnings, set -Dmaven.project.sourceRoots.warningsDisabled=true on the command line, in the .mvn/maven.config file, or in project POM properties.
2026-06-10 18:00:46,282 [Worker-94: Building] WARN  o.apache.maven.project.MavenProject - Plugin is modifying testCompileSourceRoots through clear(), which will not work in Maven 4.0.0. Use MavenProject.addTestCompileSourceRoot()/removeTestCompileSourceRoot() methods instead. If using a plugin, please upgrade to the latest version or report the issue to the plugin maintainer. To disable these warnings, set -Dmaven.project.sourceRoots.warningsDisabled=true on the command line, in the .mvn/maven.config file, or in project POM properties.
2026-06-10 18:00:46,282 [Worker-94: Building] WARN  o.apache.maven.project.MavenProject - Plugin is modifying testCompileSourceRoots through add(), which will not work in Maven 4.0.0. Use MavenProject.addTestCompileSourceRoot()/removeTestCompileSourceRoot() methods instead. If using a plugin, please upgrade to the latest version or report the issue to the plugin maintainer. To disable these warnings, set -Dmaven.project.sourceRoots.warningsDisabled=true on the command line, in the .mvn/maven.config file, or in project POM properties.
2026-06-10 18:02:46,688 [Worker-94: Building] INFO  o.a.m.s.f.DefaultMavenResourcesFiltering - Copying 0 resource from src/main/resources to target/classes
2026-06-10 18:02:46,688 [Worker-94: Building] INFO  o.a.m.s.f.DefaultMavenResourcesFiltering - Copying 1 resource from src/main/resources to target/classes
2026-06-10 18:02:46,690 [Worker-94: Building] INFO  o.a.m.s.f.DefaultMavenResourcesFiltering - skip non existing resourceDirectory /Users/macbook/Documents/SpringBoot_SpringFramework/spring-boot-web/src/test/resources
2026-06-10 18:02:46,690 [Worker-94: Building] WARN  o.apache.maven.project.MavenProject - Plugin is modifying compileSourceRoots through clear(), which will not work in Maven 4.0.0. Use MavenProject.addCompileSourceRoot()/removeCompileSourceRoot() methods instead. If using a plugin, please upgrade to the latest version or report the issue to the plugin maintainer. To disable these warnings, set -Dmaven.project.sourceRoots.warningsDisabled=true on the command line, in the .mvn/maven.config file, or in project POM properties.
2026-06-10 18:02:46,691 [Worker-94: Building] WARN  o.apache.maven.project.MavenProject - Plugin is modifying compileSourceRoots through add(), which will not work in Maven 4.0.0. Use MavenProject.addCompileSourceRoot()/removeCompileSourceRoot() methods instead. If using a plugin, please upgrade to the latest version or report the issue to the plugin maintainer. To disable these warnings, set -Dmaven.project.sourceRoots.warningsDisabled=true on the command line, in the .mvn/maven.config file, or in project POM properties.
2026-06-10 18:02:46,691 [Worker-94: Building] WARN  o.apache.maven.project.MavenProject - Plugin is modifying testCompileSourceRoots through clear(), which will not work in Maven 4.0.0. Use MavenProject.addTestCompileSourceRoot()/removeTestCompileSourceRoot() methods instead. If using a plugin, please upgrade to the latest version or report the issue to the plugin maintainer. To disable these warnings, set -Dmaven.project.sourceRoots.warningsDisabled=true on the command line, in the .mvn/maven.config file, or in project POM properties.
2026-06-10 18:02:46,691 [Worker-94: Building] WARN  o.apache.maven.project.MavenProject - Plugin is modifying testCompileSourceRoots through add(), which will not work in Maven 4.0.0. Use MavenProject.addTestCompileSourceRoot()/removeTestCompileSourceRoot() methods instead. If using a plugin, please upgrade to the latest version or report the issue to the plugin maintainer. To disable these warnings, set -Dmaven.project.sourceRoots.warningsDisabled=true on the command line, in the .mvn/maven.config file, or in project POM properties.
2026-06-10 18:02:54,074 [Worker-108: Building] INFO  o.a.m.s.f.DefaultMavenResourcesFiltering - Copying 1 resource from src/main/resources to target/classes
2026-06-10 18:02:54,080 [Worker-108: Building] INFO  o.a.m.s.f.DefaultMavenResourcesFiltering - Copying 2 resources from src/main/resources to target/classes
2026-06-10 18:02:54,082 [Worker-108: Building] INFO  o.a.m.s.f.DefaultMavenResourcesFiltering - skip non existing resourceDirectory /Users/macbook/Documents/SpringBoot_SpringFramework/spring-boot-web/src/test/resources
2026-06-10 18:02:54,082 [Worker-108: Building] WARN  o.apache.maven.project.MavenProject - Plugin is modifying compileSourceRoots through clear(), which will not work in Maven 4.0.0. Use MavenProject.addCompileSourceRoot()/removeCompileSourceRoot() methods instead. If using a plugin, please upgrade to the latest version or report the issue to the plugin maintainer. To disable these warnings, set -Dmaven.project.sourceRoots.warningsDisabled=true on the command line, in the .mvn/maven.config file, or in project POM properties.
2026-06-10 18:02:54,082 [Worker-108: Building] WARN  o.apache.maven.project.MavenProject - Plugin is modifying compileSourceRoots through add(), which will not work in Maven 4.0.0. Use MavenProject.addCompileSourceRoot()/removeCompileSourceRoot() methods instead. If using a plugin, please upgrade to the latest version or report the issue to the plugin maintainer. To disable these warnings, set -Dmaven.project.sourceRoots.warningsDisabled=true on the command line, in the .mvn/maven.config file, or in project POM properties.
2026-06-10 18:02:54,082 [Worker-108: Building] WARN  o.apache.maven.project.MavenProject - Plugin is modifying testCompileSourceRoots through clear(), which will not work in Maven 4.0.0. Use MavenProject.addTestCompileSourceRoot()/removeTestCompileSourceRoot() methods instead. If using a plugin, please upgrade to the latest version or report the issue to the plugin maintainer. To disable these warnings, set -Dmaven.project.sourceRoots.warningsDisabled=true on the command line, in the .mvn/maven.config file, or in project POM properties.
2026-06-10 18:02:54,082 [Worker-108: Building] WARN  o.apache.maven.project.MavenProject - Plugin is modifying testCompileSourceRoots through add(), which will not work in Maven 4.0.0. Use MavenProject.addTestCompileSourceRoot()/removeTestCompileSourceRoot() methods instead. If using a plugin, please upgrade to the latest version or report the issue to the plugin maintainer. To disable these warnings, set -Dmaven.project.sourceRoots.warningsDisabled=true on the command line, in the .mvn/maven.config file, or in project POM properties.
2026-06-10 18:03:42,196 [Worker-110: Building] INFO  o.a.m.s.f.DefaultMavenResourcesFiltering - Copying 0 resource from src/main/resources to target/classes
2026-06-10 18:03:42,197 [Worker-110: Building] INFO  o.a.m.s.f.DefaultMavenResourcesFiltering - Copying 1 resource from src/main/resources to target/classes
2026-06-10 18:03:42,199 [Worker-110: Building] INFO  o.a.m.s.f.DefaultMavenResourcesFiltering - skip non existing resourceDirectory /Users/macbook/Documents/SpringBoot_SpringFramework/spring-boot-web/src/test/resources
2026-06-10 18:03:42,199 [Worker-110: Building] WARN  o.apache.maven.project.MavenProject - Plugin is modifying compileSourceRoots through clear(), which will not work in Maven 4.0.0. Use MavenProject.addCompileSourceRoot()/removeCompileSourceRoot() methods instead. If using a plugin, please upgrade to the latest version or report the issue to the plugin maintainer. To disable these warnings, set -Dmaven.project.sourceRoots.warningsDisabled=true on the command line, in the .mvn/maven.config file, or in project POM properties.
2026-06-10 18:03:42,199 [Worker-110: Building] WARN  o.apache.maven.project.MavenProject - Plugin is modifying compileSourceRoots through add(), which will not work in Maven 4.0.0. Use MavenProject.addCompileSourceRoot()/removeCompileSourceRoot() methods instead. If using a plugin, please upgrade to the latest version or report the issue to the plugin maintainer. To disable these warnings, set -Dmaven.project.sourceRoots.warningsDisabled=true on the command line, in the .mvn/maven.config file, or in project POM properties.
2026-06-10 18:03:42,199 [Worker-110: Building] WARN  o.apache.maven.project.MavenProject - Plugin is modifying testCompileSourceRoots through clear(), which will not work in Maven 4.0.0. Use MavenProject.addTestCompileSourceRoot()/removeTestCompileSourceRoot() methods instead. If using a plugin, please upgrade to the latest version or report the issue to the plugin maintainer. To disable these warnings, set -Dmaven.project.sourceRoots.warningsDisabled=true on the command line, in the .mvn/maven.config file, or in project POM properties.
2026-06-10 18:03:42,199 [Worker-110: Building] WARN  o.apache.maven.project.MavenProject - Plugin is modifying testCompileSourceRoots through add(), which will not work in Maven 4.0.0. Use MavenProject.addTestCompileSourceRoot()/removeTestCompileSourceRoot() methods instead. If using a plugin, please upgrade to the latest version or report the issue to the plugin maintainer. To disable these warnings, set -Dmaven.project.sourceRoots.warningsDisabled=true on the command line, in the .mvn/maven.config file, or in project POM properties.
2026-06-10 18:09:04,870 [Worker-114: Building] INFO  o.a.m.s.f.DefaultMavenResourcesFiltering - Copying 0 resource from src/main/resources to target/classes
2026-06-10 18:09:04,871 [Worker-114: Building] INFO  o.a.m.s.f.DefaultMavenResourcesFiltering - Copying 1 resource from src/main/resources to target/classes
2026-06-10 18:09:04,874 [Worker-114: Building] INFO  o.a.m.s.f.DefaultMavenResourcesFiltering - skip non existing resourceDirectory /Users/macbook/Documents/SpringBoot_SpringFramework/spring-boot-web/src/test/resources
2026-06-10 18:09:04,874 [Worker-114: Building] WARN  o.apache.maven.project.MavenProject - Plugin is modifying compileSourceRoots through clear(), which will not work in Maven 4.0.0. Use MavenProject.addCompileSourceRoot()/removeCompileSourceRoot() methods instead. If using a plugin, please upgrade to the latest version or report the issue to the plugin maintainer. To disable these warnings, set -Dmaven.project.sourceRoots.warningsDisabled=true on the command line, in the .mvn/maven.config file, or in project POM properties.
2026-06-10 18:09:04,875 [Worker-114: Building] WARN  o.apache.maven.project.MavenProject - Plugin is modifying compileSourceRoots through add(), which will not work in Maven 4.0.0. Use MavenProject.addCompileSourceRoot()/removeCompileSourceRoot() methods instead. If using a plugin, please upgrade to the latest version or report the issue to the plugin maintainer. To disable these warnings, set -Dmaven.project.sourceRoots.warningsDisabled=true on the command line, in the .mvn/maven.config file, or in project POM properties.
2026-06-10 18:09:04,876 [Worker-114: Building] WARN  o.apache.maven.project.MavenProject - Plugin is modifying testCompileSourceRoots through clear(), which will not work in Maven 4.0.0. Use MavenProject.addTestCompileSourceRoot()/removeTestCompileSourceRoot() methods instead. If using a plugin, please upgrade to the latest version or report the issue to the plugin maintainer. To disable these warnings, set -Dmaven.project.sourceRoots.warningsDisabled=true on the command line, in the .mvn/maven.config file, or in project POM properties.
2026-06-10 18:09:04,876 [Worker-114: Building] WARN  o.apache.maven.project.MavenProject - Plugin is modifying testCompileSourceRoots through add(), which will not work in Maven 4.0.0. Use MavenProject.addTestCompileSourceRoot()/removeTestCompileSourceRoot() methods instead. If using a plugin, please upgrade to the latest version or report the issue to the plugin maintainer. To disable these warnings, set -Dmaven.project.sourceRoots.warningsDisabled=true on the command line, in the .mvn/maven.config file, or in project POM properties.
2026-06-10 18:09:53,968 [Worker-115: Building] INFO  o.a.m.s.f.DefaultMavenResourcesFiltering - Copying 0 resource from src/main/resources to target/classes
2026-06-10 18:09:53,969 [Worker-115: Building] INFO  o.a.m.s.f.DefaultMavenResourcesFiltering - Copying 1 resource from src/main/resources to target/classes
2026-06-10 18:09:53,972 [Worker-115: Building] INFO  o.a.m.s.f.DefaultMavenResourcesFiltering - skip non existing resourceDirectory /Users/macbook/Documents/SpringBoot_SpringFramework/spring-boot-web/src/test/resources
2026-06-10 18:09:53,972 [Worker-115: Building] WARN  o.apache.maven.project.MavenProject - Plugin is modifying compileSourceRoots through clear(), which will not work in Maven 4.0.0. Use MavenProject.addCompileSourceRoot()/removeCompileSourceRoot() methods instead. If using a plugin, please upgrade to the latest version or report the issue to the plugin maintainer. To disable these warnings, set -Dmaven.project.sourceRoots.warningsDisabled=true on the command line, in the .mvn/maven.config file, or in project POM properties.
2026-06-10 18:09:53,972 [Worker-115: Building] WARN  o.apache.maven.project.MavenProject - Plugin is modifying compileSourceRoots through add(), which will not work in Maven 4.0.0. Use MavenProject.addCompileSourceRoot()/removeCompileSourceRoot() methods instead. If using a plugin, please upgrade to the latest version or report the issue to the plugin maintainer. To disable these warnings, set -Dmaven.project.sourceRoots.warningsDisabled=true on the command line, in the .mvn/maven.config file, or in project POM properties.
2026-06-10 18:09:53,972 [Worker-115: Building] WARN  o.apache.maven.project.MavenProject - Plugin is modifying testCompileSourceRoots through clear(), which will not work in Maven 4.0.0. Use MavenProject.addTestCompileSourceRoot()/removeTestCompileSourceRoot() methods instead. If using a plugin, please upgrade to the latest version or report the issue to the plugin maintainer. To disable these warnings, set -Dmaven.project.sourceRoots.warningsDisabled=true on the command line, in the .mvn/maven.config file, or in project POM properties.
2026-06-10 18:09:53,972 [Worker-115: Building] WARN  o.apache.maven.project.MavenProject - Plugin is modifying testCompileSourceRoots through add(), which will not work in Maven 4.0.0. Use MavenProject.addTestCompileSourceRoot()/removeTestCompileSourceRoot() methods instead. If using a plugin, please upgrade to the latest version or report the issue to the plugin maintainer. To disable these warnings, set -Dmaven.project.sourceRoots.warningsDisabled=true on the command line, in the .mvn/maven.config file, or in project POM properties.
2026-06-10 18:10:11,246 [Worker-113: Building] INFO  o.a.m.s.f.DefaultMavenResourcesFiltering - Copying 0 resource from src/main/resources to target/classes
2026-06-10 18:10:11,247 [Worker-113: Building] INFO  o.a.m.s.f.DefaultMavenResourcesFiltering - Copying 1 resource from src/main/resources to target/classes
2026-06-10 18:10:11,250 [Worker-113: Building] INFO  o.a.m.s.f.DefaultMavenResourcesFiltering - skip non existing resourceDirectory /Users/macbook/Documents/SpringBoot_SpringFramework/spring-boot-web/src/test/resources
2026-06-10 18:10:11,250 [Worker-113: Building] WARN  o.apache.maven.project.MavenProject - Plugin is modifying compileSourceRoots through clear(), which will not work in Maven 4.0.0. Use MavenProject.addCompileSourceRoot()/removeCompileSourceRoot() methods instead. If using a plugin, please upgrade to the latest version or report the issue to the plugin maintainer. To disable these warnings, set -Dmaven.project.sourceRoots.warningsDisabled=true on the command line, in the .mvn/maven.config file, or in project POM properties.
2026-06-10 18:10:11,251 [Worker-113: Building] WARN  o.apache.maven.project.MavenProject - Plugin is modifying compileSourceRoots through add(), which will not work in Maven 4.0.0. Use MavenProject.addCompileSourceRoot()/removeCompileSourceRoot() methods instead. If using a plugin, please upgrade to the latest version or report the issue to the plugin maintainer. To disable these warnings, set -Dmaven.project.sourceRoots.warningsDisabled=true on the command line, in the .mvn/maven.config file, or in project POM properties.
2026-06-10 18:10:11,252 [Worker-113: Building] WARN  o.apache.maven.project.MavenProject - Plugin is modifying testCompileSourceRoots through clear(), which will not work in Maven 4.0.0. Use MavenProject.addTestCompileSourceRoot()/removeTestCompileSourceRoot() methods instead. If using a plugin, please upgrade to the latest version or report the issue to the plugin maintainer. To disable these warnings, set -Dmaven.project.sourceRoots.warningsDisabled=true on the command line, in the .mvn/maven.config file, or in project POM properties.
2026-06-10 18:10:11,252 [Worker-113: Building] WARN  o.apache.maven.project.MavenProject - Plugin is modifying testCompileSourceRoots through add(), which will not work in Maven 4.0.0. Use MavenProject.addTestCompileSourceRoot()/removeTestCompileSourceRoot() methods instead. If using a plugin, please upgrade to the latest version or report the issue to the plugin maintainer. To disable these warnings, set -Dmaven.project.sourceRoots.warningsDisabled=true on the command line, in the .mvn/maven.config file, or in project POM properties.
2026-06-10 18:10:31,476 [Worker-115: Building] INFO  o.a.m.s.f.DefaultMavenResourcesFiltering - Copying 1 resource from src/main/resources to target/classes
2026-06-10 18:10:31,484 [Worker-115: Building] INFO  o.a.m.s.f.DefaultMavenResourcesFiltering - Copying 2 resources from src/main/resources to target/classes
2026-06-10 18:10:31,485 [Worker-115: Building] INFO  o.a.m.s.f.DefaultMavenResourcesFiltering - skip non existing resourceDirectory /Users/macbook/Documents/SpringBoot_SpringFramework/spring-boot-web/src/test/resources
2026-06-10 18:10:31,485 [Worker-115: Building] WARN  o.apache.maven.project.MavenProject - Plugin is modifying compileSourceRoots through clear(), which will not work in Maven 4.0.0. Use MavenProject.addCompileSourceRoot()/removeCompileSourceRoot() methods instead. If using a plugin, please upgrade to the latest version or report the issue to the plugin maintainer. To disable these warnings, set -Dmaven.project.sourceRoots.warningsDisabled=true on the command line, in the .mvn/maven.config file, or in project POM properties.
2026-06-10 18:10:31,485 [Worker-115: Building] WARN  o.apache.maven.project.MavenProject - Plugin is modifying compileSourceRoots through add(), which will not work in Maven 4.0.0. Use MavenProject.addCompileSourceRoot()/removeCompileSourceRoot() methods instead. If using a plugin, please upgrade to the latest version or report the issue to the plugin maintainer. To disable these warnings, set -Dmaven.project.sourceRoots.warningsDisabled=true on the command line, in the .mvn/maven.config file, or in project POM properties.
2026-06-10 18:10:31,485 [Worker-115: Building] WARN  o.apache.maven.project.MavenProject - Plugin is modifying testCompileSourceRoots through clear(), which will not work in Maven 4.0.0. Use MavenProject.addTestCompileSourceRoot()/removeTestCompileSourceRoot() methods instead. If using a plugin, please upgrade to the latest version or report the issue to the plugin maintainer. To disable these warnings, set -Dmaven.project.sourceRoots.warningsDisabled=true on the command line, in the .mvn/maven.config file, or in project POM properties.
2026-06-10 18:10:31,485 [Worker-115: Building] WARN  o.apache.maven.project.MavenProject - Plugin is modifying testCompileSourceRoots through add(), which will not work in Maven 4.0.0. Use MavenProject.addTestCompileSourceRoot()/removeTestCompileSourceRoot() methods instead. If using a plugin, please upgrade to the latest version or report the issue to the plugin maintainer. To disable these warnings, set -Dmaven.project.sourceRoots.warningsDisabled=true on the command line, in the .mvn/maven.config file, or in project POM properties.
2026-06-10 18:12:21,639 [Worker-0: Loading available Gradle versions] INFO  o.e.b.c.i.u.g.PublishedGradleVersions - Gradle version information cache is up-to-date. Trying to read.
2026-06-10 18:15:49,769 [Worker-22: Building] INFO  o.a.m.s.f.DefaultMavenResourcesFiltering - Copying 1 resource from src/main/resources to target/classes
2026-06-10 18:15:49,780 [Worker-22: Building] INFO  o.a.m.s.f.DefaultMavenResourcesFiltering - Copying 2 resources from src/main/resources to target/classes
2026-06-10 18:15:49,783 [Worker-22: Building] INFO  o.a.m.s.f.DefaultMavenResourcesFiltering - skip non existing resourceDirectory /Users/macbook/Documents/SpringBoot_SpringFramework/spring-boot-web/src/test/resources
2026-06-10 18:15:49,916 [Worker-22: Building] WARN  o.apache.maven.project.MavenProject - Plugin is modifying compileSourceRoots through clear(), which will not work in Maven 4.0.0. Use MavenProject.addCompileSourceRoot()/removeCompileSourceRoot() methods instead. If using a plugin, please upgrade to the latest version or report the issue to the plugin maintainer. To disable these warnings, set -Dmaven.project.sourceRoots.warningsDisabled=true on the command line, in the .mvn/maven.config file, or in project POM properties.
2026-06-10 18:15:49,917 [Worker-22: Building] WARN  o.apache.maven.project.MavenProject - Plugin is modifying compileSourceRoots through add(), which will not work in Maven 4.0.0. Use MavenProject.addCompileSourceRoot()/removeCompileSourceRoot() methods instead. If using a plugin, please upgrade to the latest version or report the issue to the plugin maintainer. To disable these warnings, set -Dmaven.project.sourceRoots.warningsDisabled=true on the command line, in the .mvn/maven.config file, or in project POM properties.
2026-06-10 18:15:49,917 [Worker-22: Building] WARN  o.apache.maven.project.MavenProject - Plugin is modifying testCompileSourceRoots through clear(), which will not work in Maven 4.0.0. Use MavenProject.addTestCompileSourceRoot()/removeTestCompileSourceRoot() methods instead. If using a plugin, please upgrade to the latest version or report the issue to the plugin maintainer. To disable these warnings, set -Dmaven.project.sourceRoots.warningsDisabled=true on the command line, in the .mvn/maven.config file, or in project POM properties.
2026-06-10 18:15:49,917 [Worker-22: Building] WARN  o.apache.maven.project.MavenProject - Plugin is modifying testCompileSourceRoots through add(), which will not work in Maven 4.0.0. Use MavenProject.addTestCompileSourceRoot()/removeTestCompileSourceRoot() methods instead. If using a plugin, please upgrade to the latest version or report the issue to the plugin maintainer. To disable these warnings, set -Dmaven.project.sourceRoots.warningsDisabled=true on the command line, in the .mvn/maven.config file, or in project POM properties.
2026-06-10 18:17:00,619 [Worker-13: Building] INFO  o.a.m.s.f.DefaultMavenResourcesFiltering - Copying 1 resource from src/main/resources to target/classes
2026-06-10 18:17:00,628 [Worker-13: Building] INFO  o.a.m.s.f.DefaultMavenResourcesFiltering - Copying 2 resources from src/main/resources to target/classes
2026-06-10 18:17:00,630 [Worker-13: Building] INFO  o.a.m.s.f.DefaultMavenResourcesFiltering - skip non existing resourceDirectory /Users/macbook/Documents/SpringBoot_SpringFramework/spring-boot-web/src/test/resources
2026-06-10 18:17:00,630 [Worker-13: Building] WARN  o.apache.maven.project.MavenProject - Plugin is modifying compileSourceRoots through clear(), which will not work in Maven 4.0.0. Use MavenProject.addCompileSourceRoot()/removeCompileSourceRoot() methods instead. If using a plugin, please upgrade to the latest version or report the issue to the plugin maintainer. To disable these warnings, set -Dmaven.project.sourceRoots.warningsDisabled=true on the command line, in the .mvn/maven.config file, or in project POM properties.
2026-06-10 18:17:00,630 [Worker-13: Building] WARN  o.apache.maven.project.MavenProject - Plugin is modifying compileSourceRoots through add(), which will not work in Maven 4.0.0. Use MavenProject.addCompileSourceRoot()/removeCompileSourceRoot() methods instead. If using a plugin, please upgrade to the latest version or report the issue to the plugin maintainer. To disable these warnings, set -Dmaven.project.sourceRoots.warningsDisabled=true on the command line, in the .mvn/maven.config file, or in project POM properties.
2026-06-10 18:17:00,631 [Worker-13: Building] WARN  o.apache.maven.project.MavenProject - Plugin is modifying testCompileSourceRoots through clear(), which will not work in Maven 4.0.0. Use MavenProject.addTestCompileSourceRoot()/removeTestCompileSourceRoot() methods instead. If using a plugin, please upgrade to the latest version or report the issue to the plugin maintainer. To disable these warnings, set -Dmaven.project.sourceRoots.warningsDisabled=true on the command line, in the .mvn/maven.config file, or in project POM properties.
2026-06-10 18:17:00,631 [Worker-13: Building] WARN  o.apache.maven.project.MavenProject - Plugin is modifying testCompileSourceRoots through add(), which will not work in Maven 4.0.0. Use MavenProject.addTestCompileSourceRoot()/removeTestCompileSourceRoot() methods instead. If using a plugin, please upgrade to the latest version or report the issue to the plugin maintainer. To disable these warnings, set -Dmaven.project.sourceRoots.warningsDisabled=true on the command line, in the .mvn/maven.config file, or in project POM properties.
2026-06-10 18:19:48,576 [Worker-25: Building] INFO  o.a.m.s.f.DefaultMavenResourcesFiltering - Copying 1 resource from src/main/resources to target/classes
2026-06-10 18:19:48,583 [Worker-25: Building] INFO  o.a.m.s.f.DefaultMavenResourcesFiltering - Copying 2 resources from src/main/resources to target/classes
2026-06-10 18:19:48,584 [Worker-25: Building] INFO  o.a.m.s.f.DefaultMavenResourcesFiltering - skip non existing resourceDirectory /Users/macbook/Documents/SpringBoot_SpringFramework/spring-boot-web/src/test/resources
2026-06-10 18:19:48,584 [Worker-25: Building] WARN  o.apache.maven.project.MavenProject - Plugin is modifying compileSourceRoots through clear(), which will not work in Maven 4.0.0. Use MavenProject.addCompileSourceRoot()/removeCompileSourceRoot() methods instead. If using a plugin, please upgrade to the latest version or report the issue to the plugin maintainer. To disable these warnings, set -Dmaven.project.sourceRoots.warningsDisabled=true on the command line, in the .mvn/maven.config file, or in project POM properties.
2026-06-10 18:19:48,585 [Worker-25: Building] WARN  o.apache.maven.project.MavenProject - Plugin is modifying compileSourceRoots through add(), which will not work in Maven 4.0.0. Use MavenProject.addCompileSourceRoot()/removeCompileSourceRoot() methods instead. If using a plugin, please upgrade to the latest version or report the issue to the plugin maintainer. To disable these warnings, set -Dmaven.project.sourceRoots.warningsDisabled=true on the command line, in the .mvn/maven.config file, or in project POM properties.
2026-06-10 18:19:48,585 [Worker-25: Building] WARN  o.apache.maven.project.MavenProject - Plugin is modifying testCompileSourceRoots through clear(), which will not work in Maven 4.0.0. Use MavenProject.addTestCompileSourceRoot()/removeTestCompileSourceRoot() methods instead. If using a plugin, please upgrade to the latest version or report the issue to the plugin maintainer. To disable these warnings, set -Dmaven.project.sourceRoots.warningsDisabled=true on the command line, in the .mvn/maven.config file, or in project POM properties.
2026-06-10 18:19:48,585 [Worker-25: Building] WARN  o.apache.maven.project.MavenProject - Plugin is modifying testCompileSourceRoots through add(), which will not work in Maven 4.0.0. Use MavenProject.addTestCompileSourceRoot()/removeTestCompileSourceRoot() methods instead. If using a plugin, please upgrade to the latest version or report the issue to the plugin maintainer. To disable these warnings, set -Dmaven.project.sourceRoots.warningsDisabled=true on the command line, in the .mvn/maven.config file, or in project POM properties.
2026-06-10 18:20:50,796 [Worker-26: Building] INFO  o.a.m.s.f.DefaultMavenResourcesFiltering - Copying 0 resource from src/main/resources to target/classes
2026-06-10 18:20:50,800 [Worker-26: Building] INFO  o.a.m.s.f.DefaultMavenResourcesFiltering - Copying 1 resource from src/main/resources to target/classes
2026-06-10 18:20:50,805 [Worker-26: Building] INFO  o.a.m.s.f.DefaultMavenResourcesFiltering - skip non existing resourceDirectory /Users/macbook/Documents/SpringBoot_SpringFramework/spring-boot-web/src/test/resources
2026-06-10 18:20:50,805 [Worker-26: Building] WARN  o.apache.maven.project.MavenProject - Plugin is modifying compileSourceRoots through clear(), which will not work in Maven 4.0.0. Use MavenProject.addCompileSourceRoot()/removeCompileSourceRoot() methods instead. If using a plugin, please upgrade to the latest version or report the issue to the plugin maintainer. To disable these warnings, set -Dmaven.project.sourceRoots.warningsDisabled=true on the command line, in the .mvn/maven.config file, or in project POM properties.
2026-06-10 18:20:50,806 [Worker-26: Building] WARN  o.apache.maven.project.MavenProject - Plugin is modifying compileSourceRoots through add(), which will not work in Maven 4.0.0. Use MavenProject.addCompileSourceRoot()/removeCompileSourceRoot() methods instead. If using a plugin, please upgrade to the latest version or report the issue to the plugin maintainer. To disable these warnings, set -Dmaven.project.sourceRoots.warningsDisabled=true on the command line, in the .mvn/maven.config file, or in project POM properties.
2026-06-10 18:20:50,806 [Worker-26: Building] WARN  o.apache.maven.project.MavenProject - Plugin is modifying testCompileSourceRoots through clear(), which will not work in Maven 4.0.0. Use MavenProject.addTestCompileSourceRoot()/removeTestCompileSourceRoot() methods instead. If using a plugin, please upgrade to the latest version or report the issue to the plugin maintainer. To disable these warnings, set -Dmaven.project.sourceRoots.warningsDisabled=true on the command line, in the .mvn/maven.config file, or in project POM properties.
2026-06-10 18:20:50,806 [Worker-26: Building] WARN  o.apache.maven.project.MavenProject - Plugin is modifying testCompileSourceRoots through add(), which will not work in Maven 4.0.0. Use MavenProject.addTestCompileSourceRoot()/removeTestCompileSourceRoot() methods instead. If using a plugin, please upgrade to the latest version or report the issue to the plugin maintainer. To disable these warnings, set -Dmaven.project.sourceRoots.warningsDisabled=true on the command line, in the .mvn/maven.config file, or in project POM properties.
2026-06-10 18:21:43,963 [Worker-25: Building] INFO  o.a.m.s.f.DefaultMavenResourcesFiltering - Copying 0 resource from src/main/resources to target/classes
2026-06-10 18:21:43,964 [Worker-25: Building] INFO  o.a.m.s.f.DefaultMavenResourcesFiltering - Copying 1 resource from src/main/resources to target/classes
2026-06-10 18:21:43,966 [Worker-25: Building] INFO  o.a.m.s.f.DefaultMavenResourcesFiltering - skip non existing resourceDirectory /Users/macbook/Documents/SpringBoot_SpringFramework/spring-boot-web/src/test/resources
2026-06-10 18:21:43,966 [Worker-25: Building] WARN  o.apache.maven.project.MavenProject - Plugin is modifying compileSourceRoots through clear(), which will not work in Maven 4.0.0. Use MavenProject.addCompileSourceRoot()/removeCompileSourceRoot() methods instead. If using a plugin, please upgrade to the latest version or report the issue to the plugin maintainer. To disable these warnings, set -Dmaven.project.sourceRoots.warningsDisabled=true on the command line, in the .mvn/maven.config file, or in project POM properties.
2026-06-10 18:21:43,967 [Worker-25: Building] WARN  o.apache.maven.project.MavenProject - Plugin is modifying compileSourceRoots through add(), which will not work in Maven 4.0.0. Use MavenProject.addCompileSourceRoot()/removeCompileSourceRoot() methods instead. If using a plugin, please upgrade to the latest version or report the issue to the plugin maintainer. To disable these warnings, set -Dmaven.project.sourceRoots.warningsDisabled=true on the command line, in the .mvn/maven.config file, or in project POM properties.
2026-06-10 18:21:43,967 [Worker-25: Building] WARN  o.apache.maven.project.MavenProject - Plugin is modifying testCompileSourceRoots through clear(), which will not work in Maven 4.0.0. Use MavenProject.addTestCompileSourceRoot()/removeTestCompileSourceRoot() methods instead. If using a plugin, please upgrade to the latest version or report the issue to the plugin maintainer. To disable these warnings, set -Dmaven.project.sourceRoots.warningsDisabled=true on the command line, in the .mvn/maven.config file, or in project POM properties.
2026-06-10 18:21:43,967 [Worker-25: Building] WARN  o.apache.maven.project.MavenProject - Plugin is modifying testCompileSourceRoots through add(), which will not work in Maven 4.0.0. Use MavenProject.addTestCompileSourceRoot()/removeTestCompileSourceRoot() methods instead. If using a plugin, please upgrade to the latest version or report the issue to the plugin maintainer. To disable these warnings, set -Dmaven.project.sourceRoots.warningsDisabled=true on the command line, in the .mvn/maven.config file, or in project POM properties.
2026-06-10 18:23:42,077 [Worker-20: Building] INFO  o.a.m.s.f.DefaultMavenResourcesFiltering - Copying 0 resource from src/main/resources to target/classes
2026-06-10 18:23:42,078 [Worker-20: Building] INFO  o.a.m.s.f.DefaultMavenResourcesFiltering - Copying 1 resource from src/main/resources to target/classes
2026-06-10 18:23:42,080 [Worker-20: Building] INFO  o.a.m.s.f.DefaultMavenResourcesFiltering - skip non existing resourceDirectory /Users/macbook/Documents/SpringBoot_SpringFramework/spring-boot-web/src/test/resources
2026-06-10 18:23:42,080 [Worker-20: Building] WARN  o.apache.maven.project.MavenProject - Plugin is modifying compileSourceRoots through clear(), which will not work in Maven 4.0.0. Use MavenProject.addCompileSourceRoot()/removeCompileSourceRoot() methods instead. If using a plugin, please upgrade to the latest version or report the issue to the plugin maintainer. To disable these warnings, set -Dmaven.project.sourceRoots.warningsDisabled=true on the command line, in the .mvn/maven.config file, or in project POM properties.
2026-06-10 18:23:42,081 [Worker-20: Building] WARN  o.apache.maven.project.MavenProject - Plugin is modifying compileSourceRoots through add(), which will not work in Maven 4.0.0. Use MavenProject.addCompileSourceRoot()/removeCompileSourceRoot() methods instead. If using a plugin, please upgrade to the latest version or report the issue to the plugin maintainer. To disable these warnings, set -Dmaven.project.sourceRoots.warningsDisabled=true on the command line, in the .mvn/maven.config file, or in project POM properties.
2026-06-10 18:23:42,081 [Worker-20: Building] WARN  o.apache.maven.project.MavenProject - Plugin is modifying testCompileSourceRoots through clear(), which will not work in Maven 4.0.0. Use MavenProject.addTestCompileSourceRoot()/removeTestCompileSourceRoot() methods instead. If using a plugin, please upgrade to the latest version or report the issue to the plugin maintainer. To disable these warnings, set -Dmaven.project.sourceRoots.warningsDisabled=true on the command line, in the .mvn/maven.config file, or in project POM properties.
2026-06-10 18:23:42,082 [Worker-20: Building] WARN  o.apache.maven.project.MavenProject - Plugin is modifying testCompileSourceRoots through add(), which will not work in Maven 4.0.0. Use MavenProject.addTestCompileSourceRoot()/removeTestCompileSourceRoot() methods instead. If using a plugin, please upgrade to the latest version or report the issue to the plugin maintainer. To disable these warnings, set -Dmaven.project.sourceRoots.warningsDisabled=true on the command line, in the .mvn/maven.config file, or in project POM properties.
2026-06-10 18:24:07,674 [Worker-22: Building] INFO  o.a.m.s.f.DefaultMavenResourcesFiltering - Copying 0 resource from src/main/resources to target/classes
2026-06-10 18:24:07,676 [Worker-22: Building] INFO  o.a.m.s.f.DefaultMavenResourcesFiltering - Copying 1 resource from src/main/resources to target/classes
2026-06-10 18:24:07,678 [Worker-22: Building] INFO  o.a.m.s.f.DefaultMavenResourcesFiltering - skip non existing resourceDirectory /Users/macbook/Documents/SpringBoot_SpringFramework/spring-boot-web/src/test/resources
2026-06-10 18:24:07,678 [Worker-22: Building] WARN  o.apache.maven.project.MavenProject - Plugin is modifying compileSourceRoots through clear(), which will not work in Maven 4.0.0. Use MavenProject.addCompileSourceRoot()/removeCompileSourceRoot() methods instead. If using a plugin, please upgrade to the latest version or report the issue to the plugin maintainer. To disable these warnings, set -Dmaven.project.sourceRoots.warningsDisabled=true on the command line, in the .mvn/maven.config file, or in project POM properties.
2026-06-10 18:24:07,679 [Worker-22: Building] WARN  o.apache.maven.project.MavenProject - Plugin is modifying compileSourceRoots through add(), which will not work in Maven 4.0.0. Use MavenProject.addCompileSourceRoot()/removeCompileSourceRoot() methods instead. If using a plugin, please upgrade to the latest version or report the issue to the plugin maintainer. To disable these warnings, set -Dmaven.project.sourceRoots.warningsDisabled=true on the command line, in the .mvn/maven.config file, or in project POM properties.
2026-06-10 18:24:07,679 [Worker-22: Building] WARN  o.apache.maven.project.MavenProject - Plugin is modifying testCompileSourceRoots through clear(), which will not work in Maven 4.0.0. Use MavenProject.addTestCompileSourceRoot()/removeTestCompileSourceRoot() methods instead. If using a plugin, please upgrade to the latest version or report the issue to the plugin maintainer. To disable these warnings, set -Dmaven.project.sourceRoots.warningsDisabled=true on the command line, in the .mvn/maven.config file, or in project POM properties.
2026-06-10 18:24:07,679 [Worker-22: Building] WARN  o.apache.maven.project.MavenProject - Plugin is modifying testCompileSourceRoots through add(), which will not work in Maven 4.0.0. Use MavenProject.addTestCompileSourceRoot()/removeTestCompileSourceRoot() methods instead. If using a plugin, please upgrade to the latest version or report the issue to the plugin maintainer. To disable these warnings, set -Dmaven.project.sourceRoots.warningsDisabled=true on the command line, in the .mvn/maven.config file, or in project POM properties.
2026-06-10 18:26:00,388 [Worker-20: Building] INFO  o.a.m.s.f.DefaultMavenResourcesFiltering - Copying 1 resource from src/main/resources to target/classes
2026-06-10 18:26:00,391 [Worker-20: Building] INFO  o.a.m.s.f.DefaultMavenResourcesFiltering - Copying 2 resources from src/main/resources to target/classes
2026-06-10 18:26:00,393 [Worker-20: Building] INFO  o.a.m.s.f.DefaultMavenResourcesFiltering - skip non existing resourceDirectory /Users/macbook/Documents/SpringBoot_SpringFramework/spring-boot-web/src/test/resources
2026-06-10 18:26:00,393 [Worker-20: Building] WARN  o.apache.maven.project.MavenProject - Plugin is modifying compileSourceRoots through clear(), which will not work in Maven 4.0.0. Use MavenProject.addCompileSourceRoot()/removeCompileSourceRoot() methods instead. If using a plugin, please upgrade to the latest version or report the issue to the plugin maintainer. To disable these warnings, set -Dmaven.project.sourceRoots.warningsDisabled=true on the command line, in the .mvn/maven.config file, or in project POM properties.
2026-06-10 18:26:00,393 [Worker-20: Building] WARN  o.apache.maven.project.MavenProject - Plugin is modifying compileSourceRoots through add(), which will not work in Maven 4.0.0. Use MavenProject.addCompileSourceRoot()/removeCompileSourceRoot() methods instead. If using a plugin, please upgrade to the latest version or report the issue to the plugin maintainer. To disable these warnings, set -Dmaven.project.sourceRoots.warningsDisabled=true on the command line, in the .mvn/maven.config file, or in project POM properties.
2026-06-10 18:26:00,393 [Worker-20: Building] WARN  o.apache.maven.project.MavenProject - Plugin is modifying testCompileSourceRoots through clear(), which will not work in Maven 4.0.0. Use MavenProject.addTestCompileSourceRoot()/removeTestCompileSourceRoot() methods instead. If using a plugin, please upgrade to the latest version or report the issue to the plugin maintainer. To disable these warnings, set -Dmaven.project.sourceRoots.warningsDisabled=true on the command line, in the .mvn/maven.config file, or in project POM properties.
2026-06-10 18:26:00,394 [Worker-20: Building] WARN  o.apache.maven.project.MavenProject - Plugin is modifying testCompileSourceRoots through add(), which will not work in Maven 4.0.0. Use MavenProject.addTestCompileSourceRoot()/removeTestCompileSourceRoot() methods instead. If using a plugin, please upgrade to the latest version or report the issue to the plugin maintainer. To disable these warnings, set -Dmaven.project.sourceRoots.warningsDisabled=true on the command line, in the .mvn/maven.config file, or in project POM properties.
2026-06-10 18:27:40,394 [Worker-18: Building] INFO  o.a.m.s.f.DefaultMavenResourcesFiltering - Copying 0 resource from src/main/resources to target/classes
2026-06-10 18:27:40,396 [Worker-18: Building] INFO  o.a.m.s.f.DefaultMavenResourcesFiltering - Copying 1 resource from src/main/resources to target/classes
2026-06-10 18:27:40,400 [Worker-18: Building] INFO  o.a.m.s.f.DefaultMavenResourcesFiltering - skip non existing resourceDirectory /Users/macbook/Documents/SpringBoot_SpringFramework/spring-boot-web/src/test/resources
2026-06-10 18:27:40,400 [Worker-18: Building] WARN  o.apache.maven.project.MavenProject - Plugin is modifying compileSourceRoots through clear(), which will not work in Maven 4.0.0. Use MavenProject.addCompileSourceRoot()/removeCompileSourceRoot() methods instead. If using a plugin, please upgrade to the latest version or report the issue to the plugin maintainer. To disable these warnings, set -Dmaven.project.sourceRoots.warningsDisabled=true on the command line, in the .mvn/maven.config file, or in project POM properties.
2026-06-10 18:27:40,401 [Worker-18: Building] WARN  o.apache.maven.project.MavenProject - Plugin is modifying compileSourceRoots through add(), which will not work in Maven 4.0.0. Use MavenProject.addCompileSourceRoot()/removeCompileSourceRoot() methods instead. If using a plugin, please upgrade to the latest version or report the issue to the plugin maintainer. To disable these warnings, set -Dmaven.project.sourceRoots.warningsDisabled=true on the command line, in the .mvn/maven.config file, or in project POM properties.
2026-06-10 18:27:40,402 [Worker-18: Building] WARN  o.apache.maven.project.MavenProject - Plugin is modifying testCompileSourceRoots through clear(), which will not work in Maven 4.0.0. Use MavenProject.addTestCompileSourceRoot()/removeTestCompileSourceRoot() methods instead. If using a plugin, please upgrade to the latest version or report the issue to the plugin maintainer. To disable these warnings, set -Dmaven.project.sourceRoots.warningsDisabled=true on the command line, in the .mvn/maven.config file, or in project POM properties.
2026-06-10 18:27:40,402 [Worker-18: Building] WARN  o.apache.maven.project.MavenProject - Plugin is modifying testCompileSourceRoots through add(), which will not work in Maven 4.0.0. Use MavenProject.addTestCompileSourceRoot()/removeTestCompileSourceRoot() methods instead. If using a plugin, please upgrade to the latest version or report the issue to the plugin maintainer. To disable these warnings, set -Dmaven.project.sourceRoots.warningsDisabled=true on the command line, in the .mvn/maven.config file, or in project POM properties.
2026-06-10 18:28:20,283 [Worker-27: Building] INFO  o.a.m.s.f.DefaultMavenResourcesFiltering - Copying 1 resource from src/main/resources to target/classes
2026-06-10 18:28:20,288 [Worker-27: Building] INFO  o.a.m.s.f.DefaultMavenResourcesFiltering - Copying 2 resources from src/main/resources to target/classes
2026-06-10 18:28:20,290 [Worker-27: Building] INFO  o.a.m.s.f.DefaultMavenResourcesFiltering - skip non existing resourceDirectory /Users/macbook/Documents/SpringBoot_SpringFramework/spring-boot-web/src/test/resources
2026-06-10 18:28:20,290 [Worker-27: Building] WARN  o.apache.maven.project.MavenProject - Plugin is modifying compileSourceRoots through clear(), which will not work in Maven 4.0.0. Use MavenProject.addCompileSourceRoot()/removeCompileSourceRoot() methods instead. If using a plugin, please upgrade to the latest version or report the issue to the plugin maintainer. To disable these warnings, set -Dmaven.project.sourceRoots.warningsDisabled=true on the command line, in the .mvn/maven.config file, or in project POM properties.
2026-06-10 18:28:20,290 [Worker-27: Building] WARN  o.apache.maven.project.MavenProject - Plugin is modifying compileSourceRoots through add(), which will not work in Maven 4.0.0. Use MavenProject.addCompileSourceRoot()/removeCompileSourceRoot() methods instead. If using a plugin, please upgrade to the latest version or report the issue to the plugin maintainer. To disable these warnings, set -Dmaven.project.sourceRoots.warningsDisabled=true on the command line, in the .mvn/maven.config file, or in project POM properties.
2026-06-10 18:28:20,291 [Worker-27: Building] WARN  o.apache.maven.project.MavenProject - Plugin is modifying testCompileSourceRoots through clear(), which will not work in Maven 4.0.0. Use MavenProject.addTestCompileSourceRoot()/removeTestCompileSourceRoot() methods instead. If using a plugin, please upgrade to the latest version or report the issue to the plugin maintainer. To disable these warnings, set -Dmaven.project.sourceRoots.warningsDisabled=true on the command line, in the .mvn/maven.config file, or in project POM properties.
2026-06-10 18:28:20,291 [Worker-27: Building] WARN  o.apache.maven.project.MavenProject - Plugin is modifying testCompileSourceRoots through add(), which will not work in Maven 4.0.0. Use MavenProject.addTestCompileSourceRoot()/removeTestCompileSourceRoot() methods instead. If using a plugin, please upgrade to the latest version or report the issue to the plugin maintainer. To disable these warnings, set -Dmaven.project.sourceRoots.warningsDisabled=true on the command line, in the .mvn/maven.config file, or in project POM properties.
2026-06-10 18:29:20,969 [Worker-27: Building] INFO  o.a.m.s.f.DefaultMavenResourcesFiltering - Copying 0 resource from src/main/resources to target/classes
2026-06-10 18:29:20,971 [Worker-27: Building] INFO  o.a.m.s.f.DefaultMavenResourcesFiltering - Copying 1 resource from src/main/resources to target/classes
2026-06-10 18:29:20,973 [Worker-27: Building] INFO  o.a.m.s.f.DefaultMavenResourcesFiltering - skip non existing resourceDirectory /Users/macbook/Documents/SpringBoot_SpringFramework/spring-boot-web/src/test/resources
2026-06-10 18:29:20,973 [Worker-27: Building] WARN  o.apache.maven.project.MavenProject - Plugin is modifying compileSourceRoots through clear(), which will not work in Maven 4.0.0. Use MavenProject.addCompileSourceRoot()/removeCompileSourceRoot() methods instead. If using a plugin, please upgrade to the latest version or report the issue to the plugin maintainer. To disable these warnings, set -Dmaven.project.sourceRoots.warningsDisabled=true on the command line, in the .mvn/maven.config file, or in project POM properties.
2026-06-10 18:29:20,974 [Worker-27: Building] WARN  o.apache.maven.project.MavenProject - Plugin is modifying compileSourceRoots through add(), which will not work in Maven 4.0.0. Use MavenProject.addCompileSourceRoot()/removeCompileSourceRoot() methods instead. If using a plugin, please upgrade to the latest version or report the issue to the plugin maintainer. To disable these warnings, set -Dmaven.project.sourceRoots.warningsDisabled=true on the command line, in the .mvn/maven.config file, or in project POM properties.
2026-06-10 18:29:20,974 [Worker-27: Building] WARN  o.apache.maven.project.MavenProject - Plugin is modifying testCompileSourceRoots through clear(), which will not work in Maven 4.0.0. Use MavenProject.addTestCompileSourceRoot()/removeTestCompileSourceRoot() methods instead. If using a plugin, please upgrade to the latest version or report the issue to the plugin maintainer. To disable these warnings, set -Dmaven.project.sourceRoots.warningsDisabled=true on the command line, in the .mvn/maven.config file, or in project POM properties.
2026-06-10 18:29:20,974 [Worker-27: Building] WARN  o.apache.maven.project.MavenProject - Plugin is modifying testCompileSourceRoots through add(), which will not work in Maven 4.0.0. Use MavenProject.addTestCompileSourceRoot()/removeTestCompileSourceRoot() methods instead. If using a plugin, please upgrade to the latest version or report the issue to the plugin maintainer. To disable these warnings, set -Dmaven.project.sourceRoots.warningsDisabled=true on the command line, in the .mvn/maven.config file, or in project POM properties.
2026-06-10 18:30:28,769 [Worker-31: Building] INFO  o.a.m.s.f.DefaultMavenResourcesFiltering - Copying 1 resource from src/main/resources to target/classes
2026-06-10 18:30:28,780 [Worker-31: Building] INFO  o.a.m.s.f.DefaultMavenResourcesFiltering - Copying 2 resources from src/main/resources to target/classes
2026-06-10 18:30:28,782 [Worker-31: Building] INFO  o.a.m.s.f.DefaultMavenResourcesFiltering - skip non existing resourceDirectory /Users/macbook/Documents/SpringBoot_SpringFramework/spring-boot-web/src/test/resources
2026-06-10 18:30:28,783 [Worker-31: Building] WARN  o.apache.maven.project.MavenProject - Plugin is modifying compileSourceRoots through clear(), which will not work in Maven 4.0.0. Use MavenProject.addCompileSourceRoot()/removeCompileSourceRoot() methods instead. If using a plugin, please upgrade to the latest version or report the issue to the plugin maintainer. To disable these warnings, set -Dmaven.project.sourceRoots.warningsDisabled=true on the command line, in the .mvn/maven.config file, or in project POM properties.
2026-06-10 18:30:28,784 [Worker-31: Building] WARN  o.apache.maven.project.MavenProject - Plugin is modifying compileSourceRoots through add(), which will not work in Maven 4.0.0. Use MavenProject.addCompileSourceRoot()/removeCompileSourceRoot() methods instead. If using a plugin, please upgrade to the latest version or report the issue to the plugin maintainer. To disable these warnings, set -Dmaven.project.sourceRoots.warningsDisabled=true on the command line, in the .mvn/maven.config file, or in project POM properties.
2026-06-10 18:30:28,784 [Worker-31: Building] WARN  o.apache.maven.project.MavenProject - Plugin is modifying testCompileSourceRoots through clear(), which will not work in Maven 4.0.0. Use MavenProject.addTestCompileSourceRoot()/removeTestCompileSourceRoot() methods instead. If using a plugin, please upgrade to the latest version or report the issue to the plugin maintainer. To disable these warnings, set -Dmaven.project.sourceRoots.warningsDisabled=true on the command line, in the .mvn/maven.config file, or in project POM properties.
2026-06-10 18:30:28,784 [Worker-31: Building] WARN  o.apache.maven.project.MavenProject - Plugin is modifying testCompileSourceRoots through add(), which will not work in Maven 4.0.0. Use MavenProject.addTestCompileSourceRoot()/removeTestCompileSourceRoot() methods instead. If using a plugin, please upgrade to the latest version or report the issue to the plugin maintainer. To disable these warnings, set -Dmaven.project.sourceRoots.warningsDisabled=true on the command line, in the .mvn/maven.config file, or in project POM properties.
2026-06-10 18:32:02,016 [Worker-28: Building] INFO  o.a.m.s.f.DefaultMavenResourcesFiltering - Copying 0 resource from src/main/resources to target/classes
2026-06-10 18:32:02,017 [Worker-28: Building] INFO  o.a.m.s.f.DefaultMavenResourcesFiltering - Copying 1 resource from src/main/resources to target/classes
2026-06-10 18:32:02,020 [Worker-28: Building] INFO  o.a.m.s.f.DefaultMavenResourcesFiltering - skip non existing resourceDirectory /Users/macbook/Documents/SpringBoot_SpringFramework/spring-boot-web/src/test/resources
2026-06-10 18:32:02,020 [Worker-28: Building] WARN  o.apache.maven.project.MavenProject - Plugin is modifying compileSourceRoots through clear(), which will not work in Maven 4.0.0. Use MavenProject.addCompileSourceRoot()/removeCompileSourceRoot() methods instead. If using a plugin, please upgrade to the latest version or report the issue to the plugin maintainer. To disable these warnings, set -Dmaven.project.sourceRoots.warningsDisabled=true on the command line, in the .mvn/maven.config file, or in project POM properties.
2026-06-10 18:32:02,021 [Worker-28: Building] WARN  o.apache.maven.project.MavenProject - Plugin is modifying compileSourceRoots through add(), which will not work in Maven 4.0.0. Use MavenProject.addCompileSourceRoot()/removeCompileSourceRoot() methods instead. If using a plugin, please upgrade to the latest version or report the issue to the plugin maintainer. To disable these warnings, set -Dmaven.project.sourceRoots.warningsDisabled=true on the command line, in the .mvn/maven.config file, or in project POM properties.
2026-06-10 18:32:02,021 [Worker-28: Building] WARN  o.apache.maven.project.MavenProject - Plugin is modifying testCompileSourceRoots through clear(), which will not work in Maven 4.0.0. Use MavenProject.addTestCompileSourceRoot()/removeTestCompileSourceRoot() methods instead. If using a plugin, please upgrade to the latest version or report the issue to the plugin maintainer. To disable these warnings, set -Dmaven.project.sourceRoots.warningsDisabled=true on the command line, in the .mvn/maven.config file, or in project POM properties.
2026-06-10 18:32:02,021 [Worker-28: Building] WARN  o.apache.maven.project.MavenProject - Plugin is modifying testCompileSourceRoots through add(), which will not work in Maven 4.0.0. Use MavenProject.addTestCompileSourceRoot()/removeTestCompileSourceRoot() methods instead. If using a plugin, please upgrade to the latest version or report the issue to the plugin maintainer. To disable these warnings, set -Dmaven.project.sourceRoots.warningsDisabled=true on the command line, in the .mvn/maven.config file, or in project POM properties.
2026-06-10 18:32:46,945 [Worker-29: Building] INFO  o.a.m.s.f.DefaultMavenResourcesFiltering - Copying 1 resource from src/main/resources to target/classes
2026-06-10 18:32:46,952 [Worker-29: Building] INFO  o.a.m.s.f.DefaultMavenResourcesFiltering - Copying 2 resources from src/main/resources to target/classes
2026-06-10 18:32:46,955 [Worker-29: Building] INFO  o.a.m.s.f.DefaultMavenResourcesFiltering - skip non existing resourceDirectory /Users/macbook/Documents/SpringBoot_SpringFramework/spring-boot-web/src/test/resources
2026-06-10 18:32:46,955 [Worker-29: Building] WARN  o.apache.maven.project.MavenProject - Plugin is modifying compileSourceRoots through clear(), which will not work in Maven 4.0.0. Use MavenProject.addCompileSourceRoot()/removeCompileSourceRoot() methods instead. If using a plugin, please upgrade to the latest version or report the issue to the plugin maintainer. To disable these warnings, set -Dmaven.project.sourceRoots.warningsDisabled=true on the command line, in the .mvn/maven.config file, or in project POM properties.
2026-06-10 18:32:46,956 [Worker-29: Building] WARN  o.apache.maven.project.MavenProject - Plugin is modifying compileSourceRoots through add(), which will not work in Maven 4.0.0. Use MavenProject.addCompileSourceRoot()/removeCompileSourceRoot() methods instead. If using a plugin, please upgrade to the latest version or report the issue to the plugin maintainer. To disable these warnings, set -Dmaven.project.sourceRoots.warningsDisabled=true on the command line, in the .mvn/maven.config file, or in project POM properties.
2026-06-10 18:32:46,956 [Worker-29: Building] WARN  o.apache.maven.project.MavenProject - Plugin is modifying testCompileSourceRoots through clear(), which will not work in Maven 4.0.0. Use MavenProject.addTestCompileSourceRoot()/removeTestCompileSourceRoot() methods instead. If using a plugin, please upgrade to the latest version or report the issue to the plugin maintainer. To disable these warnings, set -Dmaven.project.sourceRoots.warningsDisabled=true on the command line, in the .mvn/maven.config file, or in project POM properties.
2026-06-10 18:32:46,957 [Worker-29: Building] WARN  o.apache.maven.project.MavenProject - Plugin is modifying testCompileSourceRoots through add(), which will not work in Maven 4.0.0. Use MavenProject.addTestCompileSourceRoot()/removeTestCompileSourceRoot() methods instead. If using a plugin, please upgrade to the latest version or report the issue to the plugin maintainer. To disable these warnings, set -Dmaven.project.sourceRoots.warningsDisabled=true on the command line, in the .mvn/maven.config file, or in project POM properties.
2026-06-10 18:33:12,103 [Worker-32: Building] INFO  o.a.m.s.f.DefaultMavenResourcesFiltering - Copying 1 resource from src/main/resources to target/classes
2026-06-10 18:33:12,105 [Worker-32: Building] INFO  o.a.m.s.f.DefaultMavenResourcesFiltering - Copying 2 resources from src/main/resources to target/classes
2026-06-10 18:33:12,106 [Worker-32: Building] INFO  o.a.m.s.f.DefaultMavenResourcesFiltering - skip non existing resourceDirectory /Users/macbook/Documents/SpringBoot_SpringFramework/spring-boot-web/src/test/resources
2026-06-10 18:33:12,106 [Worker-32: Building] WARN  o.apache.maven.project.MavenProject - Plugin is modifying compileSourceRoots through clear(), which will not work in Maven 4.0.0. Use MavenProject.addCompileSourceRoot()/removeCompileSourceRoot() methods instead. If using a plugin, please upgrade to the latest version or report the issue to the plugin maintainer. To disable these warnings, set -Dmaven.project.sourceRoots.warningsDisabled=true on the command line, in the .mvn/maven.config file, or in project POM properties.
2026-06-10 18:33:12,107 [Worker-32: Building] WARN  o.apache.maven.project.MavenProject - Plugin is modifying compileSourceRoots through add(), which will not work in Maven 4.0.0. Use MavenProject.addCompileSourceRoot()/removeCompileSourceRoot() methods instead. If using a plugin, please upgrade to the latest version or report the issue to the plugin maintainer. To disable these warnings, set -Dmaven.project.sourceRoots.warningsDisabled=true on the command line, in the .mvn/maven.config file, or in project POM properties.
2026-06-10 18:33:12,107 [Worker-32: Building] WARN  o.apache.maven.project.MavenProject - Plugin is modifying testCompileSourceRoots through clear(), which will not work in Maven 4.0.0. Use MavenProject.addTestCompileSourceRoot()/removeTestCompileSourceRoot() methods instead. If using a plugin, please upgrade to the latest version or report the issue to the plugin maintainer. To disable these warnings, set -Dmaven.project.sourceRoots.warningsDisabled=true on the command line, in the .mvn/maven.config file, or in project POM properties.
2026-06-10 18:33:12,107 [Worker-32: Building] WARN  o.apache.maven.project.MavenProject - Plugin is modifying testCompileSourceRoots through add(), which will not work in Maven 4.0.0. Use MavenProject.addTestCompileSourceRoot()/removeTestCompileSourceRoot() methods instead. If using a plugin, please upgrade to the latest version or report the issue to the plugin maintainer. To disable these warnings, set -Dmaven.project.sourceRoots.warningsDisabled=true on the command line, in the .mvn/maven.config file, or in project POM properties.
2026-06-10 18:37:04,115 [Worker-30: Building] INFO  o.a.m.s.f.DefaultMavenResourcesFiltering - Copying 1 resource from src/main/resources to target/classes
2026-06-10 18:37:04,123 [Worker-30: Building] INFO  o.a.m.s.f.DefaultMavenResourcesFiltering - Copying 2 resources from src/main/resources to target/classes
2026-06-10 18:37:04,125 [Worker-30: Building] INFO  o.a.m.s.f.DefaultMavenResourcesFiltering - skip non existing resourceDirectory /Users/macbook/Documents/SpringBoot_SpringFramework/spring-boot-web/src/test/resources
2026-06-10 18:37:04,125 [Worker-30: Building] WARN  o.apache.maven.project.MavenProject - Plugin is modifying compileSourceRoots through clear(), which will not work in Maven 4.0.0. Use MavenProject.addCompileSourceRoot()/removeCompileSourceRoot() methods instead. If using a plugin, please upgrade to the latest version or report the issue to the plugin maintainer. To disable these warnings, set -Dmaven.project.sourceRoots.warningsDisabled=true on the command line, in the .mvn/maven.config file, or in project POM properties.
2026-06-10 18:37:04,126 [Worker-30: Building] WARN  o.apache.maven.project.MavenProject - Plugin is modifying compileSourceRoots through add(), which will not work in Maven 4.0.0. Use MavenProject.addCompileSourceRoot()/removeCompileSourceRoot() methods instead. If using a plugin, please upgrade to the latest version or report the issue to the plugin maintainer. To disable these warnings, set -Dmaven.project.sourceRoots.warningsDisabled=true on the command line, in the .mvn/maven.config file, or in project POM properties.
2026-06-10 18:37:04,126 [Worker-30: Building] WARN  o.apache.maven.project.MavenProject - Plugin is modifying testCompileSourceRoots through clear(), which will not work in Maven 4.0.0. Use MavenProject.addTestCompileSourceRoot()/removeTestCompileSourceRoot() methods instead. If using a plugin, please upgrade to the latest version or report the issue to the plugin maintainer. To disable these warnings, set -Dmaven.project.sourceRoots.warningsDisabled=true on the command line, in the .mvn/maven.config file, or in project POM properties.
2026-06-10 18:37:04,126 [Worker-30: Building] WARN  o.apache.maven.project.MavenProject - Plugin is modifying testCompileSourceRoots through add(), which will not work in Maven 4.0.0. Use MavenProject.addTestCompileSourceRoot()/removeTestCompileSourceRoot() methods instead. If using a plugin, please upgrade to the latest version or report the issue to the plugin maintainer. To disable these warnings, set -Dmaven.project.sourceRoots.warningsDisabled=true on the command line, in the .mvn/maven.config file, or in project POM properties.
2026-06-10 18:41:51,729 [Worker-33: Building] INFO  o.a.m.s.f.DefaultMavenResourcesFiltering - Copying 0 resource from src/main/resources to target/classes
2026-06-10 18:41:51,732 [Worker-33: Building] INFO  o.a.m.s.f.DefaultMavenResourcesFiltering - Copying 1 resource from src/main/resources to target/classes
2026-06-10 18:41:51,737 [Worker-33: Building] INFO  o.a.m.s.f.DefaultMavenResourcesFiltering - skip non existing resourceDirectory /Users/macbook/Documents/SpringBoot_SpringFramework/spring-boot-web/src/test/resources
2026-06-10 18:41:51,737 [Worker-33: Building] WARN  o.apache.maven.project.MavenProject - Plugin is modifying compileSourceRoots through clear(), which will not work in Maven 4.0.0. Use MavenProject.addCompileSourceRoot()/removeCompileSourceRoot() methods instead. If using a plugin, please upgrade to the latest version or report the issue to the plugin maintainer. To disable these warnings, set -Dmaven.project.sourceRoots.warningsDisabled=true on the command line, in the .mvn/maven.config file, or in project POM properties.
2026-06-10 18:41:51,738 [Worker-33: Building] WARN  o.apache.maven.project.MavenProject - Plugin is modifying compileSourceRoots through add(), which will not work in Maven 4.0.0. Use MavenProject.addCompileSourceRoot()/removeCompileSourceRoot() methods instead. If using a plugin, please upgrade to the latest version or report the issue to the plugin maintainer. To disable these warnings, set -Dmaven.project.sourceRoots.warningsDisabled=true on the command line, in the .mvn/maven.config file, or in project POM properties.
2026-06-10 18:41:51,738 [Worker-33: Building] WARN  o.apache.maven.project.MavenProject - Plugin is modifying testCompileSourceRoots through clear(), which will not work in Maven 4.0.0. Use MavenProject.addTestCompileSourceRoot()/removeTestCompileSourceRoot() methods instead. If using a plugin, please upgrade to the latest version or report the issue to the plugin maintainer. To disable these warnings, set -Dmaven.project.sourceRoots.warningsDisabled=true on the command line, in the .mvn/maven.config file, or in project POM properties.
2026-06-10 18:41:51,738 [Worker-33: Building] WARN  o.apache.maven.project.MavenProject - Plugin is modifying testCompileSourceRoots through add(), which will not work in Maven 4.0.0. Use MavenProject.addTestCompileSourceRoot()/removeTestCompileSourceRoot() methods instead. If using a plugin, please upgrade to the latest version or report the issue to the plugin maintainer. To disable these warnings, set -Dmaven.project.sourceRoots.warningsDisabled=true on the command line, in the .mvn/maven.config file, or in project POM properties.
2026-06-10 18:45:57,457 [Worker-30: Building] INFO  o.a.m.s.f.DefaultMavenResourcesFiltering - Copying 0 resource from src/main/resources to target/classes
2026-06-10 18:45:57,459 [Worker-30: Building] INFO  o.a.m.s.f.DefaultMavenResourcesFiltering - Copying 1 resource from src/main/resources to target/classes
2026-06-10 18:45:57,461 [Worker-30: Building] INFO  o.a.m.s.f.DefaultMavenResourcesFiltering - skip non existing resourceDirectory /Users/macbook/Documents/SpringBoot_SpringFramework/spring-boot-web/src/test/resources
2026-06-10 18:45:57,461 [Worker-30: Building] WARN  o.apache.maven.project.MavenProject - Plugin is modifying compileSourceRoots through clear(), which will not work in Maven 4.0.0. Use MavenProject.addCompileSourceRoot()/removeCompileSourceRoot() methods instead. If using a plugin, please upgrade to the latest version or report the issue to the plugin maintainer. To disable these warnings, set -Dmaven.project.sourceRoots.warningsDisabled=true on the command line, in the .mvn/maven.config file, or in project POM properties.
2026-06-10 18:45:57,462 [Worker-30: Building] WARN  o.apache.maven.project.MavenProject - Plugin is modifying compileSourceRoots through add(), which will not work in Maven 4.0.0. Use MavenProject.addCompileSourceRoot()/removeCompileSourceRoot() methods instead. If using a plugin, please upgrade to the latest version or report the issue to the plugin maintainer. To disable these warnings, set -Dmaven.project.sourceRoots.warningsDisabled=true on the command line, in the .mvn/maven.config file, or in project POM properties.
2026-06-10 18:45:57,462 [Worker-30: Building] WARN  o.apache.maven.project.MavenProject - Plugin is modifying testCompileSourceRoots through clear(), which will not work in Maven 4.0.0. Use MavenProject.addTestCompileSourceRoot()/removeTestCompileSourceRoot() methods instead. If using a plugin, please upgrade to the latest version or report the issue to the plugin maintainer. To disable these warnings, set -Dmaven.project.sourceRoots.warningsDisabled=true on the command line, in the .mvn/maven.config file, or in project POM properties.
2026-06-10 18:45:57,463 [Worker-30: Building] WARN  o.apache.maven.project.MavenProject - Plugin is modifying testCompileSourceRoots through add(), which will not work in Maven 4.0.0. Use MavenProject.addTestCompileSourceRoot()/removeTestCompileSourceRoot() methods instead. If using a plugin, please upgrade to the latest version or report the issue to the plugin maintainer. To disable these warnings, set -Dmaven.project.sourceRoots.warningsDisabled=true on the command line, in the .mvn/maven.config file, or in project POM properties.
2026-06-10 18:46:08,622 [Worker-37: Building] INFO  o.a.m.s.f.DefaultMavenResourcesFiltering - Copying 1 resource from src/main/resources to target/classes
2026-06-10 18:46:08,628 [Worker-37: Building] INFO  o.a.m.s.f.DefaultMavenResourcesFiltering - Copying 3 resources from src/main/resources to target/classes
2026-06-10 18:46:08,629 [Worker-37: Building] INFO  o.a.m.s.f.DefaultMavenResourcesFiltering - skip non existing resourceDirectory /Users/macbook/Documents/SpringBoot_SpringFramework/spring-boot-web/src/test/resources
2026-06-10 18:46:08,629 [Worker-37: Building] WARN  o.apache.maven.project.MavenProject - Plugin is modifying compileSourceRoots through clear(), which will not work in Maven 4.0.0. Use MavenProject.addCompileSourceRoot()/removeCompileSourceRoot() methods instead. If using a plugin, please upgrade to the latest version or report the issue to the plugin maintainer. To disable these warnings, set -Dmaven.project.sourceRoots.warningsDisabled=true on the command line, in the .mvn/maven.config file, or in project POM properties.
2026-06-10 18:46:08,630 [Worker-37: Building] WARN  o.apache.maven.project.MavenProject - Plugin is modifying compileSourceRoots through add(), which will not work in Maven 4.0.0. Use MavenProject.addCompileSourceRoot()/removeCompileSourceRoot() methods instead. If using a plugin, please upgrade to the latest version or report the issue to the plugin maintainer. To disable these warnings, set -Dmaven.project.sourceRoots.warningsDisabled=true on the command line, in the .mvn/maven.config file, or in project POM properties.
2026-06-10 18:46:08,630 [Worker-37: Building] WARN  o.apache.maven.project.MavenProject - Plugin is modifying testCompileSourceRoots through clear(), which will not work in Maven 4.0.0. Use MavenProject.addTestCompileSourceRoot()/removeTestCompileSourceRoot() methods instead. If using a plugin, please upgrade to the latest version or report the issue to the plugin maintainer. To disable these warnings, set -Dmaven.project.sourceRoots.warningsDisabled=true on the command line, in the .mvn/maven.config file, or in project POM properties.
2026-06-10 18:46:08,630 [Worker-37: Building] WARN  o.apache.maven.project.MavenProject - Plugin is modifying testCompileSourceRoots through add(), which will not work in Maven 4.0.0. Use MavenProject.addTestCompileSourceRoot()/removeTestCompileSourceRoot() methods instead. If using a plugin, please upgrade to the latest version or report the issue to the plugin maintainer. To disable these warnings, set -Dmaven.project.sourceRoots.warningsDisabled=true on the command line, in the .mvn/maven.config file, or in project POM properties.
2026-06-10 18:49:45,122 [Worker-29: Building] INFO  o.a.m.s.f.DefaultMavenResourcesFiltering - Copying 0 resource from src/main/resources to target/classes
2026-06-10 18:49:45,123 [Worker-29: Building] INFO  o.a.m.s.f.DefaultMavenResourcesFiltering - Copying 1 resource from src/main/resources to target/classes
2026-06-10 18:49:45,126 [Worker-29: Building] INFO  o.a.m.s.f.DefaultMavenResourcesFiltering - skip non existing resourceDirectory /Users/macbook/Documents/SpringBoot_SpringFramework/spring-boot-web/src/test/resources
2026-06-10 18:49:45,126 [Worker-29: Building] WARN  o.apache.maven.project.MavenProject - Plugin is modifying compileSourceRoots through clear(), which will not work in Maven 4.0.0. Use MavenProject.addCompileSourceRoot()/removeCompileSourceRoot() methods instead. If using a plugin, please upgrade to the latest version or report the issue to the plugin maintainer. To disable these warnings, set -Dmaven.project.sourceRoots.warningsDisabled=true on the command line, in the .mvn/maven.config file, or in project POM properties.
2026-06-10 18:49:45,128 [Worker-29: Building] WARN  o.apache.maven.project.MavenProject - Plugin is modifying compileSourceRoots through add(), which will not work in Maven 4.0.0. Use MavenProject.addCompileSourceRoot()/removeCompileSourceRoot() methods instead. If using a plugin, please upgrade to the latest version or report the issue to the plugin maintainer. To disable these warnings, set -Dmaven.project.sourceRoots.warningsDisabled=true on the command line, in the .mvn/maven.config file, or in project POM properties.
2026-06-10 18:49:45,129 [Worker-29: Building] WARN  o.apache.maven.project.MavenProject - Plugin is modifying testCompileSourceRoots through clear(), which will not work in Maven 4.0.0. Use MavenProject.addTestCompileSourceRoot()/removeTestCompileSourceRoot() methods instead. If using a plugin, please upgrade to the latest version or report the issue to the plugin maintainer. To disable these warnings, set -Dmaven.project.sourceRoots.warningsDisabled=true on the command line, in the .mvn/maven.config file, or in project POM properties.
2026-06-10 18:49:45,129 [Worker-29: Building] WARN  o.apache.maven.project.MavenProject - Plugin is modifying testCompileSourceRoots through add(), which will not work in Maven 4.0.0. Use MavenProject.addTestCompileSourceRoot()/removeTestCompileSourceRoot() methods instead. If using a plugin, please upgrade to the latest version or report the issue to the plugin maintainer. To disable these warnings, set -Dmaven.project.sourceRoots.warningsDisabled=true on the command line, in the .mvn/maven.config file, or in project POM properties.
2026-06-10 18:50:34,219 [Worker-38: Building] INFO  o.a.m.s.f.DefaultMavenResourcesFiltering - Copying 1 resource from src/main/resources to target/classes
2026-06-10 18:50:34,225 [Worker-38: Building] INFO  o.a.m.s.f.DefaultMavenResourcesFiltering - Copying 3 resources from src/main/resources to target/classes
2026-06-10 18:50:34,227 [Worker-38: Building] INFO  o.a.m.s.f.DefaultMavenResourcesFiltering - skip non existing resourceDirectory /Users/macbook/Documents/SpringBoot_SpringFramework/spring-boot-web/src/test/resources
2026-06-10 18:50:34,227 [Worker-38: Building] WARN  o.apache.maven.project.MavenProject - Plugin is modifying compileSourceRoots through clear(), which will not work in Maven 4.0.0. Use MavenProject.addCompileSourceRoot()/removeCompileSourceRoot() methods instead. If using a plugin, please upgrade to the latest version or report the issue to the plugin maintainer. To disable these warnings, set -Dmaven.project.sourceRoots.warningsDisabled=true on the command line, in the .mvn/maven.config file, or in project POM properties.
2026-06-10 18:50:34,228 [Worker-38: Building] WARN  o.apache.maven.project.MavenProject - Plugin is modifying compileSourceRoots through add(), which will not work in Maven 4.0.0. Use MavenProject.addCompileSourceRoot()/removeCompileSourceRoot() methods instead. If using a plugin, please upgrade to the latest version or report the issue to the plugin maintainer. To disable these warnings, set -Dmaven.project.sourceRoots.warningsDisabled=true on the command line, in the .mvn/maven.config file, or in project POM properties.
2026-06-10 18:50:34,228 [Worker-38: Building] WARN  o.apache.maven.project.MavenProject - Plugin is modifying testCompileSourceRoots through clear(), which will not work in Maven 4.0.0. Use MavenProject.addTestCompileSourceRoot()/removeTestCompileSourceRoot() methods instead. If using a plugin, please upgrade to the latest version or report the issue to the plugin maintainer. To disable these warnings, set -Dmaven.project.sourceRoots.warningsDisabled=true on the command line, in the .mvn/maven.config file, or in project POM properties.
2026-06-10 18:50:34,228 [Worker-38: Building] WARN  o.apache.maven.project.MavenProject - Plugin is modifying testCompileSourceRoots through add(), which will not work in Maven 4.0.0. Use MavenProject.addTestCompileSourceRoot()/removeTestCompileSourceRoot() methods instead. If using a plugin, please upgrade to the latest version or report the issue to the plugin maintainer. To disable these warnings, set -Dmaven.project.sourceRoots.warningsDisabled=true on the command line, in the .mvn/maven.config file, or in project POM properties.
2026-06-10 18:54:26,227 [Worker-42: Building] INFO  o.a.m.s.f.DefaultMavenResourcesFiltering - Copying 1 resource from src/main/resources to target/classes
2026-06-10 18:54:26,236 [Worker-42: Building] INFO  o.a.m.s.f.DefaultMavenResourcesFiltering - Copying 3 resources from src/main/resources to target/classes
2026-06-10 18:54:26,238 [Worker-42: Building] INFO  o.a.m.s.f.DefaultMavenResourcesFiltering - skip non existing resourceDirectory /Users/macbook/Documents/SpringBoot_SpringFramework/spring-boot-web/src/test/resources
2026-06-10 18:54:26,238 [Worker-42: Building] WARN  o.apache.maven.project.MavenProject - Plugin is modifying compileSourceRoots through clear(), which will not work in Maven 4.0.0. Use MavenProject.addCompileSourceRoot()/removeCompileSourceRoot() methods instead. If using a plugin, please upgrade to the latest version or report the issue to the plugin maintainer. To disable these warnings, set -Dmaven.project.sourceRoots.warningsDisabled=true on the command line, in the .mvn/maven.config file, or in project POM properties.
2026-06-10 18:54:26,239 [Worker-42: Building] WARN  o.apache.maven.project.MavenProject - Plugin is modifying compileSourceRoots through add(), which will not work in Maven 4.0.0. Use MavenProject.addCompileSourceRoot()/removeCompileSourceRoot() methods instead. If using a plugin, please upgrade to the latest version or report the issue to the plugin maintainer. To disable these warnings, set -Dmaven.project.sourceRoots.warningsDisabled=true on the command line, in the .mvn/maven.config file, or in project POM properties.
2026-06-10 18:54:26,239 [Worker-42: Building] WARN  o.apache.maven.project.MavenProject - Plugin is modifying testCompileSourceRoots through clear(), which will not work in Maven 4.0.0. Use MavenProject.addTestCompileSourceRoot()/removeTestCompileSourceRoot() methods instead. If using a plugin, please upgrade to the latest version or report the issue to the plugin maintainer. To disable these warnings, set -Dmaven.project.sourceRoots.warningsDisabled=true on the command line, in the .mvn/maven.config file, or in project POM properties.
2026-06-10 18:54:26,239 [Worker-42: Building] WARN  o.apache.maven.project.MavenProject - Plugin is modifying testCompileSourceRoots through add(), which will not work in Maven 4.0.0. Use MavenProject.addTestCompileSourceRoot()/removeTestCompileSourceRoot() methods instead. If using a plugin, please upgrade to the latest version or report the issue to the plugin maintainer. To disable these warnings, set -Dmaven.project.sourceRoots.warningsDisabled=true on the command line, in the .mvn/maven.config file, or in project POM properties.
2026-06-10 18:55:11,422 [Worker-40: Building] INFO  o.a.m.s.f.DefaultMavenResourcesFiltering - Copying 1 resource from src/main/resources to target/classes
2026-06-10 18:55:11,431 [Worker-40: Building] INFO  o.a.m.s.f.DefaultMavenResourcesFiltering - Copying 3 resources from src/main/resources to target/classes
2026-06-10 18:55:11,432 [Worker-40: Building] INFO  o.a.m.s.f.DefaultMavenResourcesFiltering - skip non existing resourceDirectory /Users/macbook/Documents/SpringBoot_SpringFramework/spring-boot-web/src/test/resources
2026-06-10 18:55:11,433 [Worker-40: Building] WARN  o.apache.maven.project.MavenProject - Plugin is modifying compileSourceRoots through clear(), which will not work in Maven 4.0.0. Use MavenProject.addCompileSourceRoot()/removeCompileSourceRoot() methods instead. If using a plugin, please upgrade to the latest version or report the issue to the plugin maintainer. To disable these warnings, set -Dmaven.project.sourceRoots.warningsDisabled=true on the command line, in the .mvn/maven.config file, or in project POM properties.
2026-06-10 18:55:11,433 [Worker-40: Building] WARN  o.apache.maven.project.MavenProject - Plugin is modifying compileSourceRoots through add(), which will not work in Maven 4.0.0. Use MavenProject.addCompileSourceRoot()/removeCompileSourceRoot() methods instead. If using a plugin, please upgrade to the latest version or report the issue to the plugin maintainer. To disable these warnings, set -Dmaven.project.sourceRoots.warningsDisabled=true on the command line, in the .mvn/maven.config file, or in project POM properties.
2026-06-10 18:55:11,433 [Worker-40: Building] WARN  o.apache.maven.project.MavenProject - Plugin is modifying testCompileSourceRoots through clear(), which will not work in Maven 4.0.0. Use MavenProject.addTestCompileSourceRoot()/removeTestCompileSourceRoot() methods instead. If using a plugin, please upgrade to the latest version or report the issue to the plugin maintainer. To disable these warnings, set -Dmaven.project.sourceRoots.warningsDisabled=true on the command line, in the .mvn/maven.config file, or in project POM properties.
2026-06-10 18:55:11,433 [Worker-40: Building] WARN  o.apache.maven.project.MavenProject - Plugin is modifying testCompileSourceRoots through add(), which will not work in Maven 4.0.0. Use MavenProject.addTestCompileSourceRoot()/removeTestCompileSourceRoot() methods instead. If using a plugin, please upgrade to the latest version or report the issue to the plugin maintainer. To disable these warnings, set -Dmaven.project.sourceRoots.warningsDisabled=true on the command line, in the .mvn/maven.config file, or in project POM properties.
2026-06-10 18:56:13,749 [Worker-29: Building] INFO  o.a.m.s.f.DefaultMavenResourcesFiltering - Copying 1 resource from src/main/resources to target/classes
2026-06-10 18:56:13,752 [Worker-29: Building] INFO  o.a.m.s.f.DefaultMavenResourcesFiltering - Copying 3 resources from src/main/resources to target/classes
2026-06-10 18:56:13,753 [Worker-29: Building] INFO  o.a.m.s.f.DefaultMavenResourcesFiltering - skip non existing resourceDirectory /Users/macbook/Documents/SpringBoot_SpringFramework/spring-boot-web/src/test/resources
2026-06-10 18:56:13,753 [Worker-29: Building] WARN  o.apache.maven.project.MavenProject - Plugin is modifying compileSourceRoots through clear(), which will not work in Maven 4.0.0. Use MavenProject.addCompileSourceRoot()/removeCompileSourceRoot() methods instead. If using a plugin, please upgrade to the latest version or report the issue to the plugin maintainer. To disable these warnings, set -Dmaven.project.sourceRoots.warningsDisabled=true on the command line, in the .mvn/maven.config file, or in project POM properties.
2026-06-10 18:56:13,754 [Worker-29: Building] WARN  o.apache.maven.project.MavenProject - Plugin is modifying compileSourceRoots through add(), which will not work in Maven 4.0.0. Use MavenProject.addCompileSourceRoot()/removeCompileSourceRoot() methods instead. If using a plugin, please upgrade to the latest version or report the issue to the plugin maintainer. To disable these warnings, set -Dmaven.project.sourceRoots.warningsDisabled=true on the command line, in the .mvn/maven.config file, or in project POM properties.
2026-06-10 18:56:13,754 [Worker-29: Building] WARN  o.apache.maven.project.MavenProject - Plugin is modifying testCompileSourceRoots through clear(), which will not work in Maven 4.0.0. Use MavenProject.addTestCompileSourceRoot()/removeTestCompileSourceRoot() methods instead. If using a plugin, please upgrade to the latest version or report the issue to the plugin maintainer. To disable these warnings, set -Dmaven.project.sourceRoots.warningsDisabled=true on the command line, in the .mvn/maven.config file, or in project POM properties.
2026-06-10 18:56:13,754 [Worker-29: Building] WARN  o.apache.maven.project.MavenProject - Plugin is modifying testCompileSourceRoots through add(), which will not work in Maven 4.0.0. Use MavenProject.addTestCompileSourceRoot()/removeTestCompileSourceRoot() methods instead. If using a plugin, please upgrade to the latest version or report the issue to the plugin maintainer. To disable these warnings, set -Dmaven.project.sourceRoots.warningsDisabled=true on the command line, in the .mvn/maven.config file, or in project POM properties.
2026-06-10 18:56:53,149 [Worker-43: Building] INFO  o.a.m.s.f.DefaultMavenResourcesFiltering - Copying 1 resource from src/main/resources to target/classes
2026-06-10 18:56:53,154 [Worker-43: Building] INFO  o.a.m.s.f.DefaultMavenResourcesFiltering - Copying 3 resources from src/main/resources to target/classes
2026-06-10 18:56:53,155 [Worker-43: Building] INFO  o.a.m.s.f.DefaultMavenResourcesFiltering - skip non existing resourceDirectory /Users/macbook/Documents/SpringBoot_SpringFramework/spring-boot-web/src/test/resources
2026-06-10 18:56:53,155 [Worker-43: Building] WARN  o.apache.maven.project.MavenProject - Plugin is modifying compileSourceRoots through clear(), which will not work in Maven 4.0.0. Use MavenProject.addCompileSourceRoot()/removeCompileSourceRoot() methods instead. If using a plugin, please upgrade to the latest version or report the issue to the plugin maintainer. To disable these warnings, set -Dmaven.project.sourceRoots.warningsDisabled=true on the command line, in the .mvn/maven.config file, or in project POM properties.
2026-06-10 18:56:53,156 [Worker-43: Building] WARN  o.apache.maven.project.MavenProject - Plugin is modifying compileSourceRoots through add(), which will not work in Maven 4.0.0. Use MavenProject.addCompileSourceRoot()/removeCompileSourceRoot() methods instead. If using a plugin, please upgrade to the latest version or report the issue to the plugin maintainer. To disable these warnings, set -Dmaven.project.sourceRoots.warningsDisabled=true on the command line, in the .mvn/maven.config file, or in project POM properties.
2026-06-10 18:56:53,156 [Worker-43: Building] WARN  o.apache.maven.project.MavenProject - Plugin is modifying testCompileSourceRoots through clear(), which will not work in Maven 4.0.0. Use MavenProject.addTestCompileSourceRoot()/removeTestCompileSourceRoot() methods instead. If using a plugin, please upgrade to the latest version or report the issue to the plugin maintainer. To disable these warnings, set -Dmaven.project.sourceRoots.warningsDisabled=true on the command line, in the .mvn/maven.config file, or in project POM properties.
2026-06-10 18:56:53,156 [Worker-43: Building] WARN  o.apache.maven.project.MavenProject - Plugin is modifying testCompileSourceRoots through add(), which will not work in Maven 4.0.0. Use MavenProject.addTestCompileSourceRoot()/removeTestCompileSourceRoot() methods instead. If using a plugin, please upgrade to the latest version or report the issue to the plugin maintainer. To disable these warnings, set -Dmaven.project.sourceRoots.warningsDisabled=true on the command line, in the .mvn/maven.config file, or in project POM properties.
2026-06-10 18:59:43,102 [Worker-42: Building] INFO  o.a.m.s.f.DefaultMavenResourcesFiltering - Copying 1 resource from src/main/resources to target/classes
2026-06-10 18:59:43,106 [Worker-42: Building] INFO  o.a.m.s.f.DefaultMavenResourcesFiltering - Copying 3 resources from src/main/resources to target/classes
2026-06-10 18:59:43,108 [Worker-42: Building] INFO  o.a.m.s.f.DefaultMavenResourcesFiltering - skip non existing resourceDirectory /Users/macbook/Documents/SpringBoot_SpringFramework/spring-boot-web/src/test/resources
2026-06-10 18:59:43,108 [Worker-42: Building] WARN  o.apache.maven.project.MavenProject - Plugin is modifying compileSourceRoots through clear(), which will not work in Maven 4.0.0. Use MavenProject.addCompileSourceRoot()/removeCompileSourceRoot() methods instead. If using a plugin, please upgrade to the latest version or report the issue to the plugin maintainer. To disable these warnings, set -Dmaven.project.sourceRoots.warningsDisabled=true on the command line, in the .mvn/maven.config file, or in project POM properties.
2026-06-10 18:59:43,108 [Worker-42: Building] WARN  o.apache.maven.project.MavenProject - Plugin is modifying compileSourceRoots through add(), which will not work in Maven 4.0.0. Use MavenProject.addCompileSourceRoot()/removeCompileSourceRoot() methods instead. If using a plugin, please upgrade to the latest version or report the issue to the plugin maintainer. To disable these warnings, set -Dmaven.project.sourceRoots.warningsDisabled=true on the command line, in the .mvn/maven.config file, or in project POM properties.
2026-06-10 18:59:43,109 [Worker-42: Building] WARN  o.apache.maven.project.MavenProject - Plugin is modifying testCompileSourceRoots through clear(), which will not work in Maven 4.0.0. Use MavenProject.addTestCompileSourceRoot()/removeTestCompileSourceRoot() methods instead. If using a plugin, please upgrade to the latest version or report the issue to the plugin maintainer. To disable these warnings, set -Dmaven.project.sourceRoots.warningsDisabled=true on the command line, in the .mvn/maven.config file, or in project POM properties.
2026-06-10 18:59:43,109 [Worker-42: Building] WARN  o.apache.maven.project.MavenProject - Plugin is modifying testCompileSourceRoots through add(), which will not work in Maven 4.0.0. Use MavenProject.addTestCompileSourceRoot()/removeTestCompileSourceRoot() methods instead. If using a plugin, please upgrade to the latest version or report the issue to the plugin maintainer. To disable these warnings, set -Dmaven.project.sourceRoots.warningsDisabled=true on the command line, in the .mvn/maven.config file, or in project POM properties.
2026-06-10 19:01:53,154 [Worker-42: Building] INFO  o.a.m.s.f.DefaultMavenResourcesFiltering - Copying 0 resource from src/main/resources to target/classes
2026-06-10 19:01:53,155 [Worker-42: Building] INFO  o.a.m.s.f.DefaultMavenResourcesFiltering - Copying 1 resource from src/main/resources to target/classes
2026-06-10 19:01:53,158 [Worker-42: Building] INFO  o.a.m.s.f.DefaultMavenResourcesFiltering - skip non existing resourceDirectory /Users/macbook/Documents/SpringBoot_SpringFramework/spring-boot-web/src/test/resources
2026-06-10 19:01:53,158 [Worker-42: Building] WARN  o.apache.maven.project.MavenProject - Plugin is modifying compileSourceRoots through clear(), which will not work in Maven 4.0.0. Use MavenProject.addCompileSourceRoot()/removeCompileSourceRoot() methods instead. If using a plugin, please upgrade to the latest version or report the issue to the plugin maintainer. To disable these warnings, set -Dmaven.project.sourceRoots.warningsDisabled=true on the command line, in the .mvn/maven.config file, or in project POM properties.
2026-06-10 19:01:53,159 [Worker-42: Building] WARN  o.apache.maven.project.MavenProject - Plugin is modifying compileSourceRoots through add(), which will not work in Maven 4.0.0. Use MavenProject.addCompileSourceRoot()/removeCompileSourceRoot() methods instead. If using a plugin, please upgrade to the latest version or report the issue to the plugin maintainer. To disable these warnings, set -Dmaven.project.sourceRoots.warningsDisabled=true on the command line, in the .mvn/maven.config file, or in project POM properties.
2026-06-10 19:01:53,159 [Worker-42: Building] WARN  o.apache.maven.project.MavenProject - Plugin is modifying testCompileSourceRoots through clear(), which will not work in Maven 4.0.0. Use MavenProject.addTestCompileSourceRoot()/removeTestCompileSourceRoot() methods instead. If using a plugin, please upgrade to the latest version or report the issue to the plugin maintainer. To disable these warnings, set -Dmaven.project.sourceRoots.warningsDisabled=true on the command line, in the .mvn/maven.config file, or in project POM properties.
2026-06-10 19:01:53,159 [Worker-42: Building] WARN  o.apache.maven.project.MavenProject - Plugin is modifying testCompileSourceRoots through add(), which will not work in Maven 4.0.0. Use MavenProject.addTestCompileSourceRoot()/removeTestCompileSourceRoot() methods instead. If using a plugin, please upgrade to the latest version or report the issue to the plugin maintainer. To disable these warnings, set -Dmaven.project.sourceRoots.warningsDisabled=true on the command line, in the .mvn/maven.config file, or in project POM properties.
2026-06-10 19:05:40,281 [Worker-43: Building] INFO  o.a.m.s.f.DefaultMavenResourcesFiltering - Copying 0 resource from src/main/resources to target/classes
2026-06-10 19:05:40,282 [Worker-43: Building] INFO  o.a.m.s.f.DefaultMavenResourcesFiltering - Copying 1 resource from src/main/resources to target/classes
2026-06-10 19:05:40,285 [Worker-43: Building] INFO  o.a.m.s.f.DefaultMavenResourcesFiltering - skip non existing resourceDirectory /Users/macbook/Documents/SpringBoot_SpringFramework/spring-boot-web/src/test/resources
2026-06-10 19:05:40,285 [Worker-43: Building] WARN  o.apache.maven.project.MavenProject - Plugin is modifying compileSourceRoots through clear(), which will not work in Maven 4.0.0. Use MavenProject.addCompileSourceRoot()/removeCompileSourceRoot() methods instead. If using a plugin, please upgrade to the latest version or report the issue to the plugin maintainer. To disable these warnings, set -Dmaven.project.sourceRoots.warningsDisabled=true on the command line, in the .mvn/maven.config file, or in project POM properties.
2026-06-10 19:05:40,287 [Worker-43: Building] WARN  o.apache.maven.project.MavenProject - Plugin is modifying compileSourceRoots through add(), which will not work in Maven 4.0.0. Use MavenProject.addCompileSourceRoot()/removeCompileSourceRoot() methods instead. If using a plugin, please upgrade to the latest version or report the issue to the plugin maintainer. To disable these warnings, set -Dmaven.project.sourceRoots.warningsDisabled=true on the command line, in the .mvn/maven.config file, or in project POM properties.
2026-06-10 19:05:40,287 [Worker-43: Building] WARN  o.apache.maven.project.MavenProject - Plugin is modifying testCompileSourceRoots through clear(), which will not work in Maven 4.0.0. Use MavenProject.addTestCompileSourceRoot()/removeTestCompileSourceRoot() methods instead. If using a plugin, please upgrade to the latest version or report the issue to the plugin maintainer. To disable these warnings, set -Dmaven.project.sourceRoots.warningsDisabled=true on the command line, in the .mvn/maven.config file, or in project POM properties.
2026-06-10 19:05:40,287 [Worker-43: Building] WARN  o.apache.maven.project.MavenProject - Plugin is modifying testCompileSourceRoots through add(), which will not work in Maven 4.0.0. Use MavenProject.addTestCompileSourceRoot()/removeTestCompileSourceRoot() methods instead. If using a plugin, please upgrade to the latest version or report the issue to the plugin maintainer. To disable these warnings, set -Dmaven.project.sourceRoots.warningsDisabled=true on the command line, in the .mvn/maven.config file, or in project POM properties.
2026-06-10 19:07:31,707 [Worker-43: Building] INFO  o.a.m.s.f.DefaultMavenResourcesFiltering - Copying 0 resource from src/main/resources to target/classes
2026-06-10 19:07:31,708 [Worker-43: Building] INFO  o.a.m.s.f.DefaultMavenResourcesFiltering - Copying 1 resource from src/main/resources to target/classes
2026-06-10 19:07:31,710 [Worker-43: Building] INFO  o.a.m.s.f.DefaultMavenResourcesFiltering - skip non existing resourceDirectory /Users/macbook/Documents/SpringBoot_SpringFramework/spring-boot-web/src/test/resources
2026-06-10 19:07:31,710 [Worker-43: Building] WARN  o.apache.maven.project.MavenProject - Plugin is modifying compileSourceRoots through clear(), which will not work in Maven 4.0.0. Use MavenProject.addCompileSourceRoot()/removeCompileSourceRoot() methods instead. If using a plugin, please upgrade to the latest version or report the issue to the plugin maintainer. To disable these warnings, set -Dmaven.project.sourceRoots.warningsDisabled=true on the command line, in the .mvn/maven.config file, or in project POM properties.
2026-06-10 19:07:31,711 [Worker-43: Building] WARN  o.apache.maven.project.MavenProject - Plugin is modifying compileSourceRoots through add(), which will not work in Maven 4.0.0. Use MavenProject.addCompileSourceRoot()/removeCompileSourceRoot() methods instead. If using a plugin, please upgrade to the latest version or report the issue to the plugin maintainer. To disable these warnings, set -Dmaven.project.sourceRoots.warningsDisabled=true on the command line, in the .mvn/maven.config file, or in project POM properties.
2026-06-10 19:07:31,711 [Worker-43: Building] WARN  o.apache.maven.project.MavenProject - Plugin is modifying testCompileSourceRoots through clear(), which will not work in Maven 4.0.0. Use MavenProject.addTestCompileSourceRoot()/removeTestCompileSourceRoot() methods instead. If using a plugin, please upgrade to the latest version or report the issue to the plugin maintainer. To disable these warnings, set -Dmaven.project.sourceRoots.warningsDisabled=true on the command line, in the .mvn/maven.config file, or in project POM properties.
2026-06-10 19:07:31,711 [Worker-43: Building] WARN  o.apache.maven.project.MavenProject - Plugin is modifying testCompileSourceRoots through add(), which will not work in Maven 4.0.0. Use MavenProject.addTestCompileSourceRoot()/removeTestCompileSourceRoot() methods instead. If using a plugin, please upgrade to the latest version or report the issue to the plugin maintainer. To disable these warnings, set -Dmaven.project.sourceRoots.warningsDisabled=true on the command line, in the .mvn/maven.config file, or in project POM properties.
2026-06-10 19:08:17,729 [Worker-41: Building] INFO  o.a.m.s.f.DefaultMavenResourcesFiltering - Copying 0 resource from src/main/resources to target/classes
2026-06-10 19:08:17,730 [Worker-41: Building] INFO  o.a.m.s.f.DefaultMavenResourcesFiltering - Copying 1 resource from src/main/resources to target/classes
2026-06-10 19:08:17,732 [Worker-41: Building] INFO  o.a.m.s.f.DefaultMavenResourcesFiltering - skip non existing resourceDirectory /Users/macbook/Documents/SpringBoot_SpringFramework/spring-boot-web/src/test/resources
2026-06-10 19:08:17,732 [Worker-41: Building] WARN  o.apache.maven.project.MavenProject - Plugin is modifying compileSourceRoots through clear(), which will not work in Maven 4.0.0. Use MavenProject.addCompileSourceRoot()/removeCompileSourceRoot() methods instead. If using a plugin, please upgrade to the latest version or report the issue to the plugin maintainer. To disable these warnings, set -Dmaven.project.sourceRoots.warningsDisabled=true on the command line, in the .mvn/maven.config file, or in project POM properties.
2026-06-10 19:08:17,733 [Worker-41: Building] WARN  o.apache.maven.project.MavenProject - Plugin is modifying compileSourceRoots through add(), which will not work in Maven 4.0.0. Use MavenProject.addCompileSourceRoot()/removeCompileSourceRoot() methods instead. If using a plugin, please upgrade to the latest version or report the issue to the plugin maintainer. To disable these warnings, set -Dmaven.project.sourceRoots.warningsDisabled=true on the command line, in the .mvn/maven.config file, or in project POM properties.
2026-06-10 19:08:17,733 [Worker-41: Building] WARN  o.apache.maven.project.MavenProject - Plugin is modifying testCompileSourceRoots through clear(), which will not work in Maven 4.0.0. Use MavenProject.addTestCompileSourceRoot()/removeTestCompileSourceRoot() methods instead. If using a plugin, please upgrade to the latest version or report the issue to the plugin maintainer. To disable these warnings, set -Dmaven.project.sourceRoots.warningsDisabled=true on the command line, in the .mvn/maven.config file, or in project POM properties.
2026-06-10 19:08:17,733 [Worker-41: Building] WARN  o.apache.maven.project.MavenProject - Plugin is modifying testCompileSourceRoots through add(), which will not work in Maven 4.0.0. Use MavenProject.addTestCompileSourceRoot()/removeTestCompileSourceRoot() methods instead. If using a plugin, please upgrade to the latest version or report the issue to the plugin maintainer. To disable these warnings, set -Dmaven.project.sourceRoots.warningsDisabled=true on the command line, in the .mvn/maven.config file, or in project POM properties.
2026-06-10 19:10:19,898 [Worker-43: Building] INFO  o.a.m.s.f.DefaultMavenResourcesFiltering - Copying 0 resource from src/main/resources to target/classes
2026-06-10 19:10:19,900 [Worker-43: Building] INFO  o.a.m.s.f.DefaultMavenResourcesFiltering - Copying 1 resource from src/main/resources to target/classes
2026-06-10 19:10:19,904 [Worker-43: Building] INFO  o.a.m.s.f.DefaultMavenResourcesFiltering - skip non existing resourceDirectory /Users/macbook/Documents/SpringBoot_SpringFramework/spring-boot-web/src/test/resources
2026-06-10 19:10:19,905 [Worker-43: Building] WARN  o.apache.maven.project.MavenProject - Plugin is modifying compileSourceRoots through clear(), which will not work in Maven 4.0.0. Use MavenProject.addCompileSourceRoot()/removeCompileSourceRoot() methods instead. If using a plugin, please upgrade to the latest version or report the issue to the plugin maintainer. To disable these warnings, set -Dmaven.project.sourceRoots.warningsDisabled=true on the command line, in the .mvn/maven.config file, or in project POM properties.
2026-06-10 19:10:19,908 [Worker-43: Building] WARN  o.apache.maven.project.MavenProject - Plugin is modifying compileSourceRoots through add(), which will not work in Maven 4.0.0. Use MavenProject.addCompileSourceRoot()/removeCompileSourceRoot() methods instead. If using a plugin, please upgrade to the latest version or report the issue to the plugin maintainer. To disable these warnings, set -Dmaven.project.sourceRoots.warningsDisabled=true on the command line, in the .mvn/maven.config file, or in project POM properties.
2026-06-10 19:10:19,909 [Worker-43: Building] WARN  o.apache.maven.project.MavenProject - Plugin is modifying testCompileSourceRoots through clear(), which will not work in Maven 4.0.0. Use MavenProject.addTestCompileSourceRoot()/removeTestCompileSourceRoot() methods instead. If using a plugin, please upgrade to the latest version or report the issue to the plugin maintainer. To disable these warnings, set -Dmaven.project.sourceRoots.warningsDisabled=true on the command line, in the .mvn/maven.config file, or in project POM properties.
2026-06-10 19:10:19,909 [Worker-43: Building] WARN  o.apache.maven.project.MavenProject - Plugin is modifying testCompileSourceRoots through add(), which will not work in Maven 4.0.0. Use MavenProject.addTestCompileSourceRoot()/removeTestCompileSourceRoot() methods instead. If using a plugin, please upgrade to the latest version or report the issue to the plugin maintainer. To disable these warnings, set -Dmaven.project.sourceRoots.warningsDisabled=true on the command line, in the .mvn/maven.config file, or in project POM properties.
2026-06-10 19:10:27,649 [Worker-47: Building] INFO  o.a.m.s.f.DefaultMavenResourcesFiltering - Copying 0 resource from src/main/resources to target/classes
2026-06-10 19:10:27,650 [Worker-47: Building] INFO  o.a.m.s.f.DefaultMavenResourcesFiltering - Copying 1 resource from src/main/resources to target/classes
2026-06-10 19:10:27,653 [Worker-47: Building] INFO  o.a.m.s.f.DefaultMavenResourcesFiltering - skip non existing resourceDirectory /Users/macbook/Documents/SpringBoot_SpringFramework/spring-boot-web/src/test/resources
2026-06-10 19:10:27,654 [Worker-47: Building] WARN  o.apache.maven.project.MavenProject - Plugin is modifying compileSourceRoots through clear(), which will not work in Maven 4.0.0. Use MavenProject.addCompileSourceRoot()/removeCompileSourceRoot() methods instead. If using a plugin, please upgrade to the latest version or report the issue to the plugin maintainer. To disable these warnings, set -Dmaven.project.sourceRoots.warningsDisabled=true on the command line, in the .mvn/maven.config file, or in project POM properties.
2026-06-10 19:10:27,654 [Worker-47: Building] WARN  o.apache.maven.project.MavenProject - Plugin is modifying compileSourceRoots through add(), which will not work in Maven 4.0.0. Use MavenProject.addCompileSourceRoot()/removeCompileSourceRoot() methods instead. If using a plugin, please upgrade to the latest version or report the issue to the plugin maintainer. To disable these warnings, set -Dmaven.project.sourceRoots.warningsDisabled=true on the command line, in the .mvn/maven.config file, or in project POM properties.
2026-06-10 19:10:27,655 [Worker-47: Building] WARN  o.apache.maven.project.MavenProject - Plugin is modifying testCompileSourceRoots through clear(), which will not work in Maven 4.0.0. Use MavenProject.addTestCompileSourceRoot()/removeTestCompileSourceRoot() methods instead. If using a plugin, please upgrade to the latest version or report the issue to the plugin maintainer. To disable these warnings, set -Dmaven.project.sourceRoots.warningsDisabled=true on the command line, in the .mvn/maven.config file, or in project POM properties.
2026-06-10 19:10:27,655 [Worker-47: Building] WARN  o.apache.maven.project.MavenProject - Plugin is modifying testCompileSourceRoots through add(), which will not work in Maven 4.0.0. Use MavenProject.addTestCompileSourceRoot()/removeTestCompileSourceRoot() methods instead. If using a plugin, please upgrade to the latest version or report the issue to the plugin maintainer. To disable these warnings, set -Dmaven.project.sourceRoots.warningsDisabled=true on the command line, in the .mvn/maven.config file, or in project POM properties.
2026-06-10 19:13:45,628 [Worker-43: Building] INFO  o.a.m.s.f.DefaultMavenResourcesFiltering - Copying 0 resource from src/main/resources to target/classes
2026-06-10 19:13:45,629 [Worker-43: Building] INFO  o.a.m.s.f.DefaultMavenResourcesFiltering - Copying 1 resource from src/main/resources to target/classes
2026-06-10 19:13:45,630 [Worker-43: Building] INFO  o.a.m.s.f.DefaultMavenResourcesFiltering - skip non existing resourceDirectory /Users/macbook/Documents/SpringBoot_SpringFramework/spring-boot-web/src/test/resources
2026-06-10 19:13:45,630 [Worker-43: Building] WARN  o.apache.maven.project.MavenProject - Plugin is modifying compileSourceRoots through clear(), which will not work in Maven 4.0.0. Use MavenProject.addCompileSourceRoot()/removeCompileSourceRoot() methods instead. If using a plugin, please upgrade to the latest version or report the issue to the plugin maintainer. To disable these warnings, set -Dmaven.project.sourceRoots.warningsDisabled=true on the command line, in the .mvn/maven.config file, or in project POM properties.
2026-06-10 19:13:45,631 [Worker-43: Building] WARN  o.apache.maven.project.MavenProject - Plugin is modifying compileSourceRoots through add(), which will not work in Maven 4.0.0. Use MavenProject.addCompileSourceRoot()/removeCompileSourceRoot() methods instead. If using a plugin, please upgrade to the latest version or report the issue to the plugin maintainer. To disable these warnings, set -Dmaven.project.sourceRoots.warningsDisabled=true on the command line, in the .mvn/maven.config file, or in project POM properties.
2026-06-10 19:13:45,632 [Worker-43: Building] WARN  o.apache.maven.project.MavenProject - Plugin is modifying testCompileSourceRoots through clear(), which will not work in Maven 4.0.0. Use MavenProject.addTestCompileSourceRoot()/removeTestCompileSourceRoot() methods instead. If using a plugin, please upgrade to the latest version or report the issue to the plugin maintainer. To disable these warnings, set -Dmaven.project.sourceRoots.warningsDisabled=true on the command line, in the .mvn/maven.config file, or in project POM properties.
2026-06-10 19:13:45,632 [Worker-43: Building] WARN  o.apache.maven.project.MavenProject - Plugin is modifying testCompileSourceRoots through add(), which will not work in Maven 4.0.0. Use MavenProject.addTestCompileSourceRoot()/removeTestCompileSourceRoot() methods instead. If using a plugin, please upgrade to the latest version or report the issue to the plugin maintainer. To disable these warnings, set -Dmaven.project.sourceRoots.warningsDisabled=true on the command line, in the .mvn/maven.config file, or in project POM properties.
2026-06-10 19:14:19,663 [Worker-44: Building] INFO  o.a.m.s.f.DefaultMavenResourcesFiltering - Copying 0 resource from src/main/resources to target/classes
2026-06-10 19:14:19,664 [Worker-44: Building] INFO  o.a.m.s.f.DefaultMavenResourcesFiltering - Copying 1 resource from src/main/resources to target/classes
2026-06-10 19:14:19,666 [Worker-44: Building] INFO  o.a.m.s.f.DefaultMavenResourcesFiltering - skip non existing resourceDirectory /Users/macbook/Documents/SpringBoot_SpringFramework/spring-boot-web/src/test/resources
2026-06-10 19:14:19,666 [Worker-44: Building] WARN  o.apache.maven.project.MavenProject - Plugin is modifying compileSourceRoots through clear(), which will not work in Maven 4.0.0. Use MavenProject.addCompileSourceRoot()/removeCompileSourceRoot() methods instead. If using a plugin, please upgrade to the latest version or report the issue to the plugin maintainer. To disable these warnings, set -Dmaven.project.sourceRoots.warningsDisabled=true on the command line, in the .mvn/maven.config file, or in project POM properties.
2026-06-10 19:14:19,667 [Worker-44: Building] WARN  o.apache.maven.project.MavenProject - Plugin is modifying compileSourceRoots through add(), which will not work in Maven 4.0.0. Use MavenProject.addCompileSourceRoot()/removeCompileSourceRoot() methods instead. If using a plugin, please upgrade to the latest version or report the issue to the plugin maintainer. To disable these warnings, set -Dmaven.project.sourceRoots.warningsDisabled=true on the command line, in the .mvn/maven.config file, or in project POM properties.
2026-06-10 19:14:19,667 [Worker-44: Building] WARN  o.apache.maven.project.MavenProject - Plugin is modifying testCompileSourceRoots through clear(), which will not work in Maven 4.0.0. Use MavenProject.addTestCompileSourceRoot()/removeTestCompileSourceRoot() methods instead. If using a plugin, please upgrade to the latest version or report the issue to the plugin maintainer. To disable these warnings, set -Dmaven.project.sourceRoots.warningsDisabled=true on the command line, in the .mvn/maven.config file, or in project POM properties.
2026-06-10 19:14:19,667 [Worker-44: Building] WARN  o.apache.maven.project.MavenProject - Plugin is modifying testCompileSourceRoots through add(), which will not work in Maven 4.0.0. Use MavenProject.addTestCompileSourceRoot()/removeTestCompileSourceRoot() methods instead. If using a plugin, please upgrade to the latest version or report the issue to the plugin maintainer. To disable these warnings, set -Dmaven.project.sourceRoots.warningsDisabled=true on the command line, in the .mvn/maven.config file, or in project POM properties.
2026-06-10 19:19:38,532 [Worker-48: Building] INFO  o.a.m.s.f.DefaultMavenResourcesFiltering - Copying 1 resource from src/main/resources to target/classes
2026-06-10 19:19:38,537 [Worker-48: Building] INFO  o.a.m.s.f.DefaultMavenResourcesFiltering - Copying 3 resources from src/main/resources to target/classes
2026-06-10 19:19:38,538 [Worker-48: Building] INFO  o.a.m.s.f.DefaultMavenResourcesFiltering - skip non existing resourceDirectory /Users/macbook/Documents/SpringBoot_SpringFramework/spring-boot-web/src/test/resources
2026-06-10 19:19:38,538 [Worker-48: Building] WARN  o.apache.maven.project.MavenProject - Plugin is modifying compileSourceRoots through clear(), which will not work in Maven 4.0.0. Use MavenProject.addCompileSourceRoot()/removeCompileSourceRoot() methods instead. If using a plugin, please upgrade to the latest version or report the issue to the plugin maintainer. To disable these warnings, set -Dmaven.project.sourceRoots.warningsDisabled=true on the command line, in the .mvn/maven.config file, or in project POM properties.
2026-06-10 19:19:38,539 [Worker-48: Building] WARN  o.apache.maven.project.MavenProject - Plugin is modifying compileSourceRoots through add(), which will not work in Maven 4.0.0. Use MavenProject.addCompileSourceRoot()/removeCompileSourceRoot() methods instead. If using a plugin, please upgrade to the latest version or report the issue to the plugin maintainer. To disable these warnings, set -Dmaven.project.sourceRoots.warningsDisabled=true on the command line, in the .mvn/maven.config file, or in project POM properties.
2026-06-10 19:19:38,539 [Worker-48: Building] WARN  o.apache.maven.project.MavenProject - Plugin is modifying testCompileSourceRoots through clear(), which will not work in Maven 4.0.0. Use MavenProject.addTestCompileSourceRoot()/removeTestCompileSourceRoot() methods instead. If using a plugin, please upgrade to the latest version or report the issue to the plugin maintainer. To disable these warnings, set -Dmaven.project.sourceRoots.warningsDisabled=true on the command line, in the .mvn/maven.config file, or in project POM properties.
2026-06-10 19:19:38,539 [Worker-48: Building] WARN  o.apache.maven.project.MavenProject - Plugin is modifying testCompileSourceRoots through add(), which will not work in Maven 4.0.0. Use MavenProject.addTestCompileSourceRoot()/removeTestCompileSourceRoot() methods instead. If using a plugin, please upgrade to the latest version or report the issue to the plugin maintainer. To disable these warnings, set -Dmaven.project.sourceRoots.warningsDisabled=true on the command line, in the .mvn/maven.config file, or in project POM properties.
2026-06-10 19:24:17,345 [Worker-53: Building] INFO  o.a.m.s.f.DefaultMavenResourcesFiltering - Copying 1 resource from src/main/resources to target/classes
2026-06-10 19:24:17,350 [Worker-53: Building] INFO  o.a.m.s.f.DefaultMavenResourcesFiltering - Copying 3 resources from src/main/resources to target/classes
2026-06-10 19:24:17,351 [Worker-53: Building] INFO  o.a.m.s.f.DefaultMavenResourcesFiltering - skip non existing resourceDirectory /Users/macbook/Documents/SpringBoot_SpringFramework/spring-boot-web/src/test/resources
2026-06-10 19:24:17,351 [Worker-53: Building] WARN  o.apache.maven.project.MavenProject - Plugin is modifying compileSourceRoots through clear(), which will not work in Maven 4.0.0. Use MavenProject.addCompileSourceRoot()/removeCompileSourceRoot() methods instead. If using a plugin, please upgrade to the latest version or report the issue to the plugin maintainer. To disable these warnings, set -Dmaven.project.sourceRoots.warningsDisabled=true on the command line, in the .mvn/maven.config file, or in project POM properties.
2026-06-10 19:24:17,352 [Worker-53: Building] WARN  o.apache.maven.project.MavenProject - Plugin is modifying compileSourceRoots through add(), which will not work in Maven 4.0.0. Use MavenProject.addCompileSourceRoot()/removeCompileSourceRoot() methods instead. If using a plugin, please upgrade to the latest version or report the issue to the plugin maintainer. To disable these warnings, set -Dmaven.project.sourceRoots.warningsDisabled=true on the command line, in the .mvn/maven.config file, or in project POM properties.
2026-06-10 19:24:17,352 [Worker-53: Building] WARN  o.apache.maven.project.MavenProject - Plugin is modifying testCompileSourceRoots through clear(), which will not work in Maven 4.0.0. Use MavenProject.addTestCompileSourceRoot()/removeTestCompileSourceRoot() methods instead. If using a plugin, please upgrade to the latest version or report the issue to the plugin maintainer. To disable these warnings, set -Dmaven.project.sourceRoots.warningsDisabled=true on the command line, in the .mvn/maven.config file, or in project POM properties.
2026-06-10 19:24:17,352 [Worker-53: Building] WARN  o.apache.maven.project.MavenProject - Plugin is modifying testCompileSourceRoots through add(), which will not work in Maven 4.0.0. Use MavenProject.addTestCompileSourceRoot()/removeTestCompileSourceRoot() methods instead. If using a plugin, please upgrade to the latest version or report the issue to the plugin maintainer. To disable these warnings, set -Dmaven.project.sourceRoots.warningsDisabled=true on the command line, in the .mvn/maven.config file, or in project POM properties.
2026-06-10 19:25:47,648 [Worker-43: Building] INFO  o.a.m.s.f.DefaultMavenResourcesFiltering - Copying 1 resource from src/main/resources to target/classes
2026-06-10 19:25:47,655 [Worker-43: Building] INFO  o.a.m.s.f.DefaultMavenResourcesFiltering - Copying 3 resources from src/main/resources to target/classes
2026-06-10 19:25:47,657 [Worker-43: Building] INFO  o.a.m.s.f.DefaultMavenResourcesFiltering - skip non existing resourceDirectory /Users/macbook/Documents/SpringBoot_SpringFramework/spring-boot-web/src/test/resources
2026-06-10 19:25:47,657 [Worker-43: Building] WARN  o.apache.maven.project.MavenProject - Plugin is modifying compileSourceRoots through clear(), which will not work in Maven 4.0.0. Use MavenProject.addCompileSourceRoot()/removeCompileSourceRoot() methods instead. If using a plugin, please upgrade to the latest version or report the issue to the plugin maintainer. To disable these warnings, set -Dmaven.project.sourceRoots.warningsDisabled=true on the command line, in the .mvn/maven.config file, or in project POM properties.
2026-06-10 19:25:47,658 [Worker-43: Building] WARN  o.apache.maven.project.MavenProject - Plugin is modifying compileSourceRoots through add(), which will not work in Maven 4.0.0. Use MavenProject.addCompileSourceRoot()/removeCompileSourceRoot() methods instead. If using a plugin, please upgrade to the latest version or report the issue to the plugin maintainer. To disable these warnings, set -Dmaven.project.sourceRoots.warningsDisabled=true on the command line, in the .mvn/maven.config file, or in project POM properties.
2026-06-10 19:25:47,658 [Worker-43: Building] WARN  o.apache.maven.project.MavenProject - Plugin is modifying testCompileSourceRoots through clear(), which will not work in Maven 4.0.0. Use MavenProject.addTestCompileSourceRoot()/removeTestCompileSourceRoot() methods instead. If using a plugin, please upgrade to the latest version or report the issue to the plugin maintainer. To disable these warnings, set -Dmaven.project.sourceRoots.warningsDisabled=true on the command line, in the .mvn/maven.config file, or in project POM properties.
2026-06-10 19:25:47,658 [Worker-43: Building] WARN  o.apache.maven.project.MavenProject - Plugin is modifying testCompileSourceRoots through add(), which will not work in Maven 4.0.0. Use MavenProject.addTestCompileSourceRoot()/removeTestCompileSourceRoot() methods instead. If using a plugin, please upgrade to the latest version or report the issue to the plugin maintainer. To disable these warnings, set -Dmaven.project.sourceRoots.warningsDisabled=true on the command line, in the .mvn/maven.config file, or in project POM properties.
2026-06-10 19:27:32,231 [Worker-43: Building] INFO  o.a.m.s.f.DefaultMavenResourcesFiltering - Copying 0 resource from src/main/resources to target/classes
2026-06-10 19:27:32,233 [Worker-43: Building] INFO  o.a.m.s.f.DefaultMavenResourcesFiltering - Copying 1 resource from src/main/resources to target/classes
2026-06-10 19:27:32,238 [Worker-43: Building] INFO  o.a.m.s.f.DefaultMavenResourcesFiltering - skip non existing resourceDirectory /Users/macbook/Documents/SpringBoot_SpringFramework/spring-boot-web/src/test/resources
2026-06-10 19:27:32,238 [Worker-43: Building] WARN  o.apache.maven.project.MavenProject - Plugin is modifying compileSourceRoots through clear(), which will not work in Maven 4.0.0. Use MavenProject.addCompileSourceRoot()/removeCompileSourceRoot() methods instead. If using a plugin, please upgrade to the latest version or report the issue to the plugin maintainer. To disable these warnings, set -Dmaven.project.sourceRoots.warningsDisabled=true on the command line, in the .mvn/maven.config file, or in project POM properties.
2026-06-10 19:27:32,239 [Worker-43: Building] WARN  o.apache.maven.project.MavenProject - Plugin is modifying compileSourceRoots through add(), which will not work in Maven 4.0.0. Use MavenProject.addCompileSourceRoot()/removeCompileSourceRoot() methods instead. If using a plugin, please upgrade to the latest version or report the issue to the plugin maintainer. To disable these warnings, set -Dmaven.project.sourceRoots.warningsDisabled=true on the command line, in the .mvn/maven.config file, or in project POM properties.
2026-06-10 19:27:32,240 [Worker-43: Building] WARN  o.apache.maven.project.MavenProject - Plugin is modifying testCompileSourceRoots through clear(), which will not work in Maven 4.0.0. Use MavenProject.addTestCompileSourceRoot()/removeTestCompileSourceRoot() methods instead. If using a plugin, please upgrade to the latest version or report the issue to the plugin maintainer. To disable these warnings, set -Dmaven.project.sourceRoots.warningsDisabled=true on the command line, in the .mvn/maven.config file, or in project POM properties.
2026-06-10 19:27:32,240 [Worker-43: Building] WARN  o.apache.maven.project.MavenProject - Plugin is modifying testCompileSourceRoots through add(), which will not work in Maven 4.0.0. Use MavenProject.addTestCompileSourceRoot()/removeTestCompileSourceRoot() methods instead. If using a plugin, please upgrade to the latest version or report the issue to the plugin maintainer. To disable these warnings, set -Dmaven.project.sourceRoots.warningsDisabled=true on the command line, in the .mvn/maven.config file, or in project POM properties.
2026-06-10 19:30:13,497 [Worker-64: Building] INFO  o.a.m.s.f.DefaultMavenResourcesFiltering - Copying 0 resource from src/main/resources to target/classes
2026-06-10 19:30:13,498 [Worker-64: Building] INFO  o.a.m.s.f.DefaultMavenResourcesFiltering - Copying 1 resource from src/main/resources to target/classes
2026-06-10 19:30:13,501 [Worker-64: Building] INFO  o.a.m.s.f.DefaultMavenResourcesFiltering - skip non existing resourceDirectory /Users/macbook/Documents/SpringBoot_SpringFramework/spring-boot-web/src/test/resources
2026-06-10 19:30:13,502 [Worker-64: Building] WARN  o.apache.maven.project.MavenProject - Plugin is modifying compileSourceRoots through clear(), which will not work in Maven 4.0.0. Use MavenProject.addCompileSourceRoot()/removeCompileSourceRoot() methods instead. If using a plugin, please upgrade to the latest version or report the issue to the plugin maintainer. To disable these warnings, set -Dmaven.project.sourceRoots.warningsDisabled=true on the command line, in the .mvn/maven.config file, or in project POM properties.
2026-06-10 19:30:13,503 [Worker-64: Building] WARN  o.apache.maven.project.MavenProject - Plugin is modifying compileSourceRoots through add(), which will not work in Maven 4.0.0. Use MavenProject.addCompileSourceRoot()/removeCompileSourceRoot() methods instead. If using a plugin, please upgrade to the latest version or report the issue to the plugin maintainer. To disable these warnings, set -Dmaven.project.sourceRoots.warningsDisabled=true on the command line, in the .mvn/maven.config file, or in project POM properties.
2026-06-10 19:30:13,503 [Worker-64: Building] WARN  o.apache.maven.project.MavenProject - Plugin is modifying testCompileSourceRoots through clear(), which will not work in Maven 4.0.0. Use MavenProject.addTestCompileSourceRoot()/removeTestCompileSourceRoot() methods instead. If using a plugin, please upgrade to the latest version or report the issue to the plugin maintainer. To disable these warnings, set -Dmaven.project.sourceRoots.warningsDisabled=true on the command line, in the .mvn/maven.config file, or in project POM properties.
2026-06-10 19:30:13,503 [Worker-64: Building] WARN  o.apache.maven.project.MavenProject - Plugin is modifying testCompileSourceRoots through add(), which will not work in Maven 4.0.0. Use MavenProject.addTestCompileSourceRoot()/removeTestCompileSourceRoot() methods instead. If using a plugin, please upgrade to the latest version or report the issue to the plugin maintainer. To disable these warnings, set -Dmaven.project.sourceRoots.warningsDisabled=true on the command line, in the .mvn/maven.config file, or in project POM properties.
2026-06-10 19:32:16,468 [Worker-65: Building] INFO  o.a.m.s.f.DefaultMavenResourcesFiltering - Copying 1 resource from src/main/resources to target/classes
2026-06-10 19:32:16,472 [Worker-65: Building] INFO  o.a.m.s.f.DefaultMavenResourcesFiltering - Copying 3 resources from src/main/resources to target/classes
2026-06-10 19:32:16,474 [Worker-65: Building] INFO  o.a.m.s.f.DefaultMavenResourcesFiltering - skip non existing resourceDirectory /Users/macbook/Documents/SpringBoot_SpringFramework/spring-boot-web/src/test/resources
2026-06-10 19:32:16,474 [Worker-65: Building] WARN  o.apache.maven.project.MavenProject - Plugin is modifying compileSourceRoots through clear(), which will not work in Maven 4.0.0. Use MavenProject.addCompileSourceRoot()/removeCompileSourceRoot() methods instead. If using a plugin, please upgrade to the latest version or report the issue to the plugin maintainer. To disable these warnings, set -Dmaven.project.sourceRoots.warningsDisabled=true on the command line, in the .mvn/maven.config file, or in project POM properties.
2026-06-10 19:32:16,474 [Worker-65: Building] WARN  o.apache.maven.project.MavenProject - Plugin is modifying compileSourceRoots through add(), which will not work in Maven 4.0.0. Use MavenProject.addCompileSourceRoot()/removeCompileSourceRoot() methods instead. If using a plugin, please upgrade to the latest version or report the issue to the plugin maintainer. To disable these warnings, set -Dmaven.project.sourceRoots.warningsDisabled=true on the command line, in the .mvn/maven.config file, or in project POM properties.
2026-06-10 19:32:16,474 [Worker-65: Building] WARN  o.apache.maven.project.MavenProject - Plugin is modifying testCompileSourceRoots through clear(), which will not work in Maven 4.0.0. Use MavenProject.addTestCompileSourceRoot()/removeTestCompileSourceRoot() methods instead. If using a plugin, please upgrade to the latest version or report the issue to the plugin maintainer. To disable these warnings, set -Dmaven.project.sourceRoots.warningsDisabled=true on the command line, in the .mvn/maven.config file, or in project POM properties.
2026-06-10 19:32:16,474 [Worker-65: Building] WARN  o.apache.maven.project.MavenProject - Plugin is modifying testCompileSourceRoots through add(), which will not work in Maven 4.0.0. Use MavenProject.addTestCompileSourceRoot()/removeTestCompileSourceRoot() methods instead. If using a plugin, please upgrade to the latest version or report the issue to the plugin maintainer. To disable these warnings, set -Dmaven.project.sourceRoots.warningsDisabled=true on the command line, in the .mvn/maven.config file, or in project POM properties.
2026-06-10 19:33:48,310 [Worker-68: Building] INFO  o.a.m.s.f.DefaultMavenResourcesFiltering - Copying 1 resource from src/main/resources to target/classes
2026-06-10 19:33:48,319 [Worker-68: Building] INFO  o.a.m.s.f.DefaultMavenResourcesFiltering - Copying 3 resources from src/main/resources to target/classes
2026-06-10 19:33:48,321 [Worker-68: Building] INFO  o.a.m.s.f.DefaultMavenResourcesFiltering - skip non existing resourceDirectory /Users/macbook/Documents/SpringBoot_SpringFramework/spring-boot-web/src/test/resources
2026-06-10 19:33:48,321 [Worker-68: Building] WARN  o.apache.maven.project.MavenProject - Plugin is modifying compileSourceRoots through clear(), which will not work in Maven 4.0.0. Use MavenProject.addCompileSourceRoot()/removeCompileSourceRoot() methods instead. If using a plugin, please upgrade to the latest version or report the issue to the plugin maintainer. To disable these warnings, set -Dmaven.project.sourceRoots.warningsDisabled=true on the command line, in the .mvn/maven.config file, or in project POM properties.
2026-06-10 19:33:48,322 [Worker-68: Building] WARN  o.apache.maven.project.MavenProject - Plugin is modifying compileSourceRoots through add(), which will not work in Maven 4.0.0. Use MavenProject.addCompileSourceRoot()/removeCompileSourceRoot() methods instead. If using a plugin, please upgrade to the latest version or report the issue to the plugin maintainer. To disable these warnings, set -Dmaven.project.sourceRoots.warningsDisabled=true on the command line, in the .mvn/maven.config file, or in project POM properties.
2026-06-10 19:33:48,322 [Worker-68: Building] WARN  o.apache.maven.project.MavenProject - Plugin is modifying testCompileSourceRoots through clear(), which will not work in Maven 4.0.0. Use MavenProject.addTestCompileSourceRoot()/removeTestCompileSourceRoot() methods instead. If using a plugin, please upgrade to the latest version or report the issue to the plugin maintainer. To disable these warnings, set -Dmaven.project.sourceRoots.warningsDisabled=true on the command line, in the .mvn/maven.config file, or in project POM properties.
2026-06-10 19:33:48,322 [Worker-68: Building] WARN  o.apache.maven.project.MavenProject - Plugin is modifying testCompileSourceRoots through add(), which will not work in Maven 4.0.0. Use MavenProject.addTestCompileSourceRoot()/removeTestCompileSourceRoot() methods instead. If using a plugin, please upgrade to the latest version or report the issue to the plugin maintainer. To disable these warnings, set -Dmaven.project.sourceRoots.warningsDisabled=true on the command line, in the .mvn/maven.config file, or in project POM properties.
2026-06-10 19:36:53,682 [Worker-68: Building] INFO  o.a.m.s.f.DefaultMavenResourcesFiltering - Copying 1 resource from src/main/resources to target/classes
2026-06-10 19:36:53,690 [Worker-68: Building] INFO  o.a.m.s.f.DefaultMavenResourcesFiltering - Copying 3 resources from src/main/resources to target/classes
2026-06-10 19:36:53,692 [Worker-68: Building] INFO  o.a.m.s.f.DefaultMavenResourcesFiltering - skip non existing resourceDirectory /Users/macbook/Documents/SpringBoot_SpringFramework/spring-boot-web/src/test/resources
2026-06-10 19:36:53,692 [Worker-68: Building] WARN  o.apache.maven.project.MavenProject - Plugin is modifying compileSourceRoots through clear(), which will not work in Maven 4.0.0. Use MavenProject.addCompileSourceRoot()/removeCompileSourceRoot() methods instead. If using a plugin, please upgrade to the latest version or report the issue to the plugin maintainer. To disable these warnings, set -Dmaven.project.sourceRoots.warningsDisabled=true on the command line, in the .mvn/maven.config file, or in project POM properties.
2026-06-10 19:36:53,693 [Worker-68: Building] WARN  o.apache.maven.project.MavenProject - Plugin is modifying compileSourceRoots through add(), which will not work in Maven 4.0.0. Use MavenProject.addCompileSourceRoot()/removeCompileSourceRoot() methods instead. If using a plugin, please upgrade to the latest version or report the issue to the plugin maintainer. To disable these warnings, set -Dmaven.project.sourceRoots.warningsDisabled=true on the command line, in the .mvn/maven.config file, or in project POM properties.
2026-06-10 19:36:53,693 [Worker-68: Building] WARN  o.apache.maven.project.MavenProject - Plugin is modifying testCompileSourceRoots through clear(), which will not work in Maven 4.0.0. Use MavenProject.addTestCompileSourceRoot()/removeTestCompileSourceRoot() methods instead. If using a plugin, please upgrade to the latest version or report the issue to the plugin maintainer. To disable these warnings, set -Dmaven.project.sourceRoots.warningsDisabled=true on the command line, in the .mvn/maven.config file, or in project POM properties.
2026-06-10 19:36:53,693 [Worker-68: Building] WARN  o.apache.maven.project.MavenProject - Plugin is modifying testCompileSourceRoots through add(), which will not work in Maven 4.0.0. Use MavenProject.addTestCompileSourceRoot()/removeTestCompileSourceRoot() methods instead. If using a plugin, please upgrade to the latest version or report the issue to the plugin maintainer. To disable these warnings, set -Dmaven.project.sourceRoots.warningsDisabled=true on the command line, in the .mvn/maven.config file, or in project POM properties.
2026-06-10 19:38:13,952 [Worker-65: Building] INFO  o.a.m.s.f.DefaultMavenResourcesFiltering - Copying 0 resource from src/main/resources to target/classes
2026-06-10 19:38:13,952 [Worker-65: Building] INFO  o.a.m.s.f.DefaultMavenResourcesFiltering - Copying 1 resource from src/main/resources to target/classes
2026-06-10 19:38:13,955 [Worker-65: Building] INFO  o.a.m.s.f.DefaultMavenResourcesFiltering - skip non existing resourceDirectory /Users/macbook/Documents/SpringBoot_SpringFramework/spring-boot-web/src/test/resources
2026-06-10 19:38:13,956 [Worker-65: Building] WARN  o.apache.maven.project.MavenProject - Plugin is modifying compileSourceRoots through clear(), which will not work in Maven 4.0.0. Use MavenProject.addCompileSourceRoot()/removeCompileSourceRoot() methods instead. If using a plugin, please upgrade to the latest version or report the issue to the plugin maintainer. To disable these warnings, set -Dmaven.project.sourceRoots.warningsDisabled=true on the command line, in the .mvn/maven.config file, or in project POM properties.
2026-06-10 19:38:13,957 [Worker-65: Building] WARN  o.apache.maven.project.MavenProject - Plugin is modifying compileSourceRoots through add(), which will not work in Maven 4.0.0. Use MavenProject.addCompileSourceRoot()/removeCompileSourceRoot() methods instead. If using a plugin, please upgrade to the latest version or report the issue to the plugin maintainer. To disable these warnings, set -Dmaven.project.sourceRoots.warningsDisabled=true on the command line, in the .mvn/maven.config file, or in project POM properties.
2026-06-10 19:38:13,957 [Worker-65: Building] WARN  o.apache.maven.project.MavenProject - Plugin is modifying testCompileSourceRoots through clear(), which will not work in Maven 4.0.0. Use MavenProject.addTestCompileSourceRoot()/removeTestCompileSourceRoot() methods instead. If using a plugin, please upgrade to the latest version or report the issue to the plugin maintainer. To disable these warnings, set -Dmaven.project.sourceRoots.warningsDisabled=true on the command line, in the .mvn/maven.config file, or in project POM properties.
2026-06-10 19:38:13,957 [Worker-65: Building] WARN  o.apache.maven.project.MavenProject - Plugin is modifying testCompileSourceRoots through add(), which will not work in Maven 4.0.0. Use MavenProject.addTestCompileSourceRoot()/removeTestCompileSourceRoot() methods instead. If using a plugin, please upgrade to the latest version or report the issue to the plugin maintainer. To disable these warnings, set -Dmaven.project.sourceRoots.warningsDisabled=true on the command line, in the .mvn/maven.config file, or in project POM properties.
2026-06-10 19:43:50,226 [Worker-69: Building] INFO  o.a.m.s.f.DefaultMavenResourcesFiltering - Copying 1 resource from src/main/resources to target/classes
2026-06-10 19:43:50,233 [Worker-69: Building] INFO  o.a.m.s.f.DefaultMavenResourcesFiltering - Copying 4 resources from src/main/resources to target/classes
2026-06-10 19:43:50,235 [Worker-69: Building] INFO  o.a.m.s.f.DefaultMavenResourcesFiltering - skip non existing resourceDirectory /Users/macbook/Documents/SpringBoot_SpringFramework/spring-boot-web/src/test/resources
2026-06-10 19:43:50,235 [Worker-69: Building] WARN  o.apache.maven.project.MavenProject - Plugin is modifying compileSourceRoots through clear(), which will not work in Maven 4.0.0. Use MavenProject.addCompileSourceRoot()/removeCompileSourceRoot() methods instead. If using a plugin, please upgrade to the latest version or report the issue to the plugin maintainer. To disable these warnings, set -Dmaven.project.sourceRoots.warningsDisabled=true on the command line, in the .mvn/maven.config file, or in project POM properties.
2026-06-10 19:43:50,237 [Worker-69: Building] WARN  o.apache.maven.project.MavenProject - Plugin is modifying compileSourceRoots through add(), which will not work in Maven 4.0.0. Use MavenProject.addCompileSourceRoot()/removeCompileSourceRoot() methods instead. If using a plugin, please upgrade to the latest version or report the issue to the plugin maintainer. To disable these warnings, set -Dmaven.project.sourceRoots.warningsDisabled=true on the command line, in the .mvn/maven.config file, or in project POM properties.
2026-06-10 19:43:50,237 [Worker-69: Building] WARN  o.apache.maven.project.MavenProject - Plugin is modifying testCompileSourceRoots through clear(), which will not work in Maven 4.0.0. Use MavenProject.addTestCompileSourceRoot()/removeTestCompileSourceRoot() methods instead. If using a plugin, please upgrade to the latest version or report the issue to the plugin maintainer. To disable these warnings, set -Dmaven.project.sourceRoots.warningsDisabled=true on the command line, in the .mvn/maven.config file, or in project POM properties.
2026-06-10 19:43:50,237 [Worker-69: Building] WARN  o.apache.maven.project.MavenProject - Plugin is modifying testCompileSourceRoots through add(), which will not work in Maven 4.0.0. Use MavenProject.addTestCompileSourceRoot()/removeTestCompileSourceRoot() methods instead. If using a plugin, please upgrade to the latest version or report the issue to the plugin maintainer. To disable these warnings, set -Dmaven.project.sourceRoots.warningsDisabled=true on the command line, in the .mvn/maven.config file, or in project POM properties.
2026-06-10 19:43:59,397 [Worker-70: Building] INFO  o.a.m.s.f.DefaultMavenResourcesFiltering - Copying 0 resource from src/main/resources to target/classes
2026-06-10 19:43:59,398 [Worker-70: Building] INFO  o.a.m.s.f.DefaultMavenResourcesFiltering - Copying 1 resource from src/main/resources to target/classes
2026-06-10 19:43:59,400 [Worker-70: Building] INFO  o.a.m.s.f.DefaultMavenResourcesFiltering - skip non existing resourceDirectory /Users/macbook/Documents/SpringBoot_SpringFramework/spring-boot-web/src/test/resources
2026-06-10 19:43:59,400 [Worker-70: Building] WARN  o.apache.maven.project.MavenProject - Plugin is modifying compileSourceRoots through clear(), which will not work in Maven 4.0.0. Use MavenProject.addCompileSourceRoot()/removeCompileSourceRoot() methods instead. If using a plugin, please upgrade to the latest version or report the issue to the plugin maintainer. To disable these warnings, set -Dmaven.project.sourceRoots.warningsDisabled=true on the command line, in the .mvn/maven.config file, or in project POM properties.
2026-06-10 19:43:59,401 [Worker-70: Building] WARN  o.apache.maven.project.MavenProject - Plugin is modifying compileSourceRoots through add(), which will not work in Maven 4.0.0. Use MavenProject.addCompileSourceRoot()/removeCompileSourceRoot() methods instead. If using a plugin, please upgrade to the latest version or report the issue to the plugin maintainer. To disable these warnings, set -Dmaven.project.sourceRoots.warningsDisabled=true on the command line, in the .mvn/maven.config file, or in project POM properties.
2026-06-10 19:43:59,401 [Worker-70: Building] WARN  o.apache.maven.project.MavenProject - Plugin is modifying testCompileSourceRoots through clear(), which will not work in Maven 4.0.0. Use MavenProject.addTestCompileSourceRoot()/removeTestCompileSourceRoot() methods instead. If using a plugin, please upgrade to the latest version or report the issue to the plugin maintainer. To disable these warnings, set -Dmaven.project.sourceRoots.warningsDisabled=true on the command line, in the .mvn/maven.config file, or in project POM properties.
2026-06-10 19:43:59,401 [Worker-70: Building] WARN  o.apache.maven.project.MavenProject - Plugin is modifying testCompileSourceRoots through add(), which will not work in Maven 4.0.0. Use MavenProject.addTestCompileSourceRoot()/removeTestCompileSourceRoot() methods instead. If using a plugin, please upgrade to the latest version or report the issue to the plugin maintainer. To disable these warnings, set -Dmaven.project.sourceRoots.warningsDisabled=true on the command line, in the .mvn/maven.config file, or in project POM properties.
2026-06-10 19:45:25,722 [Worker-70: Building] INFO  o.a.m.s.f.DefaultMavenResourcesFiltering - Copying 0 resource from src/main/resources to target/classes
2026-06-10 19:45:25,724 [Worker-70: Building] INFO  o.a.m.s.f.DefaultMavenResourcesFiltering - Copying 1 resource from src/main/resources to target/classes
2026-06-10 19:45:25,726 [Worker-70: Building] INFO  o.a.m.s.f.DefaultMavenResourcesFiltering - skip non existing resourceDirectory /Users/macbook/Documents/SpringBoot_SpringFramework/spring-boot-web/src/test/resources
2026-06-10 19:45:25,727 [Worker-70: Building] WARN  o.apache.maven.project.MavenProject - Plugin is modifying compileSourceRoots through clear(), which will not work in Maven 4.0.0. Use MavenProject.addCompileSourceRoot()/removeCompileSourceRoot() methods instead. If using a plugin, please upgrade to the latest version or report the issue to the plugin maintainer. To disable these warnings, set -Dmaven.project.sourceRoots.warningsDisabled=true on the command line, in the .mvn/maven.config file, or in project POM properties.
2026-06-10 19:45:25,729 [Worker-70: Building] WARN  o.apache.maven.project.MavenProject - Plugin is modifying compileSourceRoots through add(), which will not work in Maven 4.0.0. Use MavenProject.addCompileSourceRoot()/removeCompileSourceRoot() methods instead. If using a plugin, please upgrade to the latest version or report the issue to the plugin maintainer. To disable these warnings, set -Dmaven.project.sourceRoots.warningsDisabled=true on the command line, in the .mvn/maven.config file, or in project POM properties.
2026-06-10 19:45:25,729 [Worker-70: Building] WARN  o.apache.maven.project.MavenProject - Plugin is modifying testCompileSourceRoots through clear(), which will not work in Maven 4.0.0. Use MavenProject.addTestCompileSourceRoot()/removeTestCompileSourceRoot() methods instead. If using a plugin, please upgrade to the latest version or report the issue to the plugin maintainer. To disable these warnings, set -Dmaven.project.sourceRoots.warningsDisabled=true on the command line, in the .mvn/maven.config file, or in project POM properties.
2026-06-10 19:45:25,729 [Worker-70: Building] WARN  o.apache.maven.project.MavenProject - Plugin is modifying testCompileSourceRoots through add(), which will not work in Maven 4.0.0. Use MavenProject.addTestCompileSourceRoot()/removeTestCompileSourceRoot() methods instead. If using a plugin, please upgrade to the latest version or report the issue to the plugin maintainer. To disable these warnings, set -Dmaven.project.sourceRoots.warningsDisabled=true on the command line, in the .mvn/maven.config file, or in project POM properties.
2026-06-10 19:47:00,610 [Worker-69: Building] INFO  o.a.m.s.f.DefaultMavenResourcesFiltering - Copying 0 resource from src/main/resources to target/classes
2026-06-10 19:47:00,612 [Worker-69: Building] INFO  o.a.m.s.f.DefaultMavenResourcesFiltering - Copying 1 resource from src/main/resources to target/classes
2026-06-10 19:47:00,613 [Worker-69: Building] INFO  o.a.m.s.f.DefaultMavenResourcesFiltering - skip non existing resourceDirectory /Users/macbook/Documents/SpringBoot_SpringFramework/spring-boot-web/src/test/resources
2026-06-10 19:47:00,614 [Worker-69: Building] WARN  o.apache.maven.project.MavenProject - Plugin is modifying compileSourceRoots through clear(), which will not work in Maven 4.0.0. Use MavenProject.addCompileSourceRoot()/removeCompileSourceRoot() methods instead. If using a plugin, please upgrade to the latest version or report the issue to the plugin maintainer. To disable these warnings, set -Dmaven.project.sourceRoots.warningsDisabled=true on the command line, in the .mvn/maven.config file, or in project POM properties.
2026-06-10 19:47:00,615 [Worker-69: Building] WARN  o.apache.maven.project.MavenProject - Plugin is modifying compileSourceRoots through add(), which will not work in Maven 4.0.0. Use MavenProject.addCompileSourceRoot()/removeCompileSourceRoot() methods instead. If using a plugin, please upgrade to the latest version or report the issue to the plugin maintainer. To disable these warnings, set -Dmaven.project.sourceRoots.warningsDisabled=true on the command line, in the .mvn/maven.config file, or in project POM properties.
2026-06-10 19:47:00,615 [Worker-69: Building] WARN  o.apache.maven.project.MavenProject - Plugin is modifying testCompileSourceRoots through clear(), which will not work in Maven 4.0.0. Use MavenProject.addTestCompileSourceRoot()/removeTestCompileSourceRoot() methods instead. If using a plugin, please upgrade to the latest version or report the issue to the plugin maintainer. To disable these warnings, set -Dmaven.project.sourceRoots.warningsDisabled=true on the command line, in the .mvn/maven.config file, or in project POM properties.
2026-06-10 19:47:00,615 [Worker-69: Building] WARN  o.apache.maven.project.MavenProject - Plugin is modifying testCompileSourceRoots through add(), which will not work in Maven 4.0.0. Use MavenProject.addTestCompileSourceRoot()/removeTestCompileSourceRoot() methods instead. If using a plugin, please upgrade to the latest version or report the issue to the plugin maintainer. To disable these warnings, set -Dmaven.project.sourceRoots.warningsDisabled=true on the command line, in the .mvn/maven.config file, or in project POM properties.
2026-06-10 19:48:13,267 [Worker-68: Building] INFO  o.a.m.s.f.DefaultMavenResourcesFiltering - Copying 0 resource from src/main/resources to target/classes
2026-06-10 19:48:13,269 [Worker-68: Building] INFO  o.a.m.s.f.DefaultMavenResourcesFiltering - Copying 1 resource from src/main/resources to target/classes
2026-06-10 19:48:13,271 [Worker-68: Building] INFO  o.a.m.s.f.DefaultMavenResourcesFiltering - skip non existing resourceDirectory /Users/macbook/Documents/SpringBoot_SpringFramework/spring-boot-web/src/test/resources
2026-06-10 19:48:13,271 [Worker-68: Building] WARN  o.apache.maven.project.MavenProject - Plugin is modifying compileSourceRoots through clear(), which will not work in Maven 4.0.0. Use MavenProject.addCompileSourceRoot()/removeCompileSourceRoot() methods instead. If using a plugin, please upgrade to the latest version or report the issue to the plugin maintainer. To disable these warnings, set -Dmaven.project.sourceRoots.warningsDisabled=true on the command line, in the .mvn/maven.config file, or in project POM properties.
2026-06-10 19:48:13,271 [Worker-68: Building] WARN  o.apache.maven.project.MavenProject - Plugin is modifying compileSourceRoots through add(), which will not work in Maven 4.0.0. Use MavenProject.addCompileSourceRoot()/removeCompileSourceRoot() methods instead. If using a plugin, please upgrade to the latest version or report the issue to the plugin maintainer. To disable these warnings, set -Dmaven.project.sourceRoots.warningsDisabled=true on the command line, in the .mvn/maven.config file, or in project POM properties.
2026-06-10 19:48:13,272 [Worker-68: Building] WARN  o.apache.maven.project.MavenProject - Plugin is modifying testCompileSourceRoots through clear(), which will not work in Maven 4.0.0. Use MavenProject.addTestCompileSourceRoot()/removeTestCompileSourceRoot() methods instead. If using a plugin, please upgrade to the latest version or report the issue to the plugin maintainer. To disable these warnings, set -Dmaven.project.sourceRoots.warningsDisabled=true on the command line, in the .mvn/maven.config file, or in project POM properties.
2026-06-10 19:48:13,272 [Worker-68: Building] WARN  o.apache.maven.project.MavenProject - Plugin is modifying testCompileSourceRoots through add(), which will not work in Maven 4.0.0. Use MavenProject.addTestCompileSourceRoot()/removeTestCompileSourceRoot() methods instead. If using a plugin, please upgrade to the latest version or report the issue to the plugin maintainer. To disable these warnings, set -Dmaven.project.sourceRoots.warningsDisabled=true on the command line, in the .mvn/maven.config file, or in project POM properties.
2026-06-10 19:53:57,382 [Worker-69: Building] INFO  o.a.m.s.f.DefaultMavenResourcesFiltering - Copying 1 resource from src/main/resources to target/classes
2026-06-10 19:53:57,398 [Worker-69: Building] INFO  o.a.m.s.f.DefaultMavenResourcesFiltering - Copying 4 resources from src/main/resources to target/classes
2026-06-10 19:53:57,400 [Worker-69: Building] INFO  o.a.m.s.f.DefaultMavenResourcesFiltering - skip non existing resourceDirectory /Users/macbook/Documents/SpringBoot_SpringFramework/spring-boot-web/src/test/resources
2026-06-10 19:53:57,400 [Worker-69: Building] WARN  o.apache.maven.project.MavenProject - Plugin is modifying compileSourceRoots through clear(), which will not work in Maven 4.0.0. Use MavenProject.addCompileSourceRoot()/removeCompileSourceRoot() methods instead. If using a plugin, please upgrade to the latest version or report the issue to the plugin maintainer. To disable these warnings, set -Dmaven.project.sourceRoots.warningsDisabled=true on the command line, in the .mvn/maven.config file, or in project POM properties.
2026-06-10 19:53:57,401 [Worker-69: Building] WARN  o.apache.maven.project.MavenProject - Plugin is modifying compileSourceRoots through add(), which will not work in Maven 4.0.0. Use MavenProject.addCompileSourceRoot()/removeCompileSourceRoot() methods instead. If using a plugin, please upgrade to the latest version or report the issue to the plugin maintainer. To disable these warnings, set -Dmaven.project.sourceRoots.warningsDisabled=true on the command line, in the .mvn/maven.config file, or in project POM properties.
2026-06-10 19:53:57,401 [Worker-69: Building] WARN  o.apache.maven.project.MavenProject - Plugin is modifying testCompileSourceRoots through clear(), which will not work in Maven 4.0.0. Use MavenProject.addTestCompileSourceRoot()/removeTestCompileSourceRoot() methods instead. If using a plugin, please upgrade to the latest version or report the issue to the plugin maintainer. To disable these warnings, set -Dmaven.project.sourceRoots.warningsDisabled=true on the command line, in the .mvn/maven.config file, or in project POM properties.
2026-06-10 19:53:57,401 [Worker-69: Building] WARN  o.apache.maven.project.MavenProject - Plugin is modifying testCompileSourceRoots through add(), which will not work in Maven 4.0.0. Use MavenProject.addTestCompileSourceRoot()/removeTestCompileSourceRoot() methods instead. If using a plugin, please upgrade to the latest version or report the issue to the plugin maintainer. To disable these warnings, set -Dmaven.project.sourceRoots.warningsDisabled=true on the command line, in the .mvn/maven.config file, or in project POM properties.
2026-06-10 19:56:42,393 [Worker-77: Building] INFO  o.a.m.s.f.DefaultMavenResourcesFiltering - Copying 1 resource from src/main/resources to target/classes
2026-06-10 19:56:42,411 [Worker-77: Building] INFO  o.a.m.s.f.DefaultMavenResourcesFiltering - Copying 4 resources from src/main/resources to target/classes
2026-06-10 19:56:42,416 [Worker-77: Building] INFO  o.a.m.s.f.DefaultMavenResourcesFiltering - skip non existing resourceDirectory /Users/macbook/Documents/SpringBoot_SpringFramework/spring-boot-web/src/test/resources
2026-06-10 19:56:42,417 [Worker-77: Building] WARN  o.apache.maven.project.MavenProject - Plugin is modifying compileSourceRoots through clear(), which will not work in Maven 4.0.0. Use MavenProject.addCompileSourceRoot()/removeCompileSourceRoot() methods instead. If using a plugin, please upgrade to the latest version or report the issue to the plugin maintainer. To disable these warnings, set -Dmaven.project.sourceRoots.warningsDisabled=true on the command line, in the .mvn/maven.config file, or in project POM properties.
2026-06-10 19:56:42,417 [Worker-77: Building] WARN  o.apache.maven.project.MavenProject - Plugin is modifying compileSourceRoots through add(), which will not work in Maven 4.0.0. Use MavenProject.addCompileSourceRoot()/removeCompileSourceRoot() methods instead. If using a plugin, please upgrade to the latest version or report the issue to the plugin maintainer. To disable these warnings, set -Dmaven.project.sourceRoots.warningsDisabled=true on the command line, in the .mvn/maven.config file, or in project POM properties.
2026-06-10 19:56:42,418 [Worker-77: Building] WARN  o.apache.maven.project.MavenProject - Plugin is modifying testCompileSourceRoots through clear(), which will not work in Maven 4.0.0. Use MavenProject.addTestCompileSourceRoot()/removeTestCompileSourceRoot() methods instead. If using a plugin, please upgrade to the latest version or report the issue to the plugin maintainer. To disable these warnings, set -Dmaven.project.sourceRoots.warningsDisabled=true on the command line, in the .mvn/maven.config file, or in project POM properties.
2026-06-10 19:56:42,418 [Worker-77: Building] WARN  o.apache.maven.project.MavenProject - Plugin is modifying testCompileSourceRoots through add(), which will not work in Maven 4.0.0. Use MavenProject.addTestCompileSourceRoot()/removeTestCompileSourceRoot() methods instead. If using a plugin, please upgrade to the latest version or report the issue to the plugin maintainer. To disable these warnings, set -Dmaven.project.sourceRoots.warningsDisabled=true on the command line, in the .mvn/maven.config file, or in project POM properties.
2026-06-10 19:56:50,648 [Worker-77: Building] INFO  o.a.m.s.f.DefaultMavenResourcesFiltering - Copying 1 resource from src/main/resources to target/classes
2026-06-10 19:56:50,650 [Worker-77: Building] INFO  o.a.m.s.f.DefaultMavenResourcesFiltering - Copying 4 resources from src/main/resources to target/classes
2026-06-10 19:56:50,651 [Worker-77: Building] INFO  o.a.m.s.f.DefaultMavenResourcesFiltering - skip non existing resourceDirectory /Users/macbook/Documents/SpringBoot_SpringFramework/spring-boot-web/src/test/resources
2026-06-10 19:56:50,651 [Worker-77: Building] WARN  o.apache.maven.project.MavenProject - Plugin is modifying compileSourceRoots through clear(), which will not work in Maven 4.0.0. Use MavenProject.addCompileSourceRoot()/removeCompileSourceRoot() methods instead. If using a plugin, please upgrade to the latest version or report the issue to the plugin maintainer. To disable these warnings, set -Dmaven.project.sourceRoots.warningsDisabled=true on the command line, in the .mvn/maven.config file, or in project POM properties.
2026-06-10 19:56:50,651 [Worker-77: Building] WARN  o.apache.maven.project.MavenProject - Plugin is modifying compileSourceRoots through add(), which will not work in Maven 4.0.0. Use MavenProject.addCompileSourceRoot()/removeCompileSourceRoot() methods instead. If using a plugin, please upgrade to the latest version or report the issue to the plugin maintainer. To disable these warnings, set -Dmaven.project.sourceRoots.warningsDisabled=true on the command line, in the .mvn/maven.config file, or in project POM properties.
2026-06-10 19:56:50,651 [Worker-77: Building] WARN  o.apache.maven.project.MavenProject - Plugin is modifying testCompileSourceRoots through clear(), which will not work in Maven 4.0.0. Use MavenProject.addTestCompileSourceRoot()/removeTestCompileSourceRoot() methods instead. If using a plugin, please upgrade to the latest version or report the issue to the plugin maintainer. To disable these warnings, set -Dmaven.project.sourceRoots.warningsDisabled=true on the command line, in the .mvn/maven.config file, or in project POM properties.
2026-06-10 19:56:50,651 [Worker-77: Building] WARN  o.apache.maven.project.MavenProject - Plugin is modifying testCompileSourceRoots through add(), which will not work in Maven 4.0.0. Use MavenProject.addTestCompileSourceRoot()/removeTestCompileSourceRoot() methods instead. If using a plugin, please upgrade to the latest version or report the issue to the plugin maintainer. To disable these warnings, set -Dmaven.project.sourceRoots.warningsDisabled=true on the command line, in the .mvn/maven.config file, or in project POM properties.
2026-06-10 19:59:13,947 [Worker-69: Building] INFO  o.a.m.s.f.DefaultMavenResourcesFiltering - Copying 1 resource from src/main/resources to target/classes
2026-06-10 19:59:13,957 [Worker-69: Building] INFO  o.a.m.s.f.DefaultMavenResourcesFiltering - Copying 4 resources from src/main/resources to target/classes
2026-06-10 19:59:13,959 [Worker-69: Building] INFO  o.a.m.s.f.DefaultMavenResourcesFiltering - skip non existing resourceDirectory /Users/macbook/Documents/SpringBoot_SpringFramework/spring-boot-web/src/test/resources
2026-06-10 19:59:13,959 [Worker-69: Building] WARN  o.apache.maven.project.MavenProject - Plugin is modifying compileSourceRoots through clear(), which will not work in Maven 4.0.0. Use MavenProject.addCompileSourceRoot()/removeCompileSourceRoot() methods instead. If using a plugin, please upgrade to the latest version or report the issue to the plugin maintainer. To disable these warnings, set -Dmaven.project.sourceRoots.warningsDisabled=true on the command line, in the .mvn/maven.config file, or in project POM properties.
2026-06-10 19:59:13,961 [Worker-69: Building] WARN  o.apache.maven.project.MavenProject - Plugin is modifying compileSourceRoots through add(), which will not work in Maven 4.0.0. Use MavenProject.addCompileSourceRoot()/removeCompileSourceRoot() methods instead. If using a plugin, please upgrade to the latest version or report the issue to the plugin maintainer. To disable these warnings, set -Dmaven.project.sourceRoots.warningsDisabled=true on the command line, in the .mvn/maven.config file, or in project POM properties.
2026-06-10 19:59:13,961 [Worker-69: Building] WARN  o.apache.maven.project.MavenProject - Plugin is modifying testCompileSourceRoots through clear(), which will not work in Maven 4.0.0. Use MavenProject.addTestCompileSourceRoot()/removeTestCompileSourceRoot() methods instead. If using a plugin, please upgrade to the latest version or report the issue to the plugin maintainer. To disable these warnings, set -Dmaven.project.sourceRoots.warningsDisabled=true on the command line, in the .mvn/maven.config file, or in project POM properties.
2026-06-10 19:59:13,961 [Worker-69: Building] WARN  o.apache.maven.project.MavenProject - Plugin is modifying testCompileSourceRoots through add(), which will not work in Maven 4.0.0. Use MavenProject.addTestCompileSourceRoot()/removeTestCompileSourceRoot() methods instead. If using a plugin, please upgrade to the latest version or report the issue to the plugin maintainer. To disable these warnings, set -Dmaven.project.sourceRoots.warningsDisabled=true on the command line, in the .mvn/maven.config file, or in project POM properties.
2026-06-10 20:03:37,262 [Worker-81: Building] INFO  o.a.m.s.f.DefaultMavenResourcesFiltering - Copying 1 resource from src/main/resources to target/classes
2026-06-10 20:03:37,277 [Worker-81: Building] INFO  o.a.m.s.f.DefaultMavenResourcesFiltering - Copying 4 resources from src/main/resources to target/classes
2026-06-10 20:03:37,283 [Worker-81: Building] INFO  o.a.m.s.f.DefaultMavenResourcesFiltering - skip non existing resourceDirectory /Users/macbook/Documents/SpringBoot_SpringFramework/spring-boot-web/src/test/resources
2026-06-10 20:03:37,283 [Worker-81: Building] WARN  o.apache.maven.project.MavenProject - Plugin is modifying compileSourceRoots through clear(), which will not work in Maven 4.0.0. Use MavenProject.addCompileSourceRoot()/removeCompileSourceRoot() methods instead. If using a plugin, please upgrade to the latest version or report the issue to the plugin maintainer. To disable these warnings, set -Dmaven.project.sourceRoots.warningsDisabled=true on the command line, in the .mvn/maven.config file, or in project POM properties.
2026-06-10 20:03:37,284 [Worker-81: Building] WARN  o.apache.maven.project.MavenProject - Plugin is modifying compileSourceRoots through add(), which will not work in Maven 4.0.0. Use MavenProject.addCompileSourceRoot()/removeCompileSourceRoot() methods instead. If using a plugin, please upgrade to the latest version or report the issue to the plugin maintainer. To disable these warnings, set -Dmaven.project.sourceRoots.warningsDisabled=true on the command line, in the .mvn/maven.config file, or in project POM properties.
2026-06-10 20:03:37,284 [Worker-81: Building] WARN  o.apache.maven.project.MavenProject - Plugin is modifying testCompileSourceRoots through clear(), which will not work in Maven 4.0.0. Use MavenProject.addTestCompileSourceRoot()/removeTestCompileSourceRoot() methods instead. If using a plugin, please upgrade to the latest version or report the issue to the plugin maintainer. To disable these warnings, set -Dmaven.project.sourceRoots.warningsDisabled=true on the command line, in the .mvn/maven.config file, or in project POM properties.
2026-06-10 20:03:37,284 [Worker-81: Building] WARN  o.apache.maven.project.MavenProject - Plugin is modifying testCompileSourceRoots through add(), which will not work in Maven 4.0.0. Use MavenProject.addTestCompileSourceRoot()/removeTestCompileSourceRoot() methods instead. If using a plugin, please upgrade to the latest version or report the issue to the plugin maintainer. To disable these warnings, set -Dmaven.project.sourceRoots.warningsDisabled=true on the command line, in the .mvn/maven.config file, or in project POM properties.
2026-06-10 20:04:20,629 [Worker-83: Building] INFO  o.a.m.s.f.DefaultMavenResourcesFiltering - Copying 0 resource from src/main/resources to target/classes
2026-06-10 20:04:20,630 [Worker-83: Building] INFO  o.a.m.s.f.DefaultMavenResourcesFiltering - Copying 1 resource from src/main/resources to target/classes
2026-06-10 20:04:20,632 [Worker-83: Building] INFO  o.a.m.s.f.DefaultMavenResourcesFiltering - skip non existing resourceDirectory /Users/macbook/Documents/SpringBoot_SpringFramework/spring-boot-web/src/test/resources
2026-06-10 20:04:20,632 [Worker-83: Building] WARN  o.apache.maven.project.MavenProject - Plugin is modifying compileSourceRoots through clear(), which will not work in Maven 4.0.0. Use MavenProject.addCompileSourceRoot()/removeCompileSourceRoot() methods instead. If using a plugin, please upgrade to the latest version or report the issue to the plugin maintainer. To disable these warnings, set -Dmaven.project.sourceRoots.warningsDisabled=true on the command line, in the .mvn/maven.config file, or in project POM properties.
2026-06-10 20:04:20,633 [Worker-83: Building] WARN  o.apache.maven.project.MavenProject - Plugin is modifying compileSourceRoots through add(), which will not work in Maven 4.0.0. Use MavenProject.addCompileSourceRoot()/removeCompileSourceRoot() methods instead. If using a plugin, please upgrade to the latest version or report the issue to the plugin maintainer. To disable these warnings, set -Dmaven.project.sourceRoots.warningsDisabled=true on the command line, in the .mvn/maven.config file, or in project POM properties.
2026-06-10 20:04:20,634 [Worker-83: Building] WARN  o.apache.maven.project.MavenProject - Plugin is modifying testCompileSourceRoots through clear(), which will not work in Maven 4.0.0. Use MavenProject.addTestCompileSourceRoot()/removeTestCompileSourceRoot() methods instead. If using a plugin, please upgrade to the latest version or report the issue to the plugin maintainer. To disable these warnings, set -Dmaven.project.sourceRoots.warningsDisabled=true on the command line, in the .mvn/maven.config file, or in project POM properties.
2026-06-10 20:04:20,634 [Worker-83: Building] WARN  o.apache.maven.project.MavenProject - Plugin is modifying testCompileSourceRoots through add(), which will not work in Maven 4.0.0. Use MavenProject.addTestCompileSourceRoot()/removeTestCompileSourceRoot() methods instead. If using a plugin, please upgrade to the latest version or report the issue to the plugin maintainer. To disable these warnings, set -Dmaven.project.sourceRoots.warningsDisabled=true on the command line, in the .mvn/maven.config file, or in project POM properties.
2026-06-10 20:08:59,149 [Worker-83: Building] INFO  o.a.m.s.f.DefaultMavenResourcesFiltering - Copying 0 resource from src/main/resources to target/classes
2026-06-10 20:08:59,150 [Worker-83: Building] INFO  o.a.m.s.f.DefaultMavenResourcesFiltering - Copying 1 resource from src/main/resources to target/classes
2026-06-10 20:08:59,153 [Worker-83: Building] INFO  o.a.m.s.f.DefaultMavenResourcesFiltering - skip non existing resourceDirectory /Users/macbook/Documents/SpringBoot_SpringFramework/spring-boot-web/src/test/resources
2026-06-10 20:08:59,153 [Worker-83: Building] WARN  o.apache.maven.project.MavenProject - Plugin is modifying compileSourceRoots through clear(), which will not work in Maven 4.0.0. Use MavenProject.addCompileSourceRoot()/removeCompileSourceRoot() methods instead. If using a plugin, please upgrade to the latest version or report the issue to the plugin maintainer. To disable these warnings, set -Dmaven.project.sourceRoots.warningsDisabled=true on the command line, in the .mvn/maven.config file, or in project POM properties.
2026-06-10 20:08:59,154 [Worker-83: Building] WARN  o.apache.maven.project.MavenProject - Plugin is modifying compileSourceRoots through add(), which will not work in Maven 4.0.0. Use MavenProject.addCompileSourceRoot()/removeCompileSourceRoot() methods instead. If using a plugin, please upgrade to the latest version or report the issue to the plugin maintainer. To disable these warnings, set -Dmaven.project.sourceRoots.warningsDisabled=true on the command line, in the .mvn/maven.config file, or in project POM properties.
2026-06-10 20:08:59,154 [Worker-83: Building] WARN  o.apache.maven.project.MavenProject - Plugin is modifying testCompileSourceRoots through clear(), which will not work in Maven 4.0.0. Use MavenProject.addTestCompileSourceRoot()/removeTestCompileSourceRoot() methods instead. If using a plugin, please upgrade to the latest version or report the issue to the plugin maintainer. To disable these warnings, set -Dmaven.project.sourceRoots.warningsDisabled=true on the command line, in the .mvn/maven.config file, or in project POM properties.
2026-06-10 20:08:59,155 [Worker-83: Building] WARN  o.apache.maven.project.MavenProject - Plugin is modifying testCompileSourceRoots through add(), which will not work in Maven 4.0.0. Use MavenProject.addTestCompileSourceRoot()/removeTestCompileSourceRoot() methods instead. If using a plugin, please upgrade to the latest version or report the issue to the plugin maintainer. To disable these warnings, set -Dmaven.project.sourceRoots.warningsDisabled=true on the command line, in the .mvn/maven.config file, or in project POM properties.
2026-06-10 20:10:00,975 [Worker-84: Building] INFO  o.a.m.s.f.DefaultMavenResourcesFiltering - Copying 0 resource from src/main/resources to target/classes
2026-06-10 20:10:00,977 [Worker-84: Building] INFO  o.a.m.s.f.DefaultMavenResourcesFiltering - Copying 1 resource from src/main/resources to target/classes
2026-06-10 20:10:00,980 [Worker-84: Building] INFO  o.a.m.s.f.DefaultMavenResourcesFiltering - skip non existing resourceDirectory /Users/macbook/Documents/SpringBoot_SpringFramework/spring-boot-web/src/test/resources
2026-06-10 20:10:00,980 [Worker-84: Building] WARN  o.apache.maven.project.MavenProject - Plugin is modifying compileSourceRoots through clear(), which will not work in Maven 4.0.0. Use MavenProject.addCompileSourceRoot()/removeCompileSourceRoot() methods instead. If using a plugin, please upgrade to the latest version or report the issue to the plugin maintainer. To disable these warnings, set -Dmaven.project.sourceRoots.warningsDisabled=true on the command line, in the .mvn/maven.config file, or in project POM properties.
2026-06-10 20:10:00,982 [Worker-84: Building] WARN  o.apache.maven.project.MavenProject - Plugin is modifying compileSourceRoots through add(), which will not work in Maven 4.0.0. Use MavenProject.addCompileSourceRoot()/removeCompileSourceRoot() methods instead. If using a plugin, please upgrade to the latest version or report the issue to the plugin maintainer. To disable these warnings, set -Dmaven.project.sourceRoots.warningsDisabled=true on the command line, in the .mvn/maven.config file, or in project POM properties.
2026-06-10 20:10:00,982 [Worker-84: Building] WARN  o.apache.maven.project.MavenProject - Plugin is modifying testCompileSourceRoots through clear(), which will not work in Maven 4.0.0. Use MavenProject.addTestCompileSourceRoot()/removeTestCompileSourceRoot() methods instead. If using a plugin, please upgrade to the latest version or report the issue to the plugin maintainer. To disable these warnings, set -Dmaven.project.sourceRoots.warningsDisabled=true on the command line, in the .mvn/maven.config file, or in project POM properties.
2026-06-10 20:10:00,982 [Worker-84: Building] WARN  o.apache.maven.project.MavenProject - Plugin is modifying testCompileSourceRoots through add(), which will not work in Maven 4.0.0. Use MavenProject.addTestCompileSourceRoot()/removeTestCompileSourceRoot() methods instead. If using a plugin, please upgrade to the latest version or report the issue to the plugin maintainer. To disable these warnings, set -Dmaven.project.sourceRoots.warningsDisabled=true on the command line, in the .mvn/maven.config file, or in project POM properties.
2026-06-10 20:11:14,647 [Worker-89: Building] INFO  o.a.m.s.f.DefaultMavenResourcesFiltering - Copying 0 resource from src/main/resources to target/classes
2026-06-10 20:11:14,648 [Worker-89: Building] INFO  o.a.m.s.f.DefaultMavenResourcesFiltering - Copying 1 resource from src/main/resources to target/classes
2026-06-10 20:11:14,650 [Worker-89: Building] INFO  o.a.m.s.f.DefaultMavenResourcesFiltering - skip non existing resourceDirectory /Users/macbook/Documents/SpringBoot_SpringFramework/spring-boot-web/src/test/resources
2026-06-10 20:11:14,650 [Worker-89: Building] WARN  o.apache.maven.project.MavenProject - Plugin is modifying compileSourceRoots through clear(), which will not work in Maven 4.0.0. Use MavenProject.addCompileSourceRoot()/removeCompileSourceRoot() methods instead. If using a plugin, please upgrade to the latest version or report the issue to the plugin maintainer. To disable these warnings, set -Dmaven.project.sourceRoots.warningsDisabled=true on the command line, in the .mvn/maven.config file, or in project POM properties.
2026-06-10 20:11:14,650 [Worker-89: Building] WARN  o.apache.maven.project.MavenProject - Plugin is modifying compileSourceRoots through add(), which will not work in Maven 4.0.0. Use MavenProject.addCompileSourceRoot()/removeCompileSourceRoot() methods instead. If using a plugin, please upgrade to the latest version or report the issue to the plugin maintainer. To disable these warnings, set -Dmaven.project.sourceRoots.warningsDisabled=true on the command line, in the .mvn/maven.config file, or in project POM properties.
2026-06-10 20:11:14,650 [Worker-89: Building] WARN  o.apache.maven.project.MavenProject - Plugin is modifying testCompileSourceRoots through clear(), which will not work in Maven 4.0.0. Use MavenProject.addTestCompileSourceRoot()/removeTestCompileSourceRoot() methods instead. If using a plugin, please upgrade to the latest version or report the issue to the plugin maintainer. To disable these warnings, set -Dmaven.project.sourceRoots.warningsDisabled=true on the command line, in the .mvn/maven.config file, or in project POM properties.
2026-06-10 20:11:14,650 [Worker-89: Building] WARN  o.apache.maven.project.MavenProject - Plugin is modifying testCompileSourceRoots through add(), which will not work in Maven 4.0.0. Use MavenProject.addTestCompileSourceRoot()/removeTestCompileSourceRoot() methods instead. If using a plugin, please upgrade to the latest version or report the issue to the plugin maintainer. To disable these warnings, set -Dmaven.project.sourceRoots.warningsDisabled=true on the command line, in the .mvn/maven.config file, or in project POM properties.
2026-06-10 20:13:03,228 [Worker-84: Building] INFO  o.a.m.s.f.DefaultMavenResourcesFiltering - Copying 0 resource from src/main/resources to target/classes
2026-06-10 20:13:03,229 [Worker-84: Building] INFO  o.a.m.s.f.DefaultMavenResourcesFiltering - Copying 1 resource from src/main/resources to target/classes
2026-06-10 20:13:03,231 [Worker-84: Building] INFO  o.a.m.s.f.DefaultMavenResourcesFiltering - skip non existing resourceDirectory /Users/macbook/Documents/SpringBoot_SpringFramework/spring-boot-web/src/test/resources
2026-06-10 20:13:03,231 [Worker-84: Building] WARN  o.apache.maven.project.MavenProject - Plugin is modifying compileSourceRoots through clear(), which will not work in Maven 4.0.0. Use MavenProject.addCompileSourceRoot()/removeCompileSourceRoot() methods instead. If using a plugin, please upgrade to the latest version or report the issue to the plugin maintainer. To disable these warnings, set -Dmaven.project.sourceRoots.warningsDisabled=true on the command line, in the .mvn/maven.config file, or in project POM properties.
2026-06-10 20:13:03,232 [Worker-84: Building] WARN  o.apache.maven.project.MavenProject - Plugin is modifying compileSourceRoots through add(), which will not work in Maven 4.0.0. Use MavenProject.addCompileSourceRoot()/removeCompileSourceRoot() methods instead. If using a plugin, please upgrade to the latest version or report the issue to the plugin maintainer. To disable these warnings, set -Dmaven.project.sourceRoots.warningsDisabled=true on the command line, in the .mvn/maven.config file, or in project POM properties.
2026-06-10 20:13:03,232 [Worker-84: Building] WARN  o.apache.maven.project.MavenProject - Plugin is modifying testCompileSourceRoots through clear(), which will not work in Maven 4.0.0. Use MavenProject.addTestCompileSourceRoot()/removeTestCompileSourceRoot() methods instead. If using a plugin, please upgrade to the latest version or report the issue to the plugin maintainer. To disable these warnings, set -Dmaven.project.sourceRoots.warningsDisabled=true on the command line, in the .mvn/maven.config file, or in project POM properties.
2026-06-10 20:13:03,232 [Worker-84: Building] WARN  o.apache.maven.project.MavenProject - Plugin is modifying testCompileSourceRoots through add(), which will not work in Maven 4.0.0. Use MavenProject.addTestCompileSourceRoot()/removeTestCompileSourceRoot() methods instead. If using a plugin, please upgrade to the latest version or report the issue to the plugin maintainer. To disable these warnings, set -Dmaven.project.sourceRoots.warningsDisabled=true on the command line, in the .mvn/maven.config file, or in project POM properties.
2026-06-10 20:14:53,559 [Worker-83: Building] INFO  o.a.m.s.f.DefaultMavenResourcesFiltering - Copying 0 resource from src/main/resources to target/classes
2026-06-10 20:14:53,560 [Worker-83: Building] INFO  o.a.m.s.f.DefaultMavenResourcesFiltering - Copying 1 resource from src/main/resources to target/classes
2026-06-10 20:14:53,564 [Worker-83: Building] INFO  o.a.m.s.f.DefaultMavenResourcesFiltering - skip non existing resourceDirectory /Users/macbook/Documents/SpringBoot_SpringFramework/spring-boot-web/src/test/resources
2026-06-10 20:14:53,565 [Worker-83: Building] WARN  o.apache.maven.project.MavenProject - Plugin is modifying compileSourceRoots through clear(), which will not work in Maven 4.0.0. Use MavenProject.addCompileSourceRoot()/removeCompileSourceRoot() methods instead. If using a plugin, please upgrade to the latest version or report the issue to the plugin maintainer. To disable these warnings, set -Dmaven.project.sourceRoots.warningsDisabled=true on the command line, in the .mvn/maven.config file, or in project POM properties.
2026-06-10 20:14:53,565 [Worker-83: Building] WARN  o.apache.maven.project.MavenProject - Plugin is modifying compileSourceRoots through add(), which will not work in Maven 4.0.0. Use MavenProject.addCompileSourceRoot()/removeCompileSourceRoot() methods instead. If using a plugin, please upgrade to the latest version or report the issue to the plugin maintainer. To disable these warnings, set -Dmaven.project.sourceRoots.warningsDisabled=true on the command line, in the .mvn/maven.config file, or in project POM properties.
2026-06-10 20:14:53,566 [Worker-83: Building] WARN  o.apache.maven.project.MavenProject - Plugin is modifying testCompileSourceRoots through clear(), which will not work in Maven 4.0.0. Use MavenProject.addTestCompileSourceRoot()/removeTestCompileSourceRoot() methods instead. If using a plugin, please upgrade to the latest version or report the issue to the plugin maintainer. To disable these warnings, set -Dmaven.project.sourceRoots.warningsDisabled=true on the command line, in the .mvn/maven.config file, or in project POM properties.
2026-06-10 20:14:53,566 [Worker-83: Building] WARN  o.apache.maven.project.MavenProject - Plugin is modifying testCompileSourceRoots through add(), which will not work in Maven 4.0.0. Use MavenProject.addTestCompileSourceRoot()/removeTestCompileSourceRoot() methods instead. If using a plugin, please upgrade to the latest version or report the issue to the plugin maintainer. To disable these warnings, set -Dmaven.project.sourceRoots.warningsDisabled=true on the command line, in the .mvn/maven.config file, or in project POM properties.
2026-06-10 20:21:13,947 [Worker-92: Building] INFO  o.a.m.s.f.DefaultMavenResourcesFiltering - Copying 0 resource from src/main/resources to target/classes
2026-06-10 20:21:13,950 [Worker-92: Building] INFO  o.a.m.s.f.DefaultMavenResourcesFiltering - Copying 1 resource from src/main/resources to target/classes
2026-06-10 20:21:13,954 [Worker-92: Building] INFO  o.a.m.s.f.DefaultMavenResourcesFiltering - skip non existing resourceDirectory /Users/macbook/Documents/SpringBoot_SpringFramework/spring-boot-web/src/test/resources
2026-06-10 20:21:13,954 [Worker-92: Building] WARN  o.apache.maven.project.MavenProject - Plugin is modifying compileSourceRoots through clear(), which will not work in Maven 4.0.0. Use MavenProject.addCompileSourceRoot()/removeCompileSourceRoot() methods instead. If using a plugin, please upgrade to the latest version or report the issue to the plugin maintainer. To disable these warnings, set -Dmaven.project.sourceRoots.warningsDisabled=true on the command line, in the .mvn/maven.config file, or in project POM properties.
2026-06-10 20:21:13,955 [Worker-92: Building] WARN  o.apache.maven.project.MavenProject - Plugin is modifying compileSourceRoots through add(), which will not work in Maven 4.0.0. Use MavenProject.addCompileSourceRoot()/removeCompileSourceRoot() methods instead. If using a plugin, please upgrade to the latest version or report the issue to the plugin maintainer. To disable these warnings, set -Dmaven.project.sourceRoots.warningsDisabled=true on the command line, in the .mvn/maven.config file, or in project POM properties.
2026-06-10 20:21:13,955 [Worker-92: Building] WARN  o.apache.maven.project.MavenProject - Plugin is modifying testCompileSourceRoots through clear(), which will not work in Maven 4.0.0. Use MavenProject.addTestCompileSourceRoot()/removeTestCompileSourceRoot() methods instead. If using a plugin, please upgrade to the latest version or report the issue to the plugin maintainer. To disable these warnings, set -Dmaven.project.sourceRoots.warningsDisabled=true on the command line, in the .mvn/maven.config file, or in project POM properties.
2026-06-10 20:21:13,955 [Worker-92: Building] WARN  o.apache.maven.project.MavenProject - Plugin is modifying testCompileSourceRoots through add(), which will not work in Maven 4.0.0. Use MavenProject.addTestCompileSourceRoot()/removeTestCompileSourceRoot() methods instead. If using a plugin, please upgrade to the latest version or report the issue to the plugin maintainer. To disable these warnings, set -Dmaven.project.sourceRoots.warningsDisabled=true on the command line, in the .mvn/maven.config file, or in project POM properties.
2026-06-10 20:31:07,631 [Worker-102: Building] INFO  o.a.m.s.f.DefaultMavenResourcesFiltering - Copying 1 resource from src/main/resources to target/classes
2026-06-10 20:31:07,642 [Worker-102: Building] INFO  o.a.m.s.f.DefaultMavenResourcesFiltering - Copying 5 resources from src/main/resources to target/classes
2026-06-10 20:31:07,643 [Worker-102: Building] INFO  o.a.m.s.f.DefaultMavenResourcesFiltering - skip non existing resourceDirectory /Users/macbook/Documents/SpringBoot_SpringFramework/spring-boot-web/src/test/resources
2026-06-10 20:31:07,643 [Worker-102: Building] WARN  o.apache.maven.project.MavenProject - Plugin is modifying compileSourceRoots through clear(), which will not work in Maven 4.0.0. Use MavenProject.addCompileSourceRoot()/removeCompileSourceRoot() methods instead. If using a plugin, please upgrade to the latest version or report the issue to the plugin maintainer. To disable these warnings, set -Dmaven.project.sourceRoots.warningsDisabled=true on the command line, in the .mvn/maven.config file, or in project POM properties.
2026-06-10 20:31:07,644 [Worker-102: Building] WARN  o.apache.maven.project.MavenProject - Plugin is modifying compileSourceRoots through add(), which will not work in Maven 4.0.0. Use MavenProject.addCompileSourceRoot()/removeCompileSourceRoot() methods instead. If using a plugin, please upgrade to the latest version or report the issue to the plugin maintainer. To disable these warnings, set -Dmaven.project.sourceRoots.warningsDisabled=true on the command line, in the .mvn/maven.config file, or in project POM properties.
2026-06-10 20:31:07,644 [Worker-102: Building] WARN  o.apache.maven.project.MavenProject - Plugin is modifying testCompileSourceRoots through clear(), which will not work in Maven 4.0.0. Use MavenProject.addTestCompileSourceRoot()/removeTestCompileSourceRoot() methods instead. If using a plugin, please upgrade to the latest version or report the issue to the plugin maintainer. To disable these warnings, set -Dmaven.project.sourceRoots.warningsDisabled=true on the command line, in the .mvn/maven.config file, or in project POM properties.
2026-06-10 20:31:07,644 [Worker-102: Building] WARN  o.apache.maven.project.MavenProject - Plugin is modifying testCompileSourceRoots through add(), which will not work in Maven 4.0.0. Use MavenProject.addTestCompileSourceRoot()/removeTestCompileSourceRoot() methods instead. If using a plugin, please upgrade to the latest version or report the issue to the plugin maintainer. To disable these warnings, set -Dmaven.project.sourceRoots.warningsDisabled=true on the command line, in the .mvn/maven.config file, or in project POM properties.
2026-06-10 20:33:59,816 [Worker-102: Building] INFO  o.a.m.s.f.DefaultMavenResourcesFiltering - Copying 1 resource from src/main/resources to target/classes
2026-06-10 20:33:59,820 [Worker-102: Building] INFO  o.a.m.s.f.DefaultMavenResourcesFiltering - Copying 5 resources from src/main/resources to target/classes
2026-06-10 20:33:59,822 [Worker-102: Building] INFO  o.a.m.s.f.DefaultMavenResourcesFiltering - skip non existing resourceDirectory /Users/macbook/Documents/SpringBoot_SpringFramework/spring-boot-web/src/test/resources
2026-06-10 20:33:59,822 [Worker-102: Building] WARN  o.apache.maven.project.MavenProject - Plugin is modifying compileSourceRoots through clear(), which will not work in Maven 4.0.0. Use MavenProject.addCompileSourceRoot()/removeCompileSourceRoot() methods instead. If using a plugin, please upgrade to the latest version or report the issue to the plugin maintainer. To disable these warnings, set -Dmaven.project.sourceRoots.warningsDisabled=true on the command line, in the .mvn/maven.config file, or in project POM properties.
2026-06-10 20:33:59,823 [Worker-102: Building] WARN  o.apache.maven.project.MavenProject - Plugin is modifying compileSourceRoots through add(), which will not work in Maven 4.0.0. Use MavenProject.addCompileSourceRoot()/removeCompileSourceRoot() methods instead. If using a plugin, please upgrade to the latest version or report the issue to the plugin maintainer. To disable these warnings, set -Dmaven.project.sourceRoots.warningsDisabled=true on the command line, in the .mvn/maven.config file, or in project POM properties.
2026-06-10 20:33:59,823 [Worker-102: Building] WARN  o.apache.maven.project.MavenProject - Plugin is modifying testCompileSourceRoots through clear(), which will not work in Maven 4.0.0. Use MavenProject.addTestCompileSourceRoot()/removeTestCompileSourceRoot() methods instead. If using a plugin, please upgrade to the latest version or report the issue to the plugin maintainer. To disable these warnings, set -Dmaven.project.sourceRoots.warningsDisabled=true on the command line, in the .mvn/maven.config file, or in project POM properties.
2026-06-10 20:33:59,823 [Worker-102: Building] WARN  o.apache.maven.project.MavenProject - Plugin is modifying testCompileSourceRoots through add(), which will not work in Maven 4.0.0. Use MavenProject.addTestCompileSourceRoot()/removeTestCompileSourceRoot() methods instead. If using a plugin, please upgrade to the latest version or report the issue to the plugin maintainer. To disable these warnings, set -Dmaven.project.sourceRoots.warningsDisabled=true on the command line, in the .mvn/maven.config file, or in project POM properties.
2026-06-10 20:36:30,502 [Worker-102: Building] INFO  o.a.m.s.f.DefaultMavenResourcesFiltering - Copying 0 resource from src/main/resources to target/classes
2026-06-10 20:36:30,503 [Worker-102: Building] INFO  o.a.m.s.f.DefaultMavenResourcesFiltering - Copying 1 resource from src/main/resources to target/classes
2026-06-10 20:36:30,505 [Worker-102: Building] INFO  o.a.m.s.f.DefaultMavenResourcesFiltering - skip non existing resourceDirectory /Users/macbook/Documents/SpringBoot_SpringFramework/spring-boot-web/src/test/resources
2026-06-10 20:36:30,506 [Worker-102: Building] WARN  o.apache.maven.project.MavenProject - Plugin is modifying compileSourceRoots through clear(), which will not work in Maven 4.0.0. Use MavenProject.addCompileSourceRoot()/removeCompileSourceRoot() methods instead. If using a plugin, please upgrade to the latest version or report the issue to the plugin maintainer. To disable these warnings, set -Dmaven.project.sourceRoots.warningsDisabled=true on the command line, in the .mvn/maven.config file, or in project POM properties.
2026-06-10 20:36:30,506 [Worker-102: Building] WARN  o.apache.maven.project.MavenProject - Plugin is modifying compileSourceRoots through add(), which will not work in Maven 4.0.0. Use MavenProject.addCompileSourceRoot()/removeCompileSourceRoot() methods instead. If using a plugin, please upgrade to the latest version or report the issue to the plugin maintainer. To disable these warnings, set -Dmaven.project.sourceRoots.warningsDisabled=true on the command line, in the .mvn/maven.config file, or in project POM properties.
2026-06-10 20:36:30,506 [Worker-102: Building] WARN  o.apache.maven.project.MavenProject - Plugin is modifying testCompileSourceRoots through clear(), which will not work in Maven 4.0.0. Use MavenProject.addTestCompileSourceRoot()/removeTestCompileSourceRoot() methods instead. If using a plugin, please upgrade to the latest version or report the issue to the plugin maintainer. To disable these warnings, set -Dmaven.project.sourceRoots.warningsDisabled=true on the command line, in the .mvn/maven.config file, or in project POM properties.
2026-06-10 20:36:30,506 [Worker-102: Building] WARN  o.apache.maven.project.MavenProject - Plugin is modifying testCompileSourceRoots through add(), which will not work in Maven 4.0.0. Use MavenProject.addTestCompileSourceRoot()/removeTestCompileSourceRoot() methods instead. If using a plugin, please upgrade to the latest version or report the issue to the plugin maintainer. To disable these warnings, set -Dmaven.project.sourceRoots.warningsDisabled=true on the command line, in the .mvn/maven.config file, or in project POM properties.
2026-06-10 20:37:00,862 [Worker-104: Building] INFO  o.a.m.s.f.DefaultMavenResourcesFiltering - Copying 0 resource from src/main/resources to target/classes
2026-06-10 20:37:00,863 [Worker-104: Building] INFO  o.a.m.s.f.DefaultMavenResourcesFiltering - Copying 1 resource from src/main/resources to target/classes
2026-06-10 20:37:00,867 [Worker-104: Building] INFO  o.a.m.s.f.DefaultMavenResourcesFiltering - skip non existing resourceDirectory /Users/macbook/Documents/SpringBoot_SpringFramework/spring-boot-web/src/test/resources
2026-06-10 20:37:00,867 [Worker-104: Building] WARN  o.apache.maven.project.MavenProject - Plugin is modifying compileSourceRoots through clear(), which will not work in Maven 4.0.0. Use MavenProject.addCompileSourceRoot()/removeCompileSourceRoot() methods instead. If using a plugin, please upgrade to the latest version or report the issue to the plugin maintainer. To disable these warnings, set -Dmaven.project.sourceRoots.warningsDisabled=true on the command line, in the .mvn/maven.config file, or in project POM properties.
2026-06-10 20:37:00,867 [Worker-104: Building] WARN  o.apache.maven.project.MavenProject - Plugin is modifying compileSourceRoots through add(), which will not work in Maven 4.0.0. Use MavenProject.addCompileSourceRoot()/removeCompileSourceRoot() methods instead. If using a plugin, please upgrade to the latest version or report the issue to the plugin maintainer. To disable these warnings, set -Dmaven.project.sourceRoots.warningsDisabled=true on the command line, in the .mvn/maven.config file, or in project POM properties.
2026-06-10 20:37:00,868 [Worker-104: Building] WARN  o.apache.maven.project.MavenProject - Plugin is modifying testCompileSourceRoots through clear(), which will not work in Maven 4.0.0. Use MavenProject.addTestCompileSourceRoot()/removeTestCompileSourceRoot() methods instead. If using a plugin, please upgrade to the latest version or report the issue to the plugin maintainer. To disable these warnings, set -Dmaven.project.sourceRoots.warningsDisabled=true on the command line, in the .mvn/maven.config file, or in project POM properties.
2026-06-10 20:37:00,868 [Worker-104: Building] WARN  o.apache.maven.project.MavenProject - Plugin is modifying testCompileSourceRoots through add(), which will not work in Maven 4.0.0. Use MavenProject.addTestCompileSourceRoot()/removeTestCompileSourceRoot() methods instead. If using a plugin, please upgrade to the latest version or report the issue to the plugin maintainer. To disable these warnings, set -Dmaven.project.sourceRoots.warningsDisabled=true on the command line, in the .mvn/maven.config file, or in project POM properties.
2026-06-10 20:37:41,595 [Worker-104: Building] INFO  o.a.m.s.f.DefaultMavenResourcesFiltering - Copying 0 resource from src/main/resources to target/classes
2026-06-10 20:37:41,595 [Worker-104: Building] INFO  o.a.m.s.f.DefaultMavenResourcesFiltering - Copying 1 resource from src/main/resources to target/classes
2026-06-10 20:37:41,597 [Worker-104: Building] INFO  o.a.m.s.f.DefaultMavenResourcesFiltering - skip non existing resourceDirectory /Users/macbook/Documents/SpringBoot_SpringFramework/spring-boot-web/src/test/resources
2026-06-10 20:37:41,597 [Worker-104: Building] WARN  o.apache.maven.project.MavenProject - Plugin is modifying compileSourceRoots through clear(), which will not work in Maven 4.0.0. Use MavenProject.addCompileSourceRoot()/removeCompileSourceRoot() methods instead. If using a plugin, please upgrade to the latest version or report the issue to the plugin maintainer. To disable these warnings, set -Dmaven.project.sourceRoots.warningsDisabled=true on the command line, in the .mvn/maven.config file, or in project POM properties.
2026-06-10 20:37:41,598 [Worker-104: Building] WARN  o.apache.maven.project.MavenProject - Plugin is modifying compileSourceRoots through add(), which will not work in Maven 4.0.0. Use MavenProject.addCompileSourceRoot()/removeCompileSourceRoot() methods instead. If using a plugin, please upgrade to the latest version or report the issue to the plugin maintainer. To disable these warnings, set -Dmaven.project.sourceRoots.warningsDisabled=true on the command line, in the .mvn/maven.config file, or in project POM properties.
2026-06-10 20:37:41,598 [Worker-104: Building] WARN  o.apache.maven.project.MavenProject - Plugin is modifying testCompileSourceRoots through clear(), which will not work in Maven 4.0.0. Use MavenProject.addTestCompileSourceRoot()/removeTestCompileSourceRoot() methods instead. If using a plugin, please upgrade to the latest version or report the issue to the plugin maintainer. To disable these warnings, set -Dmaven.project.sourceRoots.warningsDisabled=true on the command line, in the .mvn/maven.config file, or in project POM properties.
2026-06-10 20:37:41,598 [Worker-104: Building] WARN  o.apache.maven.project.MavenProject - Plugin is modifying testCompileSourceRoots through add(), which will not work in Maven 4.0.0. Use MavenProject.addTestCompileSourceRoot()/removeTestCompileSourceRoot() methods instead. If using a plugin, please upgrade to the latest version or report the issue to the plugin maintainer. To disable these warnings, set -Dmaven.project.sourceRoots.warningsDisabled=true on the command line, in the .mvn/maven.config file, or in project POM properties.
2026-06-10 20:39:06,263 [Worker-97: Building] INFO  o.a.m.s.f.DefaultMavenResourcesFiltering - Copying 0 resource from src/main/resources to target/classes
2026-06-10 20:39:06,264 [Worker-97: Building] INFO  o.a.m.s.f.DefaultMavenResourcesFiltering - Copying 1 resource from src/main/resources to target/classes
2026-06-10 20:39:06,266 [Worker-97: Building] INFO  o.a.m.s.f.DefaultMavenResourcesFiltering - skip non existing resourceDirectory /Users/macbook/Documents/SpringBoot_SpringFramework/spring-boot-web/src/test/resources
2026-06-10 20:39:06,266 [Worker-97: Building] WARN  o.apache.maven.project.MavenProject - Plugin is modifying compileSourceRoots through clear(), which will not work in Maven 4.0.0. Use MavenProject.addCompileSourceRoot()/removeCompileSourceRoot() methods instead. If using a plugin, please upgrade to the latest version or report the issue to the plugin maintainer. To disable these warnings, set -Dmaven.project.sourceRoots.warningsDisabled=true on the command line, in the .mvn/maven.config file, or in project POM properties.
2026-06-10 20:39:06,267 [Worker-97: Building] WARN  o.apache.maven.project.MavenProject - Plugin is modifying compileSourceRoots through add(), which will not work in Maven 4.0.0. Use MavenProject.addCompileSourceRoot()/removeCompileSourceRoot() methods instead. If using a plugin, please upgrade to the latest version or report the issue to the plugin maintainer. To disable these warnings, set -Dmaven.project.sourceRoots.warningsDisabled=true on the command line, in the .mvn/maven.config file, or in project POM properties.
2026-06-10 20:39:06,267 [Worker-97: Building] WARN  o.apache.maven.project.MavenProject - Plugin is modifying testCompileSourceRoots through clear(), which will not work in Maven 4.0.0. Use MavenProject.addTestCompileSourceRoot()/removeTestCompileSourceRoot() methods instead. If using a plugin, please upgrade to the latest version or report the issue to the plugin maintainer. To disable these warnings, set -Dmaven.project.sourceRoots.warningsDisabled=true on the command line, in the .mvn/maven.config file, or in project POM properties.
2026-06-10 20:39:06,267 [Worker-97: Building] WARN  o.apache.maven.project.MavenProject - Plugin is modifying testCompileSourceRoots through add(), which will not work in Maven 4.0.0. Use MavenProject.addTestCompileSourceRoot()/removeTestCompileSourceRoot() methods instead. If using a plugin, please upgrade to the latest version or report the issue to the plugin maintainer. To disable these warnings, set -Dmaven.project.sourceRoots.warningsDisabled=true on the command line, in the .mvn/maven.config file, or in project POM properties.
2026-06-10 20:39:31,627 [Worker-102: Building] INFO  o.a.m.s.f.DefaultMavenResourcesFiltering - Copying 0 resource from src/main/resources to target/classes
2026-06-10 20:39:31,628 [Worker-102: Building] INFO  o.a.m.s.f.DefaultMavenResourcesFiltering - Copying 1 resource from src/main/resources to target/classes
2026-06-10 20:39:31,630 [Worker-102: Building] INFO  o.a.m.s.f.DefaultMavenResourcesFiltering - skip non existing resourceDirectory /Users/macbook/Documents/SpringBoot_SpringFramework/spring-boot-web/src/test/resources
2026-06-10 20:39:31,630 [Worker-102: Building] WARN  o.apache.maven.project.MavenProject - Plugin is modifying compileSourceRoots through clear(), which will not work in Maven 4.0.0. Use MavenProject.addCompileSourceRoot()/removeCompileSourceRoot() methods instead. If using a plugin, please upgrade to the latest version or report the issue to the plugin maintainer. To disable these warnings, set -Dmaven.project.sourceRoots.warningsDisabled=true on the command line, in the .mvn/maven.config file, or in project POM properties.
2026-06-10 20:39:31,630 [Worker-102: Building] WARN  o.apache.maven.project.MavenProject - Plugin is modifying compileSourceRoots through add(), which will not work in Maven 4.0.0. Use MavenProject.addCompileSourceRoot()/removeCompileSourceRoot() methods instead. If using a plugin, please upgrade to the latest version or report the issue to the plugin maintainer. To disable these warnings, set -Dmaven.project.sourceRoots.warningsDisabled=true on the command line, in the .mvn/maven.config file, or in project POM properties.
2026-06-10 20:39:31,630 [Worker-102: Building] WARN  o.apache.maven.project.MavenProject - Plugin is modifying testCompileSourceRoots through clear(), which will not work in Maven 4.0.0. Use MavenProject.addTestCompileSourceRoot()/removeTestCompileSourceRoot() methods instead. If using a plugin, please upgrade to the latest version or report the issue to the plugin maintainer. To disable these warnings, set -Dmaven.project.sourceRoots.warningsDisabled=true on the command line, in the .mvn/maven.config file, or in project POM properties.
2026-06-10 20:39:31,630 [Worker-102: Building] WARN  o.apache.maven.project.MavenProject - Plugin is modifying testCompileSourceRoots through add(), which will not work in Maven 4.0.0. Use MavenProject.addTestCompileSourceRoot()/removeTestCompileSourceRoot() methods instead. If using a plugin, please upgrade to the latest version or report the issue to the plugin maintainer. To disable these warnings, set -Dmaven.project.sourceRoots.warningsDisabled=true on the command line, in the .mvn/maven.config file, or in project POM properties.
2026-06-10 20:40:20,211 [Worker-101: Building] INFO  o.a.m.s.f.DefaultMavenResourcesFiltering - Copying 0 resource from src/main/resources to target/classes
2026-06-10 20:40:20,213 [Worker-101: Building] INFO  o.a.m.s.f.DefaultMavenResourcesFiltering - Copying 1 resource from src/main/resources to target/classes
2026-06-10 20:40:20,217 [Worker-101: Building] INFO  o.a.m.s.f.DefaultMavenResourcesFiltering - skip non existing resourceDirectory /Users/macbook/Documents/SpringBoot_SpringFramework/spring-boot-web/src/test/resources
2026-06-10 20:40:20,217 [Worker-101: Building] WARN  o.apache.maven.project.MavenProject - Plugin is modifying compileSourceRoots through clear(), which will not work in Maven 4.0.0. Use MavenProject.addCompileSourceRoot()/removeCompileSourceRoot() methods instead. If using a plugin, please upgrade to the latest version or report the issue to the plugin maintainer. To disable these warnings, set -Dmaven.project.sourceRoots.warningsDisabled=true on the command line, in the .mvn/maven.config file, or in project POM properties.
2026-06-10 20:40:20,218 [Worker-101: Building] WARN  o.apache.maven.project.MavenProject - Plugin is modifying compileSourceRoots through add(), which will not work in Maven 4.0.0. Use MavenProject.addCompileSourceRoot()/removeCompileSourceRoot() methods instead. If using a plugin, please upgrade to the latest version or report the issue to the plugin maintainer. To disable these warnings, set -Dmaven.project.sourceRoots.warningsDisabled=true on the command line, in the .mvn/maven.config file, or in project POM properties.
2026-06-10 20:40:20,218 [Worker-101: Building] WARN  o.apache.maven.project.MavenProject - Plugin is modifying testCompileSourceRoots through clear(), which will not work in Maven 4.0.0. Use MavenProject.addTestCompileSourceRoot()/removeTestCompileSourceRoot() methods instead. If using a plugin, please upgrade to the latest version or report the issue to the plugin maintainer. To disable these warnings, set -Dmaven.project.sourceRoots.warningsDisabled=true on the command line, in the .mvn/maven.config file, or in project POM properties.
2026-06-10 20:40:20,218 [Worker-101: Building] WARN  o.apache.maven.project.MavenProject - Plugin is modifying testCompileSourceRoots through add(), which will not work in Maven 4.0.0. Use MavenProject.addTestCompileSourceRoot()/removeTestCompileSourceRoot() methods instead. If using a plugin, please upgrade to the latest version or report the issue to the plugin maintainer. To disable these warnings, set -Dmaven.project.sourceRoots.warningsDisabled=true on the command line, in the .mvn/maven.config file, or in project POM properties.
2026-06-10 20:56:28,956 [Worker-97: Building] INFO  o.a.m.s.f.DefaultMavenResourcesFiltering - Copying 1 resource from src/main/resources to target/classes
2026-06-10 20:56:28,962 [Worker-97: Building] INFO  o.a.m.s.f.DefaultMavenResourcesFiltering - Copying 5 resources from src/main/resources to target/classes
2026-06-10 20:56:28,964 [Worker-97: Building] INFO  o.a.m.s.f.DefaultMavenResourcesFiltering - skip non existing resourceDirectory /Users/macbook/Documents/SpringBoot_SpringFramework/spring-boot-web/src/test/resources
2026-06-10 20:56:28,964 [Worker-97: Building] WARN  o.apache.maven.project.MavenProject - Plugin is modifying compileSourceRoots through clear(), which will not work in Maven 4.0.0. Use MavenProject.addCompileSourceRoot()/removeCompileSourceRoot() methods instead. If using a plugin, please upgrade to the latest version or report the issue to the plugin maintainer. To disable these warnings, set -Dmaven.project.sourceRoots.warningsDisabled=true on the command line, in the .mvn/maven.config file, or in project POM properties.
2026-06-10 20:56:28,965 [Worker-97: Building] WARN  o.apache.maven.project.MavenProject - Plugin is modifying compileSourceRoots through add(), which will not work in Maven 4.0.0. Use MavenProject.addCompileSourceRoot()/removeCompileSourceRoot() methods instead. If using a plugin, please upgrade to the latest version or report the issue to the plugin maintainer. To disable these warnings, set -Dmaven.project.sourceRoots.warningsDisabled=true on the command line, in the .mvn/maven.config file, or in project POM properties.
2026-06-10 20:56:28,965 [Worker-97: Building] WARN  o.apache.maven.project.MavenProject - Plugin is modifying testCompileSourceRoots through clear(), which will not work in Maven 4.0.0. Use MavenProject.addTestCompileSourceRoot()/removeTestCompileSourceRoot() methods instead. If using a plugin, please upgrade to the latest version or report the issue to the plugin maintainer. To disable these warnings, set -Dmaven.project.sourceRoots.warningsDisabled=true on the command line, in the .mvn/maven.config file, or in project POM properties.
2026-06-10 20:56:28,965 [Worker-97: Building] WARN  o.apache.maven.project.MavenProject - Plugin is modifying testCompileSourceRoots through add(), which will not work in Maven 4.0.0. Use MavenProject.addTestCompileSourceRoot()/removeTestCompileSourceRoot() methods instead. If using a plugin, please upgrade to the latest version or report the issue to the plugin maintainer. To disable these warnings, set -Dmaven.project.sourceRoots.warningsDisabled=true on the command line, in the .mvn/maven.config file, or in project POM properties.
2026-06-10 20:57:10,360 [Worker-106: Building] INFO  o.a.m.s.f.DefaultMavenResourcesFiltering - Copying 1 resource from src/main/resources to target/classes
2026-06-10 20:57:10,364 [Worker-106: Building] INFO  o.a.m.s.f.DefaultMavenResourcesFiltering - Copying 5 resources from src/main/resources to target/classes
2026-06-10 20:57:10,365 [Worker-106: Building] INFO  o.a.m.s.f.DefaultMavenResourcesFiltering - skip non existing resourceDirectory /Users/macbook/Documents/SpringBoot_SpringFramework/spring-boot-web/src/test/resources
2026-06-10 20:57:10,365 [Worker-106: Building] WARN  o.apache.maven.project.MavenProject - Plugin is modifying compileSourceRoots through clear(), which will not work in Maven 4.0.0. Use MavenProject.addCompileSourceRoot()/removeCompileSourceRoot() methods instead. If using a plugin, please upgrade to the latest version or report the issue to the plugin maintainer. To disable these warnings, set -Dmaven.project.sourceRoots.warningsDisabled=true on the command line, in the .mvn/maven.config file, or in project POM properties.
2026-06-10 20:57:10,366 [Worker-106: Building] WARN  o.apache.maven.project.MavenProject - Plugin is modifying compileSourceRoots through add(), which will not work in Maven 4.0.0. Use MavenProject.addCompileSourceRoot()/removeCompileSourceRoot() methods instead. If using a plugin, please upgrade to the latest version or report the issue to the plugin maintainer. To disable these warnings, set -Dmaven.project.sourceRoots.warningsDisabled=true on the command line, in the .mvn/maven.config file, or in project POM properties.
2026-06-10 20:57:10,366 [Worker-106: Building] WARN  o.apache.maven.project.MavenProject - Plugin is modifying testCompileSourceRoots through clear(), which will not work in Maven 4.0.0. Use MavenProject.addTestCompileSourceRoot()/removeTestCompileSourceRoot() methods instead. If using a plugin, please upgrade to the latest version or report the issue to the plugin maintainer. To disable these warnings, set -Dmaven.project.sourceRoots.warningsDisabled=true on the command line, in the .mvn/maven.config file, or in project POM properties.
2026-06-10 20:57:10,366 [Worker-106: Building] WARN  o.apache.maven.project.MavenProject - Plugin is modifying testCompileSourceRoots through add(), which will not work in Maven 4.0.0. Use MavenProject.addTestCompileSourceRoot()/removeTestCompileSourceRoot() methods instead. If using a plugin, please upgrade to the latest version or report the issue to the plugin maintainer. To disable these warnings, set -Dmaven.project.sourceRoots.warningsDisabled=true on the command line, in the .mvn/maven.config file, or in project POM properties.
2026-06-10 20:57:51,698 [Worker-106: Building] INFO  o.a.m.s.f.DefaultMavenResourcesFiltering - Copying 1 resource from src/main/resources to target/classes
2026-06-10 20:57:51,702 [Worker-106: Building] INFO  o.a.m.s.f.DefaultMavenResourcesFiltering - Copying 5 resources from src/main/resources to target/classes
2026-06-10 20:57:51,704 [Worker-106: Building] INFO  o.a.m.s.f.DefaultMavenResourcesFiltering - skip non existing resourceDirectory /Users/macbook/Documents/SpringBoot_SpringFramework/spring-boot-web/src/test/resources
2026-06-10 20:57:51,704 [Worker-106: Building] WARN  o.apache.maven.project.MavenProject - Plugin is modifying compileSourceRoots through clear(), which will not work in Maven 4.0.0. Use MavenProject.addCompileSourceRoot()/removeCompileSourceRoot() methods instead. If using a plugin, please upgrade to the latest version or report the issue to the plugin maintainer. To disable these warnings, set -Dmaven.project.sourceRoots.warningsDisabled=true on the command line, in the .mvn/maven.config file, or in project POM properties.
2026-06-10 20:57:51,705 [Worker-106: Building] WARN  o.apache.maven.project.MavenProject - Plugin is modifying compileSourceRoots through add(), which will not work in Maven 4.0.0. Use MavenProject.addCompileSourceRoot()/removeCompileSourceRoot() methods instead. If using a plugin, please upgrade to the latest version or report the issue to the plugin maintainer. To disable these warnings, set -Dmaven.project.sourceRoots.warningsDisabled=true on the command line, in the .mvn/maven.config file, or in project POM properties.
2026-06-10 20:57:51,705 [Worker-106: Building] WARN  o.apache.maven.project.MavenProject - Plugin is modifying testCompileSourceRoots through clear(), which will not work in Maven 4.0.0. Use MavenProject.addTestCompileSourceRoot()/removeTestCompileSourceRoot() methods instead. If using a plugin, please upgrade to the latest version or report the issue to the plugin maintainer. To disable these warnings, set -Dmaven.project.sourceRoots.warningsDisabled=true on the command line, in the .mvn/maven.config file, or in project POM properties.
2026-06-10 20:57:51,705 [Worker-106: Building] WARN  o.apache.maven.project.MavenProject - Plugin is modifying testCompileSourceRoots through add(), which will not work in Maven 4.0.0. Use MavenProject.addTestCompileSourceRoot()/removeTestCompileSourceRoot() methods instead. If using a plugin, please upgrade to the latest version or report the issue to the plugin maintainer. To disable these warnings, set -Dmaven.project.sourceRoots.warningsDisabled=true on the command line, in the .mvn/maven.config file, or in project POM properties.
2026-06-10 20:58:40,996 [Worker-97: Building] INFO  o.a.m.s.f.DefaultMavenResourcesFiltering - Copying 1 resource from src/main/resources to target/classes
2026-06-10 20:58:40,999 [Worker-97: Building] INFO  o.a.m.s.f.DefaultMavenResourcesFiltering - Copying 5 resources from src/main/resources to target/classes
2026-06-10 20:58:41,001 [Worker-97: Building] INFO  o.a.m.s.f.DefaultMavenResourcesFiltering - skip non existing resourceDirectory /Users/macbook/Documents/SpringBoot_SpringFramework/spring-boot-web/src/test/resources
2026-06-10 20:58:41,001 [Worker-97: Building] WARN  o.apache.maven.project.MavenProject - Plugin is modifying compileSourceRoots through clear(), which will not work in Maven 4.0.0. Use MavenProject.addCompileSourceRoot()/removeCompileSourceRoot() methods instead. If using a plugin, please upgrade to the latest version or report the issue to the plugin maintainer. To disable these warnings, set -Dmaven.project.sourceRoots.warningsDisabled=true on the command line, in the .mvn/maven.config file, or in project POM properties.
2026-06-10 20:58:41,001 [Worker-97: Building] WARN  o.apache.maven.project.MavenProject - Plugin is modifying compileSourceRoots through add(), which will not work in Maven 4.0.0. Use MavenProject.addCompileSourceRoot()/removeCompileSourceRoot() methods instead. If using a plugin, please upgrade to the latest version or report the issue to the plugin maintainer. To disable these warnings, set -Dmaven.project.sourceRoots.warningsDisabled=true on the command line, in the .mvn/maven.config file, or in project POM properties.
2026-06-10 20:58:41,001 [Worker-97: Building] WARN  o.apache.maven.project.MavenProject - Plugin is modifying testCompileSourceRoots through clear(), which will not work in Maven 4.0.0. Use MavenProject.addTestCompileSourceRoot()/removeTestCompileSourceRoot() methods instead. If using a plugin, please upgrade to the latest version or report the issue to the plugin maintainer. To disable these warnings, set -Dmaven.project.sourceRoots.warningsDisabled=true on the command line, in the .mvn/maven.config file, or in project POM properties.
2026-06-10 20:58:41,001 [Worker-97: Building] WARN  o.apache.maven.project.MavenProject - Plugin is modifying testCompileSourceRoots through add(), which will not work in Maven 4.0.0. Use MavenProject.addTestCompileSourceRoot()/removeTestCompileSourceRoot() methods instead. If using a plugin, please upgrade to the latest version or report the issue to the plugin maintainer. To disable these warnings, set -Dmaven.project.sourceRoots.warningsDisabled=true on the command line, in the .mvn/maven.config file, or in project POM properties.
2026-06-10 21:01:27,065 [Worker-101: Building] INFO  o.a.m.s.f.DefaultMavenResourcesFiltering - Copying 0 resource from src/main/resources to target/classes
2026-06-10 21:01:27,066 [Worker-101: Building] INFO  o.a.m.s.f.DefaultMavenResourcesFiltering - Copying 1 resource from src/main/resources to target/classes
2026-06-10 21:01:27,067 [Worker-101: Building] INFO  o.a.m.s.f.DefaultMavenResourcesFiltering - skip non existing resourceDirectory /Users/macbook/Documents/SpringBoot_SpringFramework/spring-boot-web/src/test/resources
2026-06-10 21:01:27,068 [Worker-101: Building] WARN  o.apache.maven.project.MavenProject - Plugin is modifying compileSourceRoots through clear(), which will not work in Maven 4.0.0. Use MavenProject.addCompileSourceRoot()/removeCompileSourceRoot() methods instead. If using a plugin, please upgrade to the latest version or report the issue to the plugin maintainer. To disable these warnings, set -Dmaven.project.sourceRoots.warningsDisabled=true on the command line, in the .mvn/maven.config file, or in project POM properties.
2026-06-10 21:01:27,068 [Worker-101: Building] WARN  o.apache.maven.project.MavenProject - Plugin is modifying compileSourceRoots through add(), which will not work in Maven 4.0.0. Use MavenProject.addCompileSourceRoot()/removeCompileSourceRoot() methods instead. If using a plugin, please upgrade to the latest version or report the issue to the plugin maintainer. To disable these warnings, set -Dmaven.project.sourceRoots.warningsDisabled=true on the command line, in the .mvn/maven.config file, or in project POM properties.
2026-06-10 21:01:27,068 [Worker-101: Building] WARN  o.apache.maven.project.MavenProject - Plugin is modifying testCompileSourceRoots through clear(), which will not work in Maven 4.0.0. Use MavenProject.addTestCompileSourceRoot()/removeTestCompileSourceRoot() methods instead. If using a plugin, please upgrade to the latest version or report the issue to the plugin maintainer. To disable these warnings, set -Dmaven.project.sourceRoots.warningsDisabled=true on the command line, in the .mvn/maven.config file, or in project POM properties.
2026-06-10 21:01:27,068 [Worker-101: Building] WARN  o.apache.maven.project.MavenProject - Plugin is modifying testCompileSourceRoots through add(), which will not work in Maven 4.0.0. Use MavenProject.addTestCompileSourceRoot()/removeTestCompileSourceRoot() methods instead. If using a plugin, please upgrade to the latest version or report the issue to the plugin maintainer. To disable these warnings, set -Dmaven.project.sourceRoots.warningsDisabled=true on the command line, in the .mvn/maven.config file, or in project POM properties.
2026-06-10 21:11:02,521 [Worker-113: Building] INFO  o.a.m.s.f.DefaultMavenResourcesFiltering - Copying 1 resource from src/main/resources to target/classes
2026-06-10 21:11:02,524 [Worker-113: Building] INFO  o.a.m.s.f.DefaultMavenResourcesFiltering - Copying 5 resources from src/main/resources to target/classes
2026-06-10 21:11:02,526 [Worker-113: Building] INFO  o.a.m.s.f.DefaultMavenResourcesFiltering - skip non existing resourceDirectory /Users/macbook/Documents/SpringBoot_SpringFramework/spring-boot-web/src/test/resources
2026-06-10 21:11:02,526 [Worker-113: Building] WARN  o.apache.maven.project.MavenProject - Plugin is modifying compileSourceRoots through clear(), which will not work in Maven 4.0.0. Use MavenProject.addCompileSourceRoot()/removeCompileSourceRoot() methods instead. If using a plugin, please upgrade to the latest version or report the issue to the plugin maintainer. To disable these warnings, set -Dmaven.project.sourceRoots.warningsDisabled=true on the command line, in the .mvn/maven.config file, or in project POM properties.
2026-06-10 21:11:02,527 [Worker-113: Building] WARN  o.apache.maven.project.MavenProject - Plugin is modifying compileSourceRoots through add(), which will not work in Maven 4.0.0. Use MavenProject.addCompileSourceRoot()/removeCompileSourceRoot() methods instead. If using a plugin, please upgrade to the latest version or report the issue to the plugin maintainer. To disable these warnings, set -Dmaven.project.sourceRoots.warningsDisabled=true on the command line, in the .mvn/maven.config file, or in project POM properties.
2026-06-10 21:11:02,527 [Worker-113: Building] WARN  o.apache.maven.project.MavenProject - Plugin is modifying testCompileSourceRoots through clear(), which will not work in Maven 4.0.0. Use MavenProject.addTestCompileSourceRoot()/removeTestCompileSourceRoot() methods instead. If using a plugin, please upgrade to the latest version or report the issue to the plugin maintainer. To disable these warnings, set -Dmaven.project.sourceRoots.warningsDisabled=true on the command line, in the .mvn/maven.config file, or in project POM properties.
2026-06-10 21:11:02,527 [Worker-113: Building] WARN  o.apache.maven.project.MavenProject - Plugin is modifying testCompileSourceRoots through add(), which will not work in Maven 4.0.0. Use MavenProject.addTestCompileSourceRoot()/removeTestCompileSourceRoot() methods instead. If using a plugin, please upgrade to the latest version or report the issue to the plugin maintainer. To disable these warnings, set -Dmaven.project.sourceRoots.warningsDisabled=true on the command line, in the .mvn/maven.config file, or in project POM properties.
2026-06-10 21:11:31,908 [Worker-113: Building] INFO  o.a.m.s.f.DefaultMavenResourcesFiltering - Copying 1 resource from src/main/resources to target/classes
2026-06-10 21:11:31,909 [Worker-113: Building] INFO  o.a.m.s.f.DefaultMavenResourcesFiltering - Copying 5 resources from src/main/resources to target/classes
2026-06-10 21:11:31,910 [Worker-113: Building] INFO  o.a.m.s.f.DefaultMavenResourcesFiltering - skip non existing resourceDirectory /Users/macbook/Documents/SpringBoot_SpringFramework/spring-boot-web/src/test/resources
2026-06-10 21:11:31,916 [Worker-113: Building] WARN  o.apache.maven.project.MavenProject - Plugin is modifying compileSourceRoots through clear(), which will not work in Maven 4.0.0. Use MavenProject.addCompileSourceRoot()/removeCompileSourceRoot() methods instead. If using a plugin, please upgrade to the latest version or report the issue to the plugin maintainer. To disable these warnings, set -Dmaven.project.sourceRoots.warningsDisabled=true on the command line, in the .mvn/maven.config file, or in project POM properties.
2026-06-10 21:11:31,916 [Worker-113: Building] WARN  o.apache.maven.project.MavenProject - Plugin is modifying compileSourceRoots through add(), which will not work in Maven 4.0.0. Use MavenProject.addCompileSourceRoot()/removeCompileSourceRoot() methods instead. If using a plugin, please upgrade to the latest version or report the issue to the plugin maintainer. To disable these warnings, set -Dmaven.project.sourceRoots.warningsDisabled=true on the command line, in the .mvn/maven.config file, or in project POM properties.
2026-06-10 21:11:31,917 [Worker-113: Building] WARN  o.apache.maven.project.MavenProject - Plugin is modifying testCompileSourceRoots through clear(), which will not work in Maven 4.0.0. Use MavenProject.addTestCompileSourceRoot()/removeTestCompileSourceRoot() methods instead. If using a plugin, please upgrade to the latest version or report the issue to the plugin maintainer. To disable these warnings, set -Dmaven.project.sourceRoots.warningsDisabled=true on the command line, in the .mvn/maven.config file, or in project POM properties.
2026-06-10 21:11:31,917 [Worker-113: Building] WARN  o.apache.maven.project.MavenProject - Plugin is modifying testCompileSourceRoots through add(), which will not work in Maven 4.0.0. Use MavenProject.addTestCompileSourceRoot()/removeTestCompileSourceRoot() methods instead. If using a plugin, please upgrade to the latest version or report the issue to the plugin maintainer. To disable these warnings, set -Dmaven.project.sourceRoots.warningsDisabled=true on the command line, in the .mvn/maven.config file, or in project POM properties.
2026-06-10 21:12:55,773 [Worker-115: Building] INFO  o.a.m.s.f.DefaultMavenResourcesFiltering - Copying 1 resource from src/main/resources to target/classes
2026-06-10 21:12:55,784 [Worker-115: Building] INFO  o.a.m.s.f.DefaultMavenResourcesFiltering - Copying 5 resources from src/main/resources to target/classes
2026-06-10 21:12:55,787 [Worker-115: Building] INFO  o.a.m.s.f.DefaultMavenResourcesFiltering - skip non existing resourceDirectory /Users/macbook/Documents/SpringBoot_SpringFramework/spring-boot-web/src/test/resources
2026-06-10 21:12:55,787 [Worker-115: Building] WARN  o.apache.maven.project.MavenProject - Plugin is modifying compileSourceRoots through clear(), which will not work in Maven 4.0.0. Use MavenProject.addCompileSourceRoot()/removeCompileSourceRoot() methods instead. If using a plugin, please upgrade to the latest version or report the issue to the plugin maintainer. To disable these warnings, set -Dmaven.project.sourceRoots.warningsDisabled=true on the command line, in the .mvn/maven.config file, or in project POM properties.
2026-06-10 21:12:55,788 [Worker-115: Building] WARN  o.apache.maven.project.MavenProject - Plugin is modifying compileSourceRoots through add(), which will not work in Maven 4.0.0. Use MavenProject.addCompileSourceRoot()/removeCompileSourceRoot() methods instead. If using a plugin, please upgrade to the latest version or report the issue to the plugin maintainer. To disable these warnings, set -Dmaven.project.sourceRoots.warningsDisabled=true on the command line, in the .mvn/maven.config file, or in project POM properties.
2026-06-10 21:12:55,788 [Worker-115: Building] WARN  o.apache.maven.project.MavenProject - Plugin is modifying testCompileSourceRoots through clear(), which will not work in Maven 4.0.0. Use MavenProject.addTestCompileSourceRoot()/removeTestCompileSourceRoot() methods instead. If using a plugin, please upgrade to the latest version or report the issue to the plugin maintainer. To disable these warnings, set -Dmaven.project.sourceRoots.warningsDisabled=true on the command line, in the .mvn/maven.config file, or in project POM properties.
2026-06-10 21:12:55,788 [Worker-115: Building] WARN  o.apache.maven.project.MavenProject - Plugin is modifying testCompileSourceRoots through add(), which will not work in Maven 4.0.0. Use MavenProject.addTestCompileSourceRoot()/removeTestCompileSourceRoot() methods instead. If using a plugin, please upgrade to the latest version or report the issue to the plugin maintainer. To disable these warnings, set -Dmaven.project.sourceRoots.warningsDisabled=true on the command line, in the .mvn/maven.config file, or in project POM properties.
2026-06-10 21:14:39,421 [Worker-117: Building] INFO  o.a.m.s.f.DefaultMavenResourcesFiltering - Copying 1 resource from src/main/resources to target/classes
2026-06-10 21:14:39,443 [Worker-117: Building] INFO  o.a.m.s.f.DefaultMavenResourcesFiltering - Copying 5 resources from src/main/resources to target/classes
2026-06-10 21:14:39,446 [Worker-117: Building] INFO  o.a.m.s.f.DefaultMavenResourcesFiltering - skip non existing resourceDirectory /Users/macbook/Documents/SpringBoot_SpringFramework/spring-boot-web/src/test/resources
2026-06-10 21:14:39,446 [Worker-117: Building] WARN  o.apache.maven.project.MavenProject - Plugin is modifying compileSourceRoots through clear(), which will not work in Maven 4.0.0. Use MavenProject.addCompileSourceRoot()/removeCompileSourceRoot() methods instead. If using a plugin, please upgrade to the latest version or report the issue to the plugin maintainer. To disable these warnings, set -Dmaven.project.sourceRoots.warningsDisabled=true on the command line, in the .mvn/maven.config file, or in project POM properties.
2026-06-10 21:14:39,448 [Worker-117: Building] WARN  o.apache.maven.project.MavenProject - Plugin is modifying compileSourceRoots through add(), which will not work in Maven 4.0.0. Use MavenProject.addCompileSourceRoot()/removeCompileSourceRoot() methods instead. If using a plugin, please upgrade to the latest version or report the issue to the plugin maintainer. To disable these warnings, set -Dmaven.project.sourceRoots.warningsDisabled=true on the command line, in the .mvn/maven.config file, or in project POM properties.
2026-06-10 21:14:39,448 [Worker-117: Building] WARN  o.apache.maven.project.MavenProject - Plugin is modifying testCompileSourceRoots through clear(), which will not work in Maven 4.0.0. Use MavenProject.addTestCompileSourceRoot()/removeTestCompileSourceRoot() methods instead. If using a plugin, please upgrade to the latest version or report the issue to the plugin maintainer. To disable these warnings, set -Dmaven.project.sourceRoots.warningsDisabled=true on the command line, in the .mvn/maven.config file, or in project POM properties.
2026-06-10 21:14:39,448 [Worker-117: Building] WARN  o.apache.maven.project.MavenProject - Plugin is modifying testCompileSourceRoots through add(), which will not work in Maven 4.0.0. Use MavenProject.addTestCompileSourceRoot()/removeTestCompileSourceRoot() methods instead. If using a plugin, please upgrade to the latest version or report the issue to the plugin maintainer. To disable these warnings, set -Dmaven.project.sourceRoots.warningsDisabled=true on the command line, in the .mvn/maven.config file, or in project POM properties.
2026-06-10 21:21:36,503 [Worker-119: Building] INFO  o.a.m.s.f.DefaultMavenResourcesFiltering - Copying 1 resource from src/main/resources to target/classes
2026-06-10 21:21:36,508 [Worker-119: Building] INFO  o.a.m.s.f.DefaultMavenResourcesFiltering - Copying 5 resources from src/main/resources to target/classes
2026-06-10 21:21:36,510 [Worker-119: Building] INFO  o.a.m.s.f.DefaultMavenResourcesFiltering - skip non existing resourceDirectory /Users/macbook/Documents/SpringBoot_SpringFramework/spring-boot-web/src/test/resources
2026-06-10 21:21:36,510 [Worker-119: Building] WARN  o.apache.maven.project.MavenProject - Plugin is modifying compileSourceRoots through clear(), which will not work in Maven 4.0.0. Use MavenProject.addCompileSourceRoot()/removeCompileSourceRoot() methods instead. If using a plugin, please upgrade to the latest version or report the issue to the plugin maintainer. To disable these warnings, set -Dmaven.project.sourceRoots.warningsDisabled=true on the command line, in the .mvn/maven.config file, or in project POM properties.
2026-06-10 21:21:36,511 [Worker-119: Building] WARN  o.apache.maven.project.MavenProject - Plugin is modifying compileSourceRoots through add(), which will not work in Maven 4.0.0. Use MavenProject.addCompileSourceRoot()/removeCompileSourceRoot() methods instead. If using a plugin, please upgrade to the latest version or report the issue to the plugin maintainer. To disable these warnings, set -Dmaven.project.sourceRoots.warningsDisabled=true on the command line, in the .mvn/maven.config file, or in project POM properties.
2026-06-10 21:21:36,511 [Worker-119: Building] WARN  o.apache.maven.project.MavenProject - Plugin is modifying testCompileSourceRoots through clear(), which will not work in Maven 4.0.0. Use MavenProject.addTestCompileSourceRoot()/removeTestCompileSourceRoot() methods instead. If using a plugin, please upgrade to the latest version or report the issue to the plugin maintainer. To disable these warnings, set -Dmaven.project.sourceRoots.warningsDisabled=true on the command line, in the .mvn/maven.config file, or in project POM properties.
2026-06-10 21:21:36,511 [Worker-119: Building] WARN  o.apache.maven.project.MavenProject - Plugin is modifying testCompileSourceRoots through add(), which will not work in Maven 4.0.0. Use MavenProject.addTestCompileSourceRoot()/removeTestCompileSourceRoot() methods instead. If using a plugin, please upgrade to the latest version or report the issue to the plugin maintainer. To disable these warnings, set -Dmaven.project.sourceRoots.warningsDisabled=true on the command line, in the .mvn/maven.config file, or in project POM properties.
2026-06-10 21:23:26,673 [Worker-113: Building] INFO  o.a.m.s.f.DefaultMavenResourcesFiltering - Copying 0 resource from src/main/resources to target/classes
2026-06-10 21:23:26,673 [Worker-113: Building] INFO  o.a.m.s.f.DefaultMavenResourcesFiltering - Copying 1 resource from src/main/resources to target/classes
2026-06-10 21:23:26,674 [Worker-113: Building] INFO  o.a.m.s.f.DefaultMavenResourcesFiltering - skip non existing resourceDirectory /Users/macbook/Documents/SpringBoot_SpringFramework/spring-boot-web/src/test/resources
2026-06-10 21:23:26,674 [Worker-113: Building] WARN  o.apache.maven.project.MavenProject - Plugin is modifying compileSourceRoots through clear(), which will not work in Maven 4.0.0. Use MavenProject.addCompileSourceRoot()/removeCompileSourceRoot() methods instead. If using a plugin, please upgrade to the latest version or report the issue to the plugin maintainer. To disable these warnings, set -Dmaven.project.sourceRoots.warningsDisabled=true on the command line, in the .mvn/maven.config file, or in project POM properties.
2026-06-10 21:23:26,675 [Worker-113: Building] WARN  o.apache.maven.project.MavenProject - Plugin is modifying compileSourceRoots through add(), which will not work in Maven 4.0.0. Use MavenProject.addCompileSourceRoot()/removeCompileSourceRoot() methods instead. If using a plugin, please upgrade to the latest version or report the issue to the plugin maintainer. To disable these warnings, set -Dmaven.project.sourceRoots.warningsDisabled=true on the command line, in the .mvn/maven.config file, or in project POM properties.
2026-06-10 21:23:26,675 [Worker-113: Building] WARN  o.apache.maven.project.MavenProject - Plugin is modifying testCompileSourceRoots through clear(), which will not work in Maven 4.0.0. Use MavenProject.addTestCompileSourceRoot()/removeTestCompileSourceRoot() methods instead. If using a plugin, please upgrade to the latest version or report the issue to the plugin maintainer. To disable these warnings, set -Dmaven.project.sourceRoots.warningsDisabled=true on the command line, in the .mvn/maven.config file, or in project POM properties.
2026-06-10 21:23:26,675 [Worker-113: Building] WARN  o.apache.maven.project.MavenProject - Plugin is modifying testCompileSourceRoots through add(), which will not work in Maven 4.0.0. Use MavenProject.addTestCompileSourceRoot()/removeTestCompileSourceRoot() methods instead. If using a plugin, please upgrade to the latest version or report the issue to the plugin maintainer. To disable these warnings, set -Dmaven.project.sourceRoots.warningsDisabled=true on the command line, in the .mvn/maven.config file, or in project POM properties.
2026-06-10 21:23:39,485 [Worker-119: Building] INFO  o.a.m.s.f.DefaultMavenResourcesFiltering - Copying 0 resource from src/main/resources to target/classes
2026-06-10 21:23:39,486 [Worker-119: Building] INFO  o.a.m.s.f.DefaultMavenResourcesFiltering - Copying 1 resource from src/main/resources to target/classes
2026-06-10 21:23:39,489 [Worker-119: Building] INFO  o.a.m.s.f.DefaultMavenResourcesFiltering - skip non existing resourceDirectory /Users/macbook/Documents/SpringBoot_SpringFramework/spring-boot-web/src/test/resources
2026-06-10 21:23:39,489 [Worker-119: Building] WARN  o.apache.maven.project.MavenProject - Plugin is modifying compileSourceRoots through clear(), which will not work in Maven 4.0.0. Use MavenProject.addCompileSourceRoot()/removeCompileSourceRoot() methods instead. If using a plugin, please upgrade to the latest version or report the issue to the plugin maintainer. To disable these warnings, set -Dmaven.project.sourceRoots.warningsDisabled=true on the command line, in the .mvn/maven.config file, or in project POM properties.
2026-06-10 21:23:39,490 [Worker-119: Building] WARN  o.apache.maven.project.MavenProject - Plugin is modifying compileSourceRoots through add(), which will not work in Maven 4.0.0. Use MavenProject.addCompileSourceRoot()/removeCompileSourceRoot() methods instead. If using a plugin, please upgrade to the latest version or report the issue to the plugin maintainer. To disable these warnings, set -Dmaven.project.sourceRoots.warningsDisabled=true on the command line, in the .mvn/maven.config file, or in project POM properties.
2026-06-10 21:23:39,490 [Worker-119: Building] WARN  o.apache.maven.project.MavenProject - Plugin is modifying testCompileSourceRoots through clear(), which will not work in Maven 4.0.0. Use MavenProject.addTestCompileSourceRoot()/removeTestCompileSourceRoot() methods instead. If using a plugin, please upgrade to the latest version or report the issue to the plugin maintainer. To disable these warnings, set -Dmaven.project.sourceRoots.warningsDisabled=true on the command line, in the .mvn/maven.config file, or in project POM properties.
2026-06-10 21:23:39,490 [Worker-119: Building] WARN  o.apache.maven.project.MavenProject - Plugin is modifying testCompileSourceRoots through add(), which will not work in Maven 4.0.0. Use MavenProject.addTestCompileSourceRoot()/removeTestCompileSourceRoot() methods instead. If using a plugin, please upgrade to the latest version or report the issue to the plugin maintainer. To disable these warnings, set -Dmaven.project.sourceRoots.warningsDisabled=true on the command line, in the .mvn/maven.config file, or in project POM properties.
2026-06-10 21:27:30,903 [Worker-118: Building] INFO  o.a.m.s.f.DefaultMavenResourcesFiltering - Copying 1 resource from src/main/resources to target/classes
2026-06-10 21:27:30,907 [Worker-118: Building] INFO  o.a.m.s.f.DefaultMavenResourcesFiltering - Copying 6 resources from src/main/resources to target/classes
2026-06-10 21:27:30,910 [Worker-118: Building] INFO  o.a.m.s.f.DefaultMavenResourcesFiltering - skip non existing resourceDirectory /Users/macbook/Documents/SpringBoot_SpringFramework/spring-boot-web/src/test/resources
2026-06-10 21:27:30,910 [Worker-118: Building] WARN  o.apache.maven.project.MavenProject - Plugin is modifying compileSourceRoots through clear(), which will not work in Maven 4.0.0. Use MavenProject.addCompileSourceRoot()/removeCompileSourceRoot() methods instead. If using a plugin, please upgrade to the latest version or report the issue to the plugin maintainer. To disable these warnings, set -Dmaven.project.sourceRoots.warningsDisabled=true on the command line, in the .mvn/maven.config file, or in project POM properties.
2026-06-10 21:27:30,913 [Worker-118: Building] WARN  o.apache.maven.project.MavenProject - Plugin is modifying compileSourceRoots through add(), which will not work in Maven 4.0.0. Use MavenProject.addCompileSourceRoot()/removeCompileSourceRoot() methods instead. If using a plugin, please upgrade to the latest version or report the issue to the plugin maintainer. To disable these warnings, set -Dmaven.project.sourceRoots.warningsDisabled=true on the command line, in the .mvn/maven.config file, or in project POM properties.
2026-06-10 21:27:30,913 [Worker-118: Building] WARN  o.apache.maven.project.MavenProject - Plugin is modifying testCompileSourceRoots through clear(), which will not work in Maven 4.0.0. Use MavenProject.addTestCompileSourceRoot()/removeTestCompileSourceRoot() methods instead. If using a plugin, please upgrade to the latest version or report the issue to the plugin maintainer. To disable these warnings, set -Dmaven.project.sourceRoots.warningsDisabled=true on the command line, in the .mvn/maven.config file, or in project POM properties.
2026-06-10 21:27:30,913 [Worker-118: Building] WARN  o.apache.maven.project.MavenProject - Plugin is modifying testCompileSourceRoots through add(), which will not work in Maven 4.0.0. Use MavenProject.addTestCompileSourceRoot()/removeTestCompileSourceRoot() methods instead. If using a plugin, please upgrade to the latest version or report the issue to the plugin maintainer. To disable these warnings, set -Dmaven.project.sourceRoots.warningsDisabled=true on the command line, in the .mvn/maven.config file, or in project POM properties.
2026-06-10 21:28:15,233 [Worker-124: Building] INFO  o.a.m.s.f.DefaultMavenResourcesFiltering - Copying 1 resource from src/main/resources to target/classes
2026-06-10 21:28:15,237 [Worker-124: Building] INFO  o.a.m.s.f.DefaultMavenResourcesFiltering - Copying 6 resources from src/main/resources to target/classes
2026-06-10 21:28:15,238 [Worker-124: Building] INFO  o.a.m.s.f.DefaultMavenResourcesFiltering - skip non existing resourceDirectory /Users/macbook/Documents/SpringBoot_SpringFramework/spring-boot-web/src/test/resources
2026-06-10 21:28:15,238 [Worker-124: Building] WARN  o.apache.maven.project.MavenProject - Plugin is modifying compileSourceRoots through clear(), which will not work in Maven 4.0.0. Use MavenProject.addCompileSourceRoot()/removeCompileSourceRoot() methods instead. If using a plugin, please upgrade to the latest version or report the issue to the plugin maintainer. To disable these warnings, set -Dmaven.project.sourceRoots.warningsDisabled=true on the command line, in the .mvn/maven.config file, or in project POM properties.
2026-06-10 21:28:15,238 [Worker-124: Building] WARN  o.apache.maven.project.MavenProject - Plugin is modifying compileSourceRoots through add(), which will not work in Maven 4.0.0. Use MavenProject.addCompileSourceRoot()/removeCompileSourceRoot() methods instead. If using a plugin, please upgrade to the latest version or report the issue to the plugin maintainer. To disable these warnings, set -Dmaven.project.sourceRoots.warningsDisabled=true on the command line, in the .mvn/maven.config file, or in project POM properties.
2026-06-10 21:28:15,238 [Worker-124: Building] WARN  o.apache.maven.project.MavenProject - Plugin is modifying testCompileSourceRoots through clear(), which will not work in Maven 4.0.0. Use MavenProject.addTestCompileSourceRoot()/removeTestCompileSourceRoot() methods instead. If using a plugin, please upgrade to the latest version or report the issue to the plugin maintainer. To disable these warnings, set -Dmaven.project.sourceRoots.warningsDisabled=true on the command line, in the .mvn/maven.config file, or in project POM properties.
2026-06-10 21:28:15,238 [Worker-124: Building] WARN  o.apache.maven.project.MavenProject - Plugin is modifying testCompileSourceRoots through add(), which will not work in Maven 4.0.0. Use MavenProject.addTestCompileSourceRoot()/removeTestCompileSourceRoot() methods instead. If using a plugin, please upgrade to the latest version or report the issue to the plugin maintainer. To disable these warnings, set -Dmaven.project.sourceRoots.warningsDisabled=true on the command line, in the .mvn/maven.config file, or in project POM properties.
2026-06-10 21:32:12,049 [Worker-119: Building] INFO  o.a.m.s.f.DefaultMavenResourcesFiltering - Copying 0 resource from src/main/resources to target/classes
2026-06-10 21:32:12,051 [Worker-119: Building] INFO  o.a.m.s.f.DefaultMavenResourcesFiltering - Copying 1 resource from src/main/resources to target/classes
2026-06-10 21:32:12,053 [Worker-119: Building] INFO  o.a.m.s.f.DefaultMavenResourcesFiltering - skip non existing resourceDirectory /Users/macbook/Documents/SpringBoot_SpringFramework/spring-boot-web/src/test/resources
2026-06-10 21:32:12,053 [Worker-119: Building] WARN  o.apache.maven.project.MavenProject - Plugin is modifying compileSourceRoots through clear(), which will not work in Maven 4.0.0. Use MavenProject.addCompileSourceRoot()/removeCompileSourceRoot() methods instead. If using a plugin, please upgrade to the latest version or report the issue to the plugin maintainer. To disable these warnings, set -Dmaven.project.sourceRoots.warningsDisabled=true on the command line, in the .mvn/maven.config file, or in project POM properties.
2026-06-10 21:32:12,054 [Worker-119: Building] WARN  o.apache.maven.project.MavenProject - Plugin is modifying compileSourceRoots through add(), which will not work in Maven 4.0.0. Use MavenProject.addCompileSourceRoot()/removeCompileSourceRoot() methods instead. If using a plugin, please upgrade to the latest version or report the issue to the plugin maintainer. To disable these warnings, set -Dmaven.project.sourceRoots.warningsDisabled=true on the command line, in the .mvn/maven.config file, or in project POM properties.
2026-06-10 21:32:12,054 [Worker-119: Building] WARN  o.apache.maven.project.MavenProject - Plugin is modifying testCompileSourceRoots through clear(), which will not work in Maven 4.0.0. Use MavenProject.addTestCompileSourceRoot()/removeTestCompileSourceRoot() methods instead. If using a plugin, please upgrade to the latest version or report the issue to the plugin maintainer. To disable these warnings, set -Dmaven.project.sourceRoots.warningsDisabled=true on the command line, in the .mvn/maven.config file, or in project POM properties.
2026-06-10 21:32:12,054 [Worker-119: Building] WARN  o.apache.maven.project.MavenProject - Plugin is modifying testCompileSourceRoots through add(), which will not work in Maven 4.0.0. Use MavenProject.addTestCompileSourceRoot()/removeTestCompileSourceRoot() methods instead. If using a plugin, please upgrade to the latest version or report the issue to the plugin maintainer. To disable these warnings, set -Dmaven.project.sourceRoots.warningsDisabled=true on the command line, in the .mvn/maven.config file, or in project POM properties.
2026-06-10 21:33:48,144 [Worker-120: Building] INFO  o.a.m.s.f.DefaultMavenResourcesFiltering - Copying 1 resource from src/main/resources to target/classes
2026-06-10 21:33:48,153 [Worker-120: Building] INFO  o.a.m.s.f.DefaultMavenResourcesFiltering - Copying 6 resources from src/main/resources to target/classes
2026-06-10 21:33:48,157 [Worker-120: Building] INFO  o.a.m.s.f.DefaultMavenResourcesFiltering - skip non existing resourceDirectory /Users/macbook/Documents/SpringBoot_SpringFramework/spring-boot-web/src/test/resources
2026-06-10 21:33:48,157 [Worker-120: Building] WARN  o.apache.maven.project.MavenProject - Plugin is modifying compileSourceRoots through clear(), which will not work in Maven 4.0.0. Use MavenProject.addCompileSourceRoot()/removeCompileSourceRoot() methods instead. If using a plugin, please upgrade to the latest version or report the issue to the plugin maintainer. To disable these warnings, set -Dmaven.project.sourceRoots.warningsDisabled=true on the command line, in the .mvn/maven.config file, or in project POM properties.
2026-06-10 21:33:48,158 [Worker-120: Building] WARN  o.apache.maven.project.MavenProject - Plugin is modifying compileSourceRoots through add(), which will not work in Maven 4.0.0. Use MavenProject.addCompileSourceRoot()/removeCompileSourceRoot() methods instead. If using a plugin, please upgrade to the latest version or report the issue to the plugin maintainer. To disable these warnings, set -Dmaven.project.sourceRoots.warningsDisabled=true on the command line, in the .mvn/maven.config file, or in project POM properties.
2026-06-10 21:33:48,158 [Worker-120: Building] WARN  o.apache.maven.project.MavenProject - Plugin is modifying testCompileSourceRoots through clear(), which will not work in Maven 4.0.0. Use MavenProject.addTestCompileSourceRoot()/removeTestCompileSourceRoot() methods instead. If using a plugin, please upgrade to the latest version or report the issue to the plugin maintainer. To disable these warnings, set -Dmaven.project.sourceRoots.warningsDisabled=true on the command line, in the .mvn/maven.config file, or in project POM properties.
2026-06-10 21:33:48,158 [Worker-120: Building] WARN  o.apache.maven.project.MavenProject - Plugin is modifying testCompileSourceRoots through add(), which will not work in Maven 4.0.0. Use MavenProject.addTestCompileSourceRoot()/removeTestCompileSourceRoot() methods instead. If using a plugin, please upgrade to the latest version or report the issue to the plugin maintainer. To disable these warnings, set -Dmaven.project.sourceRoots.warningsDisabled=true on the command line, in the .mvn/maven.config file, or in project POM properties.
2026-06-10 21:47:28,512 [Worker-118: Building] INFO  o.a.m.s.f.DefaultMavenResourcesFiltering - Copying 1 resource from src/main/resources to target/classes
2026-06-10 21:47:28,523 [Worker-118: Building] INFO  o.a.m.s.f.DefaultMavenResourcesFiltering - Copying 6 resources from src/main/resources to target/classes
2026-06-10 21:47:28,525 [Worker-118: Building] INFO  o.a.m.s.f.DefaultMavenResourcesFiltering - skip non existing resourceDirectory /Users/macbook/Documents/SpringBoot_SpringFramework/spring-boot-web/src/test/resources
2026-06-10 21:47:28,525 [Worker-118: Building] WARN  o.apache.maven.project.MavenProject - Plugin is modifying compileSourceRoots through clear(), which will not work in Maven 4.0.0. Use MavenProject.addCompileSourceRoot()/removeCompileSourceRoot() methods instead. If using a plugin, please upgrade to the latest version or report the issue to the plugin maintainer. To disable these warnings, set -Dmaven.project.sourceRoots.warningsDisabled=true on the command line, in the .mvn/maven.config file, or in project POM properties.
2026-06-10 21:47:28,526 [Worker-118: Building] WARN  o.apache.maven.project.MavenProject - Plugin is modifying compileSourceRoots through add(), which will not work in Maven 4.0.0. Use MavenProject.addCompileSourceRoot()/removeCompileSourceRoot() methods instead. If using a plugin, please upgrade to the latest version or report the issue to the plugin maintainer. To disable these warnings, set -Dmaven.project.sourceRoots.warningsDisabled=true on the command line, in the .mvn/maven.config file, or in project POM properties.
2026-06-10 21:47:28,526 [Worker-118: Building] WARN  o.apache.maven.project.MavenProject - Plugin is modifying testCompileSourceRoots through clear(), which will not work in Maven 4.0.0. Use MavenProject.addTestCompileSourceRoot()/removeTestCompileSourceRoot() methods instead. If using a plugin, please upgrade to the latest version or report the issue to the plugin maintainer. To disable these warnings, set -Dmaven.project.sourceRoots.warningsDisabled=true on the command line, in the .mvn/maven.config file, or in project POM properties.
2026-06-10 21:47:28,526 [Worker-118: Building] WARN  o.apache.maven.project.MavenProject - Plugin is modifying testCompileSourceRoots through add(), which will not work in Maven 4.0.0. Use MavenProject.addTestCompileSourceRoot()/removeTestCompileSourceRoot() methods instead. If using a plugin, please upgrade to the latest version or report the issue to the plugin maintainer. To disable these warnings, set -Dmaven.project.sourceRoots.warningsDisabled=true on the command line, in the .mvn/maven.config file, or in project POM properties.
2026-06-11 11:05:18,215 [Worker-8: Loading available Gradle versions] INFO  o.e.b.c.i.u.g.PublishedGradleVersions - Gradle version information cache is up-to-date. Trying to read.
2026-06-11 11:17:38,606 [Worker-28: Building] INFO  o.a.m.s.f.DefaultMavenResourcesFiltering - Copying 1 resource from src/main/resources to target/classes
2026-06-11 11:17:38,623 [Worker-28: Building] INFO  o.a.m.s.f.DefaultMavenResourcesFiltering - Copying 6 resources from src/main/resources to target/classes
2026-06-11 11:17:38,628 [Worker-28: Building] INFO  o.a.m.s.f.DefaultMavenResourcesFiltering - skip non existing resourceDirectory /Users/macbook/Documents/SpringBoot_SpringFramework/spring-boot-web/src/test/resources
2026-06-11 11:17:38,776 [Worker-28: Building] WARN  o.apache.maven.project.MavenProject - Plugin is modifying compileSourceRoots through clear(), which will not work in Maven 4.0.0. Use MavenProject.addCompileSourceRoot()/removeCompileSourceRoot() methods instead. If using a plugin, please upgrade to the latest version or report the issue to the plugin maintainer. To disable these warnings, set -Dmaven.project.sourceRoots.warningsDisabled=true on the command line, in the .mvn/maven.config file, or in project POM properties.
2026-06-11 11:17:38,776 [Worker-28: Building] WARN  o.apache.maven.project.MavenProject - Plugin is modifying compileSourceRoots through add(), which will not work in Maven 4.0.0. Use MavenProject.addCompileSourceRoot()/removeCompileSourceRoot() methods instead. If using a plugin, please upgrade to the latest version or report the issue to the plugin maintainer. To disable these warnings, set -Dmaven.project.sourceRoots.warningsDisabled=true on the command line, in the .mvn/maven.config file, or in project POM properties.
2026-06-11 11:17:38,777 [Worker-28: Building] WARN  o.apache.maven.project.MavenProject - Plugin is modifying testCompileSourceRoots through clear(), which will not work in Maven 4.0.0. Use MavenProject.addTestCompileSourceRoot()/removeTestCompileSourceRoot() methods instead. If using a plugin, please upgrade to the latest version or report the issue to the plugin maintainer. To disable these warnings, set -Dmaven.project.sourceRoots.warningsDisabled=true on the command line, in the .mvn/maven.config file, or in project POM properties.
2026-06-11 11:17:38,777 [Worker-28: Building] WARN  o.apache.maven.project.MavenProject - Plugin is modifying testCompileSourceRoots through add(), which will not work in Maven 4.0.0. Use MavenProject.addTestCompileSourceRoot()/removeTestCompileSourceRoot() methods instead. If using a plugin, please upgrade to the latest version or report the issue to the plugin maintainer. To disable these warnings, set -Dmaven.project.sourceRoots.warningsDisabled=true on the command line, in the .mvn/maven.config file, or in project POM properties.
2026-06-11 11:45:19,390 [Worker-32: Building] INFO  o.a.m.s.f.DefaultMavenResourcesFiltering - Copying 1 resource from src/main/resources to target/classes
2026-06-11 11:45:19,392 [Worker-32: Building] INFO  o.a.m.s.f.DefaultMavenResourcesFiltering - Copying 6 resources from src/main/resources to target/classes
2026-06-11 11:45:19,395 [Worker-32: Building] INFO  o.a.m.s.f.DefaultMavenResourcesFiltering - skip non existing resourceDirectory /Users/macbook/Documents/SpringBoot_SpringFramework/spring-boot-web/src/test/resources
2026-06-11 11:45:19,395 [Worker-32: Building] WARN  o.apache.maven.project.MavenProject - Plugin is modifying compileSourceRoots through clear(), which will not work in Maven 4.0.0. Use MavenProject.addCompileSourceRoot()/removeCompileSourceRoot() methods instead. If using a plugin, please upgrade to the latest version or report the issue to the plugin maintainer. To disable these warnings, set -Dmaven.project.sourceRoots.warningsDisabled=true on the command line, in the .mvn/maven.config file, or in project POM properties.
2026-06-11 11:45:19,396 [Worker-32: Building] WARN  o.apache.maven.project.MavenProject - Plugin is modifying compileSourceRoots through add(), which will not work in Maven 4.0.0. Use MavenProject.addCompileSourceRoot()/removeCompileSourceRoot() methods instead. If using a plugin, please upgrade to the latest version or report the issue to the plugin maintainer. To disable these warnings, set -Dmaven.project.sourceRoots.warningsDisabled=true on the command line, in the .mvn/maven.config file, or in project POM properties.
2026-06-11 11:45:19,396 [Worker-32: Building] WARN  o.apache.maven.project.MavenProject - Plugin is modifying testCompileSourceRoots through clear(), which will not work in Maven 4.0.0. Use MavenProject.addTestCompileSourceRoot()/removeTestCompileSourceRoot() methods instead. If using a plugin, please upgrade to the latest version or report the issue to the plugin maintainer. To disable these warnings, set -Dmaven.project.sourceRoots.warningsDisabled=true on the command line, in the .mvn/maven.config file, or in project POM properties.
2026-06-11 11:45:19,396 [Worker-32: Building] WARN  o.apache.maven.project.MavenProject - Plugin is modifying testCompileSourceRoots through add(), which will not work in Maven 4.0.0. Use MavenProject.addTestCompileSourceRoot()/removeTestCompileSourceRoot() methods instead. If using a plugin, please upgrade to the latest version or report the issue to the plugin maintainer. To disable these warnings, set -Dmaven.project.sourceRoots.warningsDisabled=true on the command line, in the .mvn/maven.config file, or in project POM properties.
2026-06-11 11:46:54,943 [Worker-34: Building] INFO  o.a.m.s.f.DefaultMavenResourcesFiltering - Copying 0 resource from src/main/resources to target/classes
2026-06-11 11:46:54,945 [Worker-34: Building] INFO  o.a.m.s.f.DefaultMavenResourcesFiltering - Copying 1 resource from src/main/resources to target/classes
2026-06-11 11:46:54,950 [Worker-34: Building] INFO  o.a.m.s.f.DefaultMavenResourcesFiltering - skip non existing resourceDirectory /Users/macbook/Documents/SpringBoot_SpringFramework/spring-boot-web/src/test/resources
2026-06-11 11:46:54,950 [Worker-34: Building] WARN  o.apache.maven.project.MavenProject - Plugin is modifying compileSourceRoots through clear(), which will not work in Maven 4.0.0. Use MavenProject.addCompileSourceRoot()/removeCompileSourceRoot() methods instead. If using a plugin, please upgrade to the latest version or report the issue to the plugin maintainer. To disable these warnings, set -Dmaven.project.sourceRoots.warningsDisabled=true on the command line, in the .mvn/maven.config file, or in project POM properties.
2026-06-11 11:46:54,951 [Worker-34: Building] WARN  o.apache.maven.project.MavenProject - Plugin is modifying compileSourceRoots through add(), which will not work in Maven 4.0.0. Use MavenProject.addCompileSourceRoot()/removeCompileSourceRoot() methods instead. If using a plugin, please upgrade to the latest version or report the issue to the plugin maintainer. To disable these warnings, set -Dmaven.project.sourceRoots.warningsDisabled=true on the command line, in the .mvn/maven.config file, or in project POM properties.
2026-06-11 11:46:54,951 [Worker-34: Building] WARN  o.apache.maven.project.MavenProject - Plugin is modifying testCompileSourceRoots through clear(), which will not work in Maven 4.0.0. Use MavenProject.addTestCompileSourceRoot()/removeTestCompileSourceRoot() methods instead. If using a plugin, please upgrade to the latest version or report the issue to the plugin maintainer. To disable these warnings, set -Dmaven.project.sourceRoots.warningsDisabled=true on the command line, in the .mvn/maven.config file, or in project POM properties.
2026-06-11 11:46:54,951 [Worker-34: Building] WARN  o.apache.maven.project.MavenProject - Plugin is modifying testCompileSourceRoots through add(), which will not work in Maven 4.0.0. Use MavenProject.addTestCompileSourceRoot()/removeTestCompileSourceRoot() methods instead. If using a plugin, please upgrade to the latest version or report the issue to the plugin maintainer. To disable these warnings, set -Dmaven.project.sourceRoots.warningsDisabled=true on the command line, in the .mvn/maven.config file, or in project POM properties.
2026-06-11 15:44:22,609 [Worker-51: Building] INFO  o.a.m.s.f.DefaultMavenResourcesFiltering - Copying 0 resource from src/main/resources to target/classes
2026-06-11 15:44:22,610 [Worker-51: Building] INFO  o.a.m.s.f.DefaultMavenResourcesFiltering - Copying 1 resource from src/main/resources to target/classes
2026-06-11 15:44:22,616 [Worker-51: Building] INFO  o.a.m.s.f.DefaultMavenResourcesFiltering - skip non existing resourceDirectory /Users/macbook/Documents/SpringBoot_SpringFramework/spring-boot-web/src/test/resources
2026-06-11 15:44:22,617 [Worker-51: Building] WARN  o.apache.maven.project.MavenProject - Plugin is modifying compileSourceRoots through clear(), which will not work in Maven 4.0.0. Use MavenProject.addCompileSourceRoot()/removeCompileSourceRoot() methods instead. If using a plugin, please upgrade to the latest version or report the issue to the plugin maintainer. To disable these warnings, set -Dmaven.project.sourceRoots.warningsDisabled=true on the command line, in the .mvn/maven.config file, or in project POM properties.
2026-06-11 15:44:22,617 [Worker-51: Building] WARN  o.apache.maven.project.MavenProject - Plugin is modifying compileSourceRoots through add(), which will not work in Maven 4.0.0. Use MavenProject.addCompileSourceRoot()/removeCompileSourceRoot() methods instead. If using a plugin, please upgrade to the latest version or report the issue to the plugin maintainer. To disable these warnings, set -Dmaven.project.sourceRoots.warningsDisabled=true on the command line, in the .mvn/maven.config file, or in project POM properties.
2026-06-11 15:44:22,618 [Worker-51: Building] WARN  o.apache.maven.project.MavenProject - Plugin is modifying testCompileSourceRoots through clear(), which will not work in Maven 4.0.0. Use MavenProject.addTestCompileSourceRoot()/removeTestCompileSourceRoot() methods instead. If using a plugin, please upgrade to the latest version or report the issue to the plugin maintainer. To disable these warnings, set -Dmaven.project.sourceRoots.warningsDisabled=true on the command line, in the .mvn/maven.config file, or in project POM properties.
2026-06-11 15:44:22,618 [Worker-51: Building] WARN  o.apache.maven.project.MavenProject - Plugin is modifying testCompileSourceRoots through add(), which will not work in Maven 4.0.0. Use MavenProject.addTestCompileSourceRoot()/removeTestCompileSourceRoot() methods instead. If using a plugin, please upgrade to the latest version or report the issue to the plugin maintainer. To disable these warnings, set -Dmaven.project.sourceRoots.warningsDisabled=true on the command line, in the .mvn/maven.config file, or in project POM properties.
2026-06-11 16:27:48,878 [Worker-53: Building] INFO  o.a.m.s.f.DefaultMavenResourcesFiltering - Copying 0 resource from src/main/resources to target/classes
2026-06-11 16:27:48,879 [Worker-53: Building] INFO  o.a.m.s.f.DefaultMavenResourcesFiltering - Copying 1 resource from src/main/resources to target/classes
2026-06-11 16:27:48,881 [Worker-53: Building] INFO  o.a.m.s.f.DefaultMavenResourcesFiltering - skip non existing resourceDirectory /Users/macbook/Documents/SpringBoot_SpringFramework/spring-boot-web/src/test/resources
2026-06-11 16:27:48,881 [Worker-53: Building] WARN  o.apache.maven.project.MavenProject - Plugin is modifying compileSourceRoots through clear(), which will not work in Maven 4.0.0. Use MavenProject.addCompileSourceRoot()/removeCompileSourceRoot() methods instead. If using a plugin, please upgrade to the latest version or report the issue to the plugin maintainer. To disable these warnings, set -Dmaven.project.sourceRoots.warningsDisabled=true on the command line, in the .mvn/maven.config file, or in project POM properties.
2026-06-11 16:27:48,882 [Worker-53: Building] WARN  o.apache.maven.project.MavenProject - Plugin is modifying compileSourceRoots through add(), which will not work in Maven 4.0.0. Use MavenProject.addCompileSourceRoot()/removeCompileSourceRoot() methods instead. If using a plugin, please upgrade to the latest version or report the issue to the plugin maintainer. To disable these warnings, set -Dmaven.project.sourceRoots.warningsDisabled=true on the command line, in the .mvn/maven.config file, or in project POM properties.
2026-06-11 16:27:48,882 [Worker-53: Building] WARN  o.apache.maven.project.MavenProject - Plugin is modifying testCompileSourceRoots through clear(), which will not work in Maven 4.0.0. Use MavenProject.addTestCompileSourceRoot()/removeTestCompileSourceRoot() methods instead. If using a plugin, please upgrade to the latest version or report the issue to the plugin maintainer. To disable these warnings, set -Dmaven.project.sourceRoots.warningsDisabled=true on the command line, in the .mvn/maven.config file, or in project POM properties.
2026-06-11 16:27:48,883 [Worker-53: Building] WARN  o.apache.maven.project.MavenProject - Plugin is modifying testCompileSourceRoots through add(), which will not work in Maven 4.0.0. Use MavenProject.addTestCompileSourceRoot()/removeTestCompileSourceRoot() methods instead. If using a plugin, please upgrade to the latest version or report the issue to the plugin maintainer. To disable these warnings, set -Dmaven.project.sourceRoots.warningsDisabled=true on the command line, in the .mvn/maven.config file, or in project POM properties.
2026-06-11 16:30:10,977 [Worker-53: Building] INFO  o.a.m.s.f.DefaultMavenResourcesFiltering - Copying 1 resource from src/main/resources to target/classes
2026-06-11 16:30:10,984 [Worker-53: Building] INFO  o.a.m.s.f.DefaultMavenResourcesFiltering - Copying 7 resources from src/main/resources to target/classes
2026-06-11 16:30:10,987 [Worker-53: Building] INFO  o.a.m.s.f.DefaultMavenResourcesFiltering - skip non existing resourceDirectory /Users/macbook/Documents/SpringBoot_SpringFramework/spring-boot-web/src/test/resources
2026-06-11 16:30:10,988 [Worker-53: Building] WARN  o.apache.maven.project.MavenProject - Plugin is modifying compileSourceRoots through clear(), which will not work in Maven 4.0.0. Use MavenProject.addCompileSourceRoot()/removeCompileSourceRoot() methods instead. If using a plugin, please upgrade to the latest version or report the issue to the plugin maintainer. To disable these warnings, set -Dmaven.project.sourceRoots.warningsDisabled=true on the command line, in the .mvn/maven.config file, or in project POM properties.
2026-06-11 16:30:10,988 [Worker-53: Building] WARN  o.apache.maven.project.MavenProject - Plugin is modifying compileSourceRoots through add(), which will not work in Maven 4.0.0. Use MavenProject.addCompileSourceRoot()/removeCompileSourceRoot() methods instead. If using a plugin, please upgrade to the latest version or report the issue to the plugin maintainer. To disable these warnings, set -Dmaven.project.sourceRoots.warningsDisabled=true on the command line, in the .mvn/maven.config file, or in project POM properties.
2026-06-11 16:30:10,988 [Worker-53: Building] WARN  o.apache.maven.project.MavenProject - Plugin is modifying testCompileSourceRoots through clear(), which will not work in Maven 4.0.0. Use MavenProject.addTestCompileSourceRoot()/removeTestCompileSourceRoot() methods instead. If using a plugin, please upgrade to the latest version or report the issue to the plugin maintainer. To disable these warnings, set -Dmaven.project.sourceRoots.warningsDisabled=true on the command line, in the .mvn/maven.config file, or in project POM properties.
2026-06-11 16:30:10,989 [Worker-53: Building] WARN  o.apache.maven.project.MavenProject - Plugin is modifying testCompileSourceRoots through add(), which will not work in Maven 4.0.0. Use MavenProject.addTestCompileSourceRoot()/removeTestCompileSourceRoot() methods instead. If using a plugin, please upgrade to the latest version or report the issue to the plugin maintainer. To disable these warnings, set -Dmaven.project.sourceRoots.warningsDisabled=true on the command line, in the .mvn/maven.config file, or in project POM properties.
2026-06-11 16:30:30,906 [Worker-55: Building] INFO  o.a.m.s.f.DefaultMavenResourcesFiltering - Copying 0 resource from src/main/resources to target/classes
2026-06-11 16:30:30,907 [Worker-55: Building] INFO  o.a.m.s.f.DefaultMavenResourcesFiltering - Copying 1 resource from src/main/resources to target/classes
2026-06-11 16:30:30,910 [Worker-55: Building] INFO  o.a.m.s.f.DefaultMavenResourcesFiltering - skip non existing resourceDirectory /Users/macbook/Documents/SpringBoot_SpringFramework/spring-boot-web/src/test/resources
2026-06-11 16:30:30,910 [Worker-55: Building] WARN  o.apache.maven.project.MavenProject - Plugin is modifying compileSourceRoots through clear(), which will not work in Maven 4.0.0. Use MavenProject.addCompileSourceRoot()/removeCompileSourceRoot() methods instead. If using a plugin, please upgrade to the latest version or report the issue to the plugin maintainer. To disable these warnings, set -Dmaven.project.sourceRoots.warningsDisabled=true on the command line, in the .mvn/maven.config file, or in project POM properties.
2026-06-11 16:30:30,910 [Worker-55: Building] WARN  o.apache.maven.project.MavenProject - Plugin is modifying compileSourceRoots through add(), which will not work in Maven 4.0.0. Use MavenProject.addCompileSourceRoot()/removeCompileSourceRoot() methods instead. If using a plugin, please upgrade to the latest version or report the issue to the plugin maintainer. To disable these warnings, set -Dmaven.project.sourceRoots.warningsDisabled=true on the command line, in the .mvn/maven.config file, or in project POM properties.
2026-06-11 16:30:30,911 [Worker-55: Building] WARN  o.apache.maven.project.MavenProject - Plugin is modifying testCompileSourceRoots through clear(), which will not work in Maven 4.0.0. Use MavenProject.addTestCompileSourceRoot()/removeTestCompileSourceRoot() methods instead. If using a plugin, please upgrade to the latest version or report the issue to the plugin maintainer. To disable these warnings, set -Dmaven.project.sourceRoots.warningsDisabled=true on the command line, in the .mvn/maven.config file, or in project POM properties.
2026-06-11 16:30:30,911 [Worker-55: Building] WARN  o.apache.maven.project.MavenProject - Plugin is modifying testCompileSourceRoots through add(), which will not work in Maven 4.0.0. Use MavenProject.addTestCompileSourceRoot()/removeTestCompileSourceRoot() methods instead. If using a plugin, please upgrade to the latest version or report the issue to the plugin maintainer. To disable these warnings, set -Dmaven.project.sourceRoots.warningsDisabled=true on the command line, in the .mvn/maven.config file, or in project POM properties.
2026-06-11 16:32:09,498 [Worker-53: Building] INFO  o.a.m.s.f.DefaultMavenResourcesFiltering - Copying 0 resource from src/main/resources to target/classes
2026-06-11 16:32:09,501 [Worker-53: Building] INFO  o.a.m.s.f.DefaultMavenResourcesFiltering - Copying 1 resource from src/main/resources to target/classes
2026-06-11 16:32:09,503 [Worker-53: Building] INFO  o.a.m.s.f.DefaultMavenResourcesFiltering - skip non existing resourceDirectory /Users/macbook/Documents/SpringBoot_SpringFramework/spring-boot-web/src/test/resources
2026-06-11 16:32:09,503 [Worker-53: Building] WARN  o.apache.maven.project.MavenProject - Plugin is modifying compileSourceRoots through clear(), which will not work in Maven 4.0.0. Use MavenProject.addCompileSourceRoot()/removeCompileSourceRoot() methods instead. If using a plugin, please upgrade to the latest version or report the issue to the plugin maintainer. To disable these warnings, set -Dmaven.project.sourceRoots.warningsDisabled=true on the command line, in the .mvn/maven.config file, or in project POM properties.
2026-06-11 16:32:09,504 [Worker-53: Building] WARN  o.apache.maven.project.MavenProject - Plugin is modifying compileSourceRoots through add(), which will not work in Maven 4.0.0. Use MavenProject.addCompileSourceRoot()/removeCompileSourceRoot() methods instead. If using a plugin, please upgrade to the latest version or report the issue to the plugin maintainer. To disable these warnings, set -Dmaven.project.sourceRoots.warningsDisabled=true on the command line, in the .mvn/maven.config file, or in project POM properties.
2026-06-11 16:32:09,505 [Worker-53: Building] WARN  o.apache.maven.project.MavenProject - Plugin is modifying testCompileSourceRoots through clear(), which will not work in Maven 4.0.0. Use MavenProject.addTestCompileSourceRoot()/removeTestCompileSourceRoot() methods instead. If using a plugin, please upgrade to the latest version or report the issue to the plugin maintainer. To disable these warnings, set -Dmaven.project.sourceRoots.warningsDisabled=true on the command line, in the .mvn/maven.config file, or in project POM properties.
2026-06-11 16:32:09,505 [Worker-53: Building] WARN  o.apache.maven.project.MavenProject - Plugin is modifying testCompileSourceRoots through add(), which will not work in Maven 4.0.0. Use MavenProject.addTestCompileSourceRoot()/removeTestCompileSourceRoot() methods instead. If using a plugin, please upgrade to the latest version or report the issue to the plugin maintainer. To disable these warnings, set -Dmaven.project.sourceRoots.warningsDisabled=true on the command line, in the .mvn/maven.config file, or in project POM properties.
2026-06-11 16:34:38,323 [Worker-53: Building] INFO  o.a.m.s.f.DefaultMavenResourcesFiltering - Copying 1 resource from src/main/resources to target/classes
2026-06-11 16:34:38,328 [Worker-53: Building] INFO  o.a.m.s.f.DefaultMavenResourcesFiltering - Copying 7 resources from src/main/resources to target/classes
2026-06-11 16:34:38,331 [Worker-53: Building] INFO  o.a.m.s.f.DefaultMavenResourcesFiltering - skip non existing resourceDirectory /Users/macbook/Documents/SpringBoot_SpringFramework/spring-boot-web/src/test/resources
2026-06-11 16:34:38,331 [Worker-53: Building] WARN  o.apache.maven.project.MavenProject - Plugin is modifying compileSourceRoots through clear(), which will not work in Maven 4.0.0. Use MavenProject.addCompileSourceRoot()/removeCompileSourceRoot() methods instead. If using a plugin, please upgrade to the latest version or report the issue to the plugin maintainer. To disable these warnings, set -Dmaven.project.sourceRoots.warningsDisabled=true on the command line, in the .mvn/maven.config file, or in project POM properties.
2026-06-11 16:34:38,332 [Worker-53: Building] WARN  o.apache.maven.project.MavenProject - Plugin is modifying compileSourceRoots through add(), which will not work in Maven 4.0.0. Use MavenProject.addCompileSourceRoot()/removeCompileSourceRoot() methods instead. If using a plugin, please upgrade to the latest version or report the issue to the plugin maintainer. To disable these warnings, set -Dmaven.project.sourceRoots.warningsDisabled=true on the command line, in the .mvn/maven.config file, or in project POM properties.
2026-06-11 16:34:38,332 [Worker-53: Building] WARN  o.apache.maven.project.MavenProject - Plugin is modifying testCompileSourceRoots through clear(), which will not work in Maven 4.0.0. Use MavenProject.addTestCompileSourceRoot()/removeTestCompileSourceRoot() methods instead. If using a plugin, please upgrade to the latest version or report the issue to the plugin maintainer. To disable these warnings, set -Dmaven.project.sourceRoots.warningsDisabled=true on the command line, in the .mvn/maven.config file, or in project POM properties.
2026-06-11 16:34:38,332 [Worker-53: Building] WARN  o.apache.maven.project.MavenProject - Plugin is modifying testCompileSourceRoots through add(), which will not work in Maven 4.0.0. Use MavenProject.addTestCompileSourceRoot()/removeTestCompileSourceRoot() methods instead. If using a plugin, please upgrade to the latest version or report the issue to the plugin maintainer. To disable these warnings, set -Dmaven.project.sourceRoots.warningsDisabled=true on the command line, in the .mvn/maven.config file, or in project POM properties.
2026-06-11 16:35:45,403 [Worker-58: Building] INFO  o.a.m.s.f.DefaultMavenResourcesFiltering - Copying 0 resource from src/main/resources to target/classes
2026-06-11 16:35:45,405 [Worker-58: Building] INFO  o.a.m.s.f.DefaultMavenResourcesFiltering - Copying 1 resource from src/main/resources to target/classes
2026-06-11 16:35:45,407 [Worker-58: Building] INFO  o.a.m.s.f.DefaultMavenResourcesFiltering - skip non existing resourceDirectory /Users/macbook/Documents/SpringBoot_SpringFramework/spring-boot-web/src/test/resources
2026-06-11 16:35:45,407 [Worker-58: Building] WARN  o.apache.maven.project.MavenProject - Plugin is modifying compileSourceRoots through clear(), which will not work in Maven 4.0.0. Use MavenProject.addCompileSourceRoot()/removeCompileSourceRoot() methods instead. If using a plugin, please upgrade to the latest version or report the issue to the plugin maintainer. To disable these warnings, set -Dmaven.project.sourceRoots.warningsDisabled=true on the command line, in the .mvn/maven.config file, or in project POM properties.
2026-06-11 16:35:45,408 [Worker-58: Building] WARN  o.apache.maven.project.MavenProject - Plugin is modifying compileSourceRoots through add(), which will not work in Maven 4.0.0. Use MavenProject.addCompileSourceRoot()/removeCompileSourceRoot() methods instead. If using a plugin, please upgrade to the latest version or report the issue to the plugin maintainer. To disable these warnings, set -Dmaven.project.sourceRoots.warningsDisabled=true on the command line, in the .mvn/maven.config file, or in project POM properties.
2026-06-11 16:35:45,408 [Worker-58: Building] WARN  o.apache.maven.project.MavenProject - Plugin is modifying testCompileSourceRoots through clear(), which will not work in Maven 4.0.0. Use MavenProject.addTestCompileSourceRoot()/removeTestCompileSourceRoot() methods instead. If using a plugin, please upgrade to the latest version or report the issue to the plugin maintainer. To disable these warnings, set -Dmaven.project.sourceRoots.warningsDisabled=true on the command line, in the .mvn/maven.config file, or in project POM properties.
2026-06-11 16:35:45,409 [Worker-58: Building] WARN  o.apache.maven.project.MavenProject - Plugin is modifying testCompileSourceRoots through add(), which will not work in Maven 4.0.0. Use MavenProject.addTestCompileSourceRoot()/removeTestCompileSourceRoot() methods instead. If using a plugin, please upgrade to the latest version or report the issue to the plugin maintainer. To disable these warnings, set -Dmaven.project.sourceRoots.warningsDisabled=true on the command line, in the .mvn/maven.config file, or in project POM properties.
2026-06-11 16:36:45,160 [Worker-60: Building] INFO  o.a.m.s.f.DefaultMavenResourcesFiltering - Copying 1 resource from src/main/resources to target/classes
2026-06-11 16:36:45,162 [Worker-60: Building] INFO  o.a.m.s.f.DefaultMavenResourcesFiltering - Copying 7 resources from src/main/resources to target/classes
2026-06-11 16:36:45,163 [Worker-60: Building] INFO  o.a.m.s.f.DefaultMavenResourcesFiltering - skip non existing resourceDirectory /Users/macbook/Documents/SpringBoot_SpringFramework/spring-boot-web/src/test/resources
2026-06-11 16:36:45,163 [Worker-60: Building] WARN  o.apache.maven.project.MavenProject - Plugin is modifying compileSourceRoots through clear(), which will not work in Maven 4.0.0. Use MavenProject.addCompileSourceRoot()/removeCompileSourceRoot() methods instead. If using a plugin, please upgrade to the latest version or report the issue to the plugin maintainer. To disable these warnings, set -Dmaven.project.sourceRoots.warningsDisabled=true on the command line, in the .mvn/maven.config file, or in project POM properties.
2026-06-11 16:36:45,164 [Worker-60: Building] WARN  o.apache.maven.project.MavenProject - Plugin is modifying compileSourceRoots through add(), which will not work in Maven 4.0.0. Use MavenProject.addCompileSourceRoot()/removeCompileSourceRoot() methods instead. If using a plugin, please upgrade to the latest version or report the issue to the plugin maintainer. To disable these warnings, set -Dmaven.project.sourceRoots.warningsDisabled=true on the command line, in the .mvn/maven.config file, or in project POM properties.
2026-06-11 16:36:45,164 [Worker-60: Building] WARN  o.apache.maven.project.MavenProject - Plugin is modifying testCompileSourceRoots through clear(), which will not work in Maven 4.0.0. Use MavenProject.addTestCompileSourceRoot()/removeTestCompileSourceRoot() methods instead. If using a plugin, please upgrade to the latest version or report the issue to the plugin maintainer. To disable these warnings, set -Dmaven.project.sourceRoots.warningsDisabled=true on the command line, in the .mvn/maven.config file, or in project POM properties.
2026-06-11 16:36:45,164 [Worker-60: Building] WARN  o.apache.maven.project.MavenProject - Plugin is modifying testCompileSourceRoots through add(), which will not work in Maven 4.0.0. Use MavenProject.addTestCompileSourceRoot()/removeTestCompileSourceRoot() methods instead. If using a plugin, please upgrade to the latest version or report the issue to the plugin maintainer. To disable these warnings, set -Dmaven.project.sourceRoots.warningsDisabled=true on the command line, in the .mvn/maven.config file, or in project POM properties.
2026-06-11 16:39:53,562 [Worker-61: Building] INFO  o.a.m.s.f.DefaultMavenResourcesFiltering - Copying 0 resource from src/main/resources to target/classes
2026-06-11 16:39:53,564 [Worker-61: Building] INFO  o.a.m.s.f.DefaultMavenResourcesFiltering - Copying 1 resource from src/main/resources to target/classes
2026-06-11 16:39:53,566 [Worker-61: Building] INFO  o.a.m.s.f.DefaultMavenResourcesFiltering - skip non existing resourceDirectory /Users/macbook/Documents/SpringBoot_SpringFramework/spring-boot-web/src/test/resources
2026-06-11 16:39:53,567 [Worker-61: Building] WARN  o.apache.maven.project.MavenProject - Plugin is modifying compileSourceRoots through clear(), which will not work in Maven 4.0.0. Use MavenProject.addCompileSourceRoot()/removeCompileSourceRoot() methods instead. If using a plugin, please upgrade to the latest version or report the issue to the plugin maintainer. To disable these warnings, set -Dmaven.project.sourceRoots.warningsDisabled=true on the command line, in the .mvn/maven.config file, or in project POM properties.
2026-06-11 16:39:53,568 [Worker-61: Building] WARN  o.apache.maven.project.MavenProject - Plugin is modifying compileSourceRoots through add(), which will not work in Maven 4.0.0. Use MavenProject.addCompileSourceRoot()/removeCompileSourceRoot() methods instead. If using a plugin, please upgrade to the latest version or report the issue to the plugin maintainer. To disable these warnings, set -Dmaven.project.sourceRoots.warningsDisabled=true on the command line, in the .mvn/maven.config file, or in project POM properties.
2026-06-11 16:39:53,568 [Worker-61: Building] WARN  o.apache.maven.project.MavenProject - Plugin is modifying testCompileSourceRoots through clear(), which will not work in Maven 4.0.0. Use MavenProject.addTestCompileSourceRoot()/removeTestCompileSourceRoot() methods instead. If using a plugin, please upgrade to the latest version or report the issue to the plugin maintainer. To disable these warnings, set -Dmaven.project.sourceRoots.warningsDisabled=true on the command line, in the .mvn/maven.config file, or in project POM properties.
2026-06-11 16:39:53,568 [Worker-61: Building] WARN  o.apache.maven.project.MavenProject - Plugin is modifying testCompileSourceRoots through add(), which will not work in Maven 4.0.0. Use MavenProject.addTestCompileSourceRoot()/removeTestCompileSourceRoot() methods instead. If using a plugin, please upgrade to the latest version or report the issue to the plugin maintainer. To disable these warnings, set -Dmaven.project.sourceRoots.warningsDisabled=true on the command line, in the .mvn/maven.config file, or in project POM properties.
2026-06-11 16:41:12,952 [Worker-62: Building] INFO  o.a.m.s.f.DefaultMavenResourcesFiltering - Copying 0 resource from src/main/resources to target/classes
2026-06-11 16:41:12,954 [Worker-62: Building] INFO  o.a.m.s.f.DefaultMavenResourcesFiltering - Copying 1 resource from src/main/resources to target/classes
2026-06-11 16:41:12,956 [Worker-62: Building] INFO  o.a.m.s.f.DefaultMavenResourcesFiltering - skip non existing resourceDirectory /Users/macbook/Documents/SpringBoot_SpringFramework/spring-boot-web/src/test/resources
2026-06-11 16:41:12,956 [Worker-62: Building] WARN  o.apache.maven.project.MavenProject - Plugin is modifying compileSourceRoots through clear(), which will not work in Maven 4.0.0. Use MavenProject.addCompileSourceRoot()/removeCompileSourceRoot() methods instead. If using a plugin, please upgrade to the latest version or report the issue to the plugin maintainer. To disable these warnings, set -Dmaven.project.sourceRoots.warningsDisabled=true on the command line, in the .mvn/maven.config file, or in project POM properties.
2026-06-11 16:41:12,957 [Worker-62: Building] WARN  o.apache.maven.project.MavenProject - Plugin is modifying compileSourceRoots through add(), which will not work in Maven 4.0.0. Use MavenProject.addCompileSourceRoot()/removeCompileSourceRoot() methods instead. If using a plugin, please upgrade to the latest version or report the issue to the plugin maintainer. To disable these warnings, set -Dmaven.project.sourceRoots.warningsDisabled=true on the command line, in the .mvn/maven.config file, or in project POM properties.
2026-06-11 16:41:12,957 [Worker-62: Building] WARN  o.apache.maven.project.MavenProject - Plugin is modifying testCompileSourceRoots through clear(), which will not work in Maven 4.0.0. Use MavenProject.addTestCompileSourceRoot()/removeTestCompileSourceRoot() methods instead. If using a plugin, please upgrade to the latest version or report the issue to the plugin maintainer. To disable these warnings, set -Dmaven.project.sourceRoots.warningsDisabled=true on the command line, in the .mvn/maven.config file, or in project POM properties.
2026-06-11 16:41:12,957 [Worker-62: Building] WARN  o.apache.maven.project.MavenProject - Plugin is modifying testCompileSourceRoots through add(), which will not work in Maven 4.0.0. Use MavenProject.addTestCompileSourceRoot()/removeTestCompileSourceRoot() methods instead. If using a plugin, please upgrade to the latest version or report the issue to the plugin maintainer. To disable these warnings, set -Dmaven.project.sourceRoots.warningsDisabled=true on the command line, in the .mvn/maven.config file, or in project POM properties.
2026-06-11 16:42:09,253 [Worker-62: Building] INFO  o.a.m.s.f.DefaultMavenResourcesFiltering - Copying 0 resource from src/main/resources to target/classes
2026-06-11 16:42:09,254 [Worker-62: Building] INFO  o.a.m.s.f.DefaultMavenResourcesFiltering - Copying 1 resource from src/main/resources to target/classes
2026-06-11 16:42:09,257 [Worker-62: Building] INFO  o.a.m.s.f.DefaultMavenResourcesFiltering - skip non existing resourceDirectory /Users/macbook/Documents/SpringBoot_SpringFramework/spring-boot-web/src/test/resources
2026-06-11 16:42:09,257 [Worker-62: Building] WARN  o.apache.maven.project.MavenProject - Plugin is modifying compileSourceRoots through clear(), which will not work in Maven 4.0.0. Use MavenProject.addCompileSourceRoot()/removeCompileSourceRoot() methods instead. If using a plugin, please upgrade to the latest version or report the issue to the plugin maintainer. To disable these warnings, set -Dmaven.project.sourceRoots.warningsDisabled=true on the command line, in the .mvn/maven.config file, or in project POM properties.
2026-06-11 16:42:09,258 [Worker-62: Building] WARN  o.apache.maven.project.MavenProject - Plugin is modifying compileSourceRoots through add(), which will not work in Maven 4.0.0. Use MavenProject.addCompileSourceRoot()/removeCompileSourceRoot() methods instead. If using a plugin, please upgrade to the latest version or report the issue to the plugin maintainer. To disable these warnings, set -Dmaven.project.sourceRoots.warningsDisabled=true on the command line, in the .mvn/maven.config file, or in project POM properties.
2026-06-11 16:42:09,258 [Worker-62: Building] WARN  o.apache.maven.project.MavenProject - Plugin is modifying testCompileSourceRoots through clear(), which will not work in Maven 4.0.0. Use MavenProject.addTestCompileSourceRoot()/removeTestCompileSourceRoot() methods instead. If using a plugin, please upgrade to the latest version or report the issue to the plugin maintainer. To disable these warnings, set -Dmaven.project.sourceRoots.warningsDisabled=true on the command line, in the .mvn/maven.config file, or in project POM properties.
2026-06-11 16:42:09,258 [Worker-62: Building] WARN  o.apache.maven.project.MavenProject - Plugin is modifying testCompileSourceRoots through add(), which will not work in Maven 4.0.0. Use MavenProject.addTestCompileSourceRoot()/removeTestCompileSourceRoot() methods instead. If using a plugin, please upgrade to the latest version or report the issue to the plugin maintainer. To disable these warnings, set -Dmaven.project.sourceRoots.warningsDisabled=true on the command line, in the .mvn/maven.config file, or in project POM properties.
2026-06-11 16:43:14,499 [Worker-58: Building] INFO  o.a.m.s.f.DefaultMavenResourcesFiltering - Copying 0 resource from src/main/resources to target/classes
2026-06-11 16:43:14,500 [Worker-58: Building] INFO  o.a.m.s.f.DefaultMavenResourcesFiltering - Copying 1 resource from src/main/resources to target/classes
2026-06-11 16:43:14,502 [Worker-58: Building] INFO  o.a.m.s.f.DefaultMavenResourcesFiltering - skip non existing resourceDirectory /Users/macbook/Documents/SpringBoot_SpringFramework/spring-boot-web/src/test/resources
2026-06-11 16:43:14,503 [Worker-58: Building] WARN  o.apache.maven.project.MavenProject - Plugin is modifying compileSourceRoots through clear(), which will not work in Maven 4.0.0. Use MavenProject.addCompileSourceRoot()/removeCompileSourceRoot() methods instead. If using a plugin, please upgrade to the latest version or report the issue to the plugin maintainer. To disable these warnings, set -Dmaven.project.sourceRoots.warningsDisabled=true on the command line, in the .mvn/maven.config file, or in project POM properties.
2026-06-11 16:43:14,503 [Worker-58: Building] WARN  o.apache.maven.project.MavenProject - Plugin is modifying compileSourceRoots through add(), which will not work in Maven 4.0.0. Use MavenProject.addCompileSourceRoot()/removeCompileSourceRoot() methods instead. If using a plugin, please upgrade to the latest version or report the issue to the plugin maintainer. To disable these warnings, set -Dmaven.project.sourceRoots.warningsDisabled=true on the command line, in the .mvn/maven.config file, or in project POM properties.
2026-06-11 16:43:14,504 [Worker-58: Building] WARN  o.apache.maven.project.MavenProject - Plugin is modifying testCompileSourceRoots through clear(), which will not work in Maven 4.0.0. Use MavenProject.addTestCompileSourceRoot()/removeTestCompileSourceRoot() methods instead. If using a plugin, please upgrade to the latest version or report the issue to the plugin maintainer. To disable these warnings, set -Dmaven.project.sourceRoots.warningsDisabled=true on the command line, in the .mvn/maven.config file, or in project POM properties.
2026-06-11 16:43:14,504 [Worker-58: Building] WARN  o.apache.maven.project.MavenProject - Plugin is modifying testCompileSourceRoots through add(), which will not work in Maven 4.0.0. Use MavenProject.addTestCompileSourceRoot()/removeTestCompileSourceRoot() methods instead. If using a plugin, please upgrade to the latest version or report the issue to the plugin maintainer. To disable these warnings, set -Dmaven.project.sourceRoots.warningsDisabled=true on the command line, in the .mvn/maven.config file, or in project POM properties.
2026-06-11 16:44:35,918 [Worker-58: Building] INFO  o.a.m.s.f.DefaultMavenResourcesFiltering - Copying 0 resource from src/main/resources to target/classes
2026-06-11 16:44:35,919 [Worker-58: Building] INFO  o.a.m.s.f.DefaultMavenResourcesFiltering - Copying 1 resource from src/main/resources to target/classes
2026-06-11 16:44:35,921 [Worker-58: Building] INFO  o.a.m.s.f.DefaultMavenResourcesFiltering - skip non existing resourceDirectory /Users/macbook/Documents/SpringBoot_SpringFramework/spring-boot-web/src/test/resources
2026-06-11 16:44:35,922 [Worker-58: Building] WARN  o.apache.maven.project.MavenProject - Plugin is modifying compileSourceRoots through clear(), which will not work in Maven 4.0.0. Use MavenProject.addCompileSourceRoot()/removeCompileSourceRoot() methods instead. If using a plugin, please upgrade to the latest version or report the issue to the plugin maintainer. To disable these warnings, set -Dmaven.project.sourceRoots.warningsDisabled=true on the command line, in the .mvn/maven.config file, or in project POM properties.
2026-06-11 16:44:35,922 [Worker-58: Building] WARN  o.apache.maven.project.MavenProject - Plugin is modifying compileSourceRoots through add(), which will not work in Maven 4.0.0. Use MavenProject.addCompileSourceRoot()/removeCompileSourceRoot() methods instead. If using a plugin, please upgrade to the latest version or report the issue to the plugin maintainer. To disable these warnings, set -Dmaven.project.sourceRoots.warningsDisabled=true on the command line, in the .mvn/maven.config file, or in project POM properties.
2026-06-11 16:44:35,923 [Worker-58: Building] WARN  o.apache.maven.project.MavenProject - Plugin is modifying testCompileSourceRoots through clear(), which will not work in Maven 4.0.0. Use MavenProject.addTestCompileSourceRoot()/removeTestCompileSourceRoot() methods instead. If using a plugin, please upgrade to the latest version or report the issue to the plugin maintainer. To disable these warnings, set -Dmaven.project.sourceRoots.warningsDisabled=true on the command line, in the .mvn/maven.config file, or in project POM properties.
2026-06-11 16:44:35,923 [Worker-58: Building] WARN  o.apache.maven.project.MavenProject - Plugin is modifying testCompileSourceRoots through add(), which will not work in Maven 4.0.0. Use MavenProject.addTestCompileSourceRoot()/removeTestCompileSourceRoot() methods instead. If using a plugin, please upgrade to the latest version or report the issue to the plugin maintainer. To disable these warnings, set -Dmaven.project.sourceRoots.warningsDisabled=true on the command line, in the .mvn/maven.config file, or in project POM properties.
2026-06-11 16:45:52,957 [Worker-63: Building] INFO  o.a.m.s.f.DefaultMavenResourcesFiltering - Copying 0 resource from src/main/resources to target/classes
2026-06-11 16:45:52,958 [Worker-63: Building] INFO  o.a.m.s.f.DefaultMavenResourcesFiltering - Copying 1 resource from src/main/resources to target/classes
2026-06-11 16:45:52,960 [Worker-63: Building] INFO  o.a.m.s.f.DefaultMavenResourcesFiltering - skip non existing resourceDirectory /Users/macbook/Documents/SpringBoot_SpringFramework/spring-boot-web/src/test/resources
2026-06-11 16:45:52,960 [Worker-63: Building] WARN  o.apache.maven.project.MavenProject - Plugin is modifying compileSourceRoots through clear(), which will not work in Maven 4.0.0. Use MavenProject.addCompileSourceRoot()/removeCompileSourceRoot() methods instead. If using a plugin, please upgrade to the latest version or report the issue to the plugin maintainer. To disable these warnings, set -Dmaven.project.sourceRoots.warningsDisabled=true on the command line, in the .mvn/maven.config file, or in project POM properties.
2026-06-11 16:45:52,960 [Worker-63: Building] WARN  o.apache.maven.project.MavenProject - Plugin is modifying compileSourceRoots through add(), which will not work in Maven 4.0.0. Use MavenProject.addCompileSourceRoot()/removeCompileSourceRoot() methods instead. If using a plugin, please upgrade to the latest version or report the issue to the plugin maintainer. To disable these warnings, set -Dmaven.project.sourceRoots.warningsDisabled=true on the command line, in the .mvn/maven.config file, or in project POM properties.
2026-06-11 16:45:52,961 [Worker-63: Building] WARN  o.apache.maven.project.MavenProject - Plugin is modifying testCompileSourceRoots through clear(), which will not work in Maven 4.0.0. Use MavenProject.addTestCompileSourceRoot()/removeTestCompileSourceRoot() methods instead. If using a plugin, please upgrade to the latest version or report the issue to the plugin maintainer. To disable these warnings, set -Dmaven.project.sourceRoots.warningsDisabled=true on the command line, in the .mvn/maven.config file, or in project POM properties.
2026-06-11 16:45:52,961 [Worker-63: Building] WARN  o.apache.maven.project.MavenProject - Plugin is modifying testCompileSourceRoots through add(), which will not work in Maven 4.0.0. Use MavenProject.addTestCompileSourceRoot()/removeTestCompileSourceRoot() methods instead. If using a plugin, please upgrade to the latest version or report the issue to the plugin maintainer. To disable these warnings, set -Dmaven.project.sourceRoots.warningsDisabled=true on the command line, in the .mvn/maven.config file, or in project POM properties.
2026-06-11 16:46:40,406 [Worker-62: Building] INFO  o.a.m.s.f.DefaultMavenResourcesFiltering - Copying 0 resource from src/main/resources to target/classes
2026-06-11 16:46:40,409 [Worker-62: Building] INFO  o.a.m.s.f.DefaultMavenResourcesFiltering - Copying 1 resource from src/main/resources to target/classes
2026-06-11 16:46:40,411 [Worker-62: Building] INFO  o.a.m.s.f.DefaultMavenResourcesFiltering - skip non existing resourceDirectory /Users/macbook/Documents/SpringBoot_SpringFramework/spring-boot-web/src/test/resources
2026-06-11 16:46:40,411 [Worker-62: Building] WARN  o.apache.maven.project.MavenProject - Plugin is modifying compileSourceRoots through clear(), which will not work in Maven 4.0.0. Use MavenProject.addCompileSourceRoot()/removeCompileSourceRoot() methods instead. If using a plugin, please upgrade to the latest version or report the issue to the plugin maintainer. To disable these warnings, set -Dmaven.project.sourceRoots.warningsDisabled=true on the command line, in the .mvn/maven.config file, or in project POM properties.
2026-06-11 16:46:40,412 [Worker-62: Building] WARN  o.apache.maven.project.MavenProject - Plugin is modifying compileSourceRoots through add(), which will not work in Maven 4.0.0. Use MavenProject.addCompileSourceRoot()/removeCompileSourceRoot() methods instead. If using a plugin, please upgrade to the latest version or report the issue to the plugin maintainer. To disable these warnings, set -Dmaven.project.sourceRoots.warningsDisabled=true on the command line, in the .mvn/maven.config file, or in project POM properties.
2026-06-11 16:46:40,412 [Worker-62: Building] WARN  o.apache.maven.project.MavenProject - Plugin is modifying testCompileSourceRoots through clear(), which will not work in Maven 4.0.0. Use MavenProject.addTestCompileSourceRoot()/removeTestCompileSourceRoot() methods instead. If using a plugin, please upgrade to the latest version or report the issue to the plugin maintainer. To disable these warnings, set -Dmaven.project.sourceRoots.warningsDisabled=true on the command line, in the .mvn/maven.config file, or in project POM properties.
2026-06-11 16:46:40,413 [Worker-62: Building] WARN  o.apache.maven.project.MavenProject - Plugin is modifying testCompileSourceRoots through add(), which will not work in Maven 4.0.0. Use MavenProject.addTestCompileSourceRoot()/removeTestCompileSourceRoot() methods instead. If using a plugin, please upgrade to the latest version or report the issue to the plugin maintainer. To disable these warnings, set -Dmaven.project.sourceRoots.warningsDisabled=true on the command line, in the .mvn/maven.config file, or in project POM properties.
2026-06-11 16:49:32,179 [Worker-66: Building] INFO  o.a.m.s.f.DefaultMavenResourcesFiltering - Copying 0 resource from src/main/resources to target/classes
2026-06-11 16:49:32,180 [Worker-66: Building] INFO  o.a.m.s.f.DefaultMavenResourcesFiltering - Copying 1 resource from src/main/resources to target/classes
2026-06-11 16:49:32,181 [Worker-66: Building] INFO  o.a.m.s.f.DefaultMavenResourcesFiltering - skip non existing resourceDirectory /Users/macbook/Documents/SpringBoot_SpringFramework/spring-boot-web/src/test/resources
2026-06-11 16:49:32,181 [Worker-66: Building] WARN  o.apache.maven.project.MavenProject - Plugin is modifying compileSourceRoots through clear(), which will not work in Maven 4.0.0. Use MavenProject.addCompileSourceRoot()/removeCompileSourceRoot() methods instead. If using a plugin, please upgrade to the latest version or report the issue to the plugin maintainer. To disable these warnings, set -Dmaven.project.sourceRoots.warningsDisabled=true on the command line, in the .mvn/maven.config file, or in project POM properties.
2026-06-11 16:49:32,182 [Worker-66: Building] WARN  o.apache.maven.project.MavenProject - Plugin is modifying compileSourceRoots through add(), which will not work in Maven 4.0.0. Use MavenProject.addCompileSourceRoot()/removeCompileSourceRoot() methods instead. If using a plugin, please upgrade to the latest version or report the issue to the plugin maintainer. To disable these warnings, set -Dmaven.project.sourceRoots.warningsDisabled=true on the command line, in the .mvn/maven.config file, or in project POM properties.
2026-06-11 16:49:32,182 [Worker-66: Building] WARN  o.apache.maven.project.MavenProject - Plugin is modifying testCompileSourceRoots through clear(), which will not work in Maven 4.0.0. Use MavenProject.addTestCompileSourceRoot()/removeTestCompileSourceRoot() methods instead. If using a plugin, please upgrade to the latest version or report the issue to the plugin maintainer. To disable these warnings, set -Dmaven.project.sourceRoots.warningsDisabled=true on the command line, in the .mvn/maven.config file, or in project POM properties.
2026-06-11 16:49:32,182 [Worker-66: Building] WARN  o.apache.maven.project.MavenProject - Plugin is modifying testCompileSourceRoots through add(), which will not work in Maven 4.0.0. Use MavenProject.addTestCompileSourceRoot()/removeTestCompileSourceRoot() methods instead. If using a plugin, please upgrade to the latest version or report the issue to the plugin maintainer. To disable these warnings, set -Dmaven.project.sourceRoots.warningsDisabled=true on the command line, in the .mvn/maven.config file, or in project POM properties.
2026-06-11 16:51:33,397 [Worker-63: Building] INFO  o.a.m.s.f.DefaultMavenResourcesFiltering - Copying 0 resource from src/main/resources to target/classes
2026-06-11 16:51:33,398 [Worker-63: Building] INFO  o.a.m.s.f.DefaultMavenResourcesFiltering - Copying 1 resource from src/main/resources to target/classes
2026-06-11 16:51:33,400 [Worker-63: Building] INFO  o.a.m.s.f.DefaultMavenResourcesFiltering - skip non existing resourceDirectory /Users/macbook/Documents/SpringBoot_SpringFramework/spring-boot-web/src/test/resources
2026-06-11 16:51:33,401 [Worker-63: Building] WARN  o.apache.maven.project.MavenProject - Plugin is modifying compileSourceRoots through clear(), which will not work in Maven 4.0.0. Use MavenProject.addCompileSourceRoot()/removeCompileSourceRoot() methods instead. If using a plugin, please upgrade to the latest version or report the issue to the plugin maintainer. To disable these warnings, set -Dmaven.project.sourceRoots.warningsDisabled=true on the command line, in the .mvn/maven.config file, or in project POM properties.
2026-06-11 16:51:33,401 [Worker-63: Building] WARN  o.apache.maven.project.MavenProject - Plugin is modifying compileSourceRoots through add(), which will not work in Maven 4.0.0. Use MavenProject.addCompileSourceRoot()/removeCompileSourceRoot() methods instead. If using a plugin, please upgrade to the latest version or report the issue to the plugin maintainer. To disable these warnings, set -Dmaven.project.sourceRoots.warningsDisabled=true on the command line, in the .mvn/maven.config file, or in project POM properties.
2026-06-11 16:51:33,402 [Worker-63: Building] WARN  o.apache.maven.project.MavenProject - Plugin is modifying testCompileSourceRoots through clear(), which will not work in Maven 4.0.0. Use MavenProject.addTestCompileSourceRoot()/removeTestCompileSourceRoot() methods instead. If using a plugin, please upgrade to the latest version or report the issue to the plugin maintainer. To disable these warnings, set -Dmaven.project.sourceRoots.warningsDisabled=true on the command line, in the .mvn/maven.config file, or in project POM properties.
2026-06-11 16:51:33,402 [Worker-63: Building] WARN  o.apache.maven.project.MavenProject - Plugin is modifying testCompileSourceRoots through add(), which will not work in Maven 4.0.0. Use MavenProject.addTestCompileSourceRoot()/removeTestCompileSourceRoot() methods instead. If using a plugin, please upgrade to the latest version or report the issue to the plugin maintainer. To disable these warnings, set -Dmaven.project.sourceRoots.warningsDisabled=true on the command line, in the .mvn/maven.config file, or in project POM properties.
2026-06-11 16:52:26,825 [Worker-69: Building] INFO  o.a.m.s.f.DefaultMavenResourcesFiltering - Copying 0 resource from src/main/resources to target/classes
2026-06-11 16:52:26,826 [Worker-69: Building] INFO  o.a.m.s.f.DefaultMavenResourcesFiltering - Copying 1 resource from src/main/resources to target/classes
2026-06-11 16:52:26,828 [Worker-69: Building] INFO  o.a.m.s.f.DefaultMavenResourcesFiltering - skip non existing resourceDirectory /Users/macbook/Documents/SpringBoot_SpringFramework/spring-boot-web/src/test/resources
2026-06-11 16:52:26,828 [Worker-69: Building] WARN  o.apache.maven.project.MavenProject - Plugin is modifying compileSourceRoots through clear(), which will not work in Maven 4.0.0. Use MavenProject.addCompileSourceRoot()/removeCompileSourceRoot() methods instead. If using a plugin, please upgrade to the latest version or report the issue to the plugin maintainer. To disable these warnings, set -Dmaven.project.sourceRoots.warningsDisabled=true on the command line, in the .mvn/maven.config file, or in project POM properties.
2026-06-11 16:52:26,829 [Worker-69: Building] WARN  o.apache.maven.project.MavenProject - Plugin is modifying compileSourceRoots through add(), which will not work in Maven 4.0.0. Use MavenProject.addCompileSourceRoot()/removeCompileSourceRoot() methods instead. If using a plugin, please upgrade to the latest version or report the issue to the plugin maintainer. To disable these warnings, set -Dmaven.project.sourceRoots.warningsDisabled=true on the command line, in the .mvn/maven.config file, or in project POM properties.
2026-06-11 16:52:26,829 [Worker-69: Building] WARN  o.apache.maven.project.MavenProject - Plugin is modifying testCompileSourceRoots through clear(), which will not work in Maven 4.0.0. Use MavenProject.addTestCompileSourceRoot()/removeTestCompileSourceRoot() methods instead. If using a plugin, please upgrade to the latest version or report the issue to the plugin maintainer. To disable these warnings, set -Dmaven.project.sourceRoots.warningsDisabled=true on the command line, in the .mvn/maven.config file, or in project POM properties.
2026-06-11 16:52:26,829 [Worker-69: Building] WARN  o.apache.maven.project.MavenProject - Plugin is modifying testCompileSourceRoots through add(), which will not work in Maven 4.0.0. Use MavenProject.addTestCompileSourceRoot()/removeTestCompileSourceRoot() methods instead. If using a plugin, please upgrade to the latest version or report the issue to the plugin maintainer. To disable these warnings, set -Dmaven.project.sourceRoots.warningsDisabled=true on the command line, in the .mvn/maven.config file, or in project POM properties.
2026-06-11 16:54:33,050 [Worker-64: Building] INFO  o.a.m.s.f.DefaultMavenResourcesFiltering - Copying 0 resource from src/main/resources to target/classes
2026-06-11 16:54:33,052 [Worker-64: Building] INFO  o.a.m.s.f.DefaultMavenResourcesFiltering - Copying 1 resource from src/main/resources to target/classes
2026-06-11 16:54:33,054 [Worker-64: Building] INFO  o.a.m.s.f.DefaultMavenResourcesFiltering - skip non existing resourceDirectory /Users/macbook/Documents/SpringBoot_SpringFramework/spring-boot-web/src/test/resources
2026-06-11 16:54:33,054 [Worker-64: Building] WARN  o.apache.maven.project.MavenProject - Plugin is modifying compileSourceRoots through clear(), which will not work in Maven 4.0.0. Use MavenProject.addCompileSourceRoot()/removeCompileSourceRoot() methods instead. If using a plugin, please upgrade to the latest version or report the issue to the plugin maintainer. To disable these warnings, set -Dmaven.project.sourceRoots.warningsDisabled=true on the command line, in the .mvn/maven.config file, or in project POM properties.
2026-06-11 16:54:33,055 [Worker-64: Building] WARN  o.apache.maven.project.MavenProject - Plugin is modifying compileSourceRoots through add(), which will not work in Maven 4.0.0. Use MavenProject.addCompileSourceRoot()/removeCompileSourceRoot() methods instead. If using a plugin, please upgrade to the latest version or report the issue to the plugin maintainer. To disable these warnings, set -Dmaven.project.sourceRoots.warningsDisabled=true on the command line, in the .mvn/maven.config file, or in project POM properties.
2026-06-11 16:54:33,055 [Worker-64: Building] WARN  o.apache.maven.project.MavenProject - Plugin is modifying testCompileSourceRoots through clear(), which will not work in Maven 4.0.0. Use MavenProject.addTestCompileSourceRoot()/removeTestCompileSourceRoot() methods instead. If using a plugin, please upgrade to the latest version or report the issue to the plugin maintainer. To disable these warnings, set -Dmaven.project.sourceRoots.warningsDisabled=true on the command line, in the .mvn/maven.config file, or in project POM properties.
2026-06-11 16:54:33,055 [Worker-64: Building] WARN  o.apache.maven.project.MavenProject - Plugin is modifying testCompileSourceRoots through add(), which will not work in Maven 4.0.0. Use MavenProject.addTestCompileSourceRoot()/removeTestCompileSourceRoot() methods instead. If using a plugin, please upgrade to the latest version or report the issue to the plugin maintainer. To disable these warnings, set -Dmaven.project.sourceRoots.warningsDisabled=true on the command line, in the .mvn/maven.config file, or in project POM properties.
2026-06-11 16:56:29,176 [Worker-68: Building] INFO  o.a.m.s.f.DefaultMavenResourcesFiltering - Copying 0 resource from src/main/resources to target/classes
2026-06-11 16:56:29,178 [Worker-68: Building] INFO  o.a.m.s.f.DefaultMavenResourcesFiltering - Copying 1 resource from src/main/resources to target/classes
2026-06-11 16:56:29,181 [Worker-68: Building] INFO  o.a.m.s.f.DefaultMavenResourcesFiltering - skip non existing resourceDirectory /Users/macbook/Documents/SpringBoot_SpringFramework/spring-boot-web/src/test/resources
2026-06-11 16:56:29,181 [Worker-68: Building] WARN  o.apache.maven.project.MavenProject - Plugin is modifying compileSourceRoots through clear(), which will not work in Maven 4.0.0. Use MavenProject.addCompileSourceRoot()/removeCompileSourceRoot() methods instead. If using a plugin, please upgrade to the latest version or report the issue to the plugin maintainer. To disable these warnings, set -Dmaven.project.sourceRoots.warningsDisabled=true on the command line, in the .mvn/maven.config file, or in project POM properties.
2026-06-11 16:56:29,182 [Worker-68: Building] WARN  o.apache.maven.project.MavenProject - Plugin is modifying compileSourceRoots through add(), which will not work in Maven 4.0.0. Use MavenProject.addCompileSourceRoot()/removeCompileSourceRoot() methods instead. If using a plugin, please upgrade to the latest version or report the issue to the plugin maintainer. To disable these warnings, set -Dmaven.project.sourceRoots.warningsDisabled=true on the command line, in the .mvn/maven.config file, or in project POM properties.
2026-06-11 16:56:29,182 [Worker-68: Building] WARN  o.apache.maven.project.MavenProject - Plugin is modifying testCompileSourceRoots through clear(), which will not work in Maven 4.0.0. Use MavenProject.addTestCompileSourceRoot()/removeTestCompileSourceRoot() methods instead. If using a plugin, please upgrade to the latest version or report the issue to the plugin maintainer. To disable these warnings, set -Dmaven.project.sourceRoots.warningsDisabled=true on the command line, in the .mvn/maven.config file, or in project POM properties.
2026-06-11 16:56:29,183 [Worker-68: Building] WARN  o.apache.maven.project.MavenProject - Plugin is modifying testCompileSourceRoots through add(), which will not work in Maven 4.0.0. Use MavenProject.addTestCompileSourceRoot()/removeTestCompileSourceRoot() methods instead. If using a plugin, please upgrade to the latest version or report the issue to the plugin maintainer. To disable these warnings, set -Dmaven.project.sourceRoots.warningsDisabled=true on the command line, in the .mvn/maven.config file, or in project POM properties.
2026-06-11 16:57:44,412 [Worker-63: Building] INFO  o.a.m.s.f.DefaultMavenResourcesFiltering - Copying 0 resource from src/main/resources to target/classes
2026-06-11 16:57:44,413 [Worker-63: Building] INFO  o.a.m.s.f.DefaultMavenResourcesFiltering - Copying 1 resource from src/main/resources to target/classes
2026-06-11 16:57:44,415 [Worker-63: Building] INFO  o.a.m.s.f.DefaultMavenResourcesFiltering - skip non existing resourceDirectory /Users/macbook/Documents/SpringBoot_SpringFramework/spring-boot-web/src/test/resources
2026-06-11 16:57:44,415 [Worker-63: Building] WARN  o.apache.maven.project.MavenProject - Plugin is modifying compileSourceRoots through clear(), which will not work in Maven 4.0.0. Use MavenProject.addCompileSourceRoot()/removeCompileSourceRoot() methods instead. If using a plugin, please upgrade to the latest version or report the issue to the plugin maintainer. To disable these warnings, set -Dmaven.project.sourceRoots.warningsDisabled=true on the command line, in the .mvn/maven.config file, or in project POM properties.
2026-06-11 16:57:44,416 [Worker-63: Building] WARN  o.apache.maven.project.MavenProject - Plugin is modifying compileSourceRoots through add(), which will not work in Maven 4.0.0. Use MavenProject.addCompileSourceRoot()/removeCompileSourceRoot() methods instead. If using a plugin, please upgrade to the latest version or report the issue to the plugin maintainer. To disable these warnings, set -Dmaven.project.sourceRoots.warningsDisabled=true on the command line, in the .mvn/maven.config file, or in project POM properties.
2026-06-11 16:57:44,416 [Worker-63: Building] WARN  o.apache.maven.project.MavenProject - Plugin is modifying testCompileSourceRoots through clear(), which will not work in Maven 4.0.0. Use MavenProject.addTestCompileSourceRoot()/removeTestCompileSourceRoot() methods instead. If using a plugin, please upgrade to the latest version or report the issue to the plugin maintainer. To disable these warnings, set -Dmaven.project.sourceRoots.warningsDisabled=true on the command line, in the .mvn/maven.config file, or in project POM properties.
2026-06-11 16:57:44,416 [Worker-63: Building] WARN  o.apache.maven.project.MavenProject - Plugin is modifying testCompileSourceRoots through add(), which will not work in Maven 4.0.0. Use MavenProject.addTestCompileSourceRoot()/removeTestCompileSourceRoot() methods instead. If using a plugin, please upgrade to the latest version or report the issue to the plugin maintainer. To disable these warnings, set -Dmaven.project.sourceRoots.warningsDisabled=true on the command line, in the .mvn/maven.config file, or in project POM properties.
2026-06-11 16:59:31,396 [Worker-63: Building] INFO  o.a.m.s.f.DefaultMavenResourcesFiltering - Copying 0 resource from src/main/resources to target/classes
2026-06-11 16:59:31,397 [Worker-63: Building] INFO  o.a.m.s.f.DefaultMavenResourcesFiltering - Copying 1 resource from src/main/resources to target/classes
2026-06-11 16:59:31,399 [Worker-63: Building] INFO  o.a.m.s.f.DefaultMavenResourcesFiltering - skip non existing resourceDirectory /Users/macbook/Documents/SpringBoot_SpringFramework/spring-boot-web/src/test/resources
2026-06-11 16:59:31,400 [Worker-63: Building] WARN  o.apache.maven.project.MavenProject - Plugin is modifying compileSourceRoots through clear(), which will not work in Maven 4.0.0. Use MavenProject.addCompileSourceRoot()/removeCompileSourceRoot() methods instead. If using a plugin, please upgrade to the latest version or report the issue to the plugin maintainer. To disable these warnings, set -Dmaven.project.sourceRoots.warningsDisabled=true on the command line, in the .mvn/maven.config file, or in project POM properties.
2026-06-11 16:59:31,400 [Worker-63: Building] WARN  o.apache.maven.project.MavenProject - Plugin is modifying compileSourceRoots through add(), which will not work in Maven 4.0.0. Use MavenProject.addCompileSourceRoot()/removeCompileSourceRoot() methods instead. If using a plugin, please upgrade to the latest version or report the issue to the plugin maintainer. To disable these warnings, set -Dmaven.project.sourceRoots.warningsDisabled=true on the command line, in the .mvn/maven.config file, or in project POM properties.
2026-06-11 16:59:31,401 [Worker-63: Building] WARN  o.apache.maven.project.MavenProject - Plugin is modifying testCompileSourceRoots through clear(), which will not work in Maven 4.0.0. Use MavenProject.addTestCompileSourceRoot()/removeTestCompileSourceRoot() methods instead. If using a plugin, please upgrade to the latest version or report the issue to the plugin maintainer. To disable these warnings, set -Dmaven.project.sourceRoots.warningsDisabled=true on the command line, in the .mvn/maven.config file, or in project POM properties.
2026-06-11 16:59:31,401 [Worker-63: Building] WARN  o.apache.maven.project.MavenProject - Plugin is modifying testCompileSourceRoots through add(), which will not work in Maven 4.0.0. Use MavenProject.addTestCompileSourceRoot()/removeTestCompileSourceRoot() methods instead. If using a plugin, please upgrade to the latest version or report the issue to the plugin maintainer. To disable these warnings, set -Dmaven.project.sourceRoots.warningsDisabled=true on the command line, in the .mvn/maven.config file, or in project POM properties.
2026-06-11 17:01:47,748 [Worker-69: Building] INFO  o.a.m.s.f.DefaultMavenResourcesFiltering - Copying 0 resource from src/main/resources to target/classes
2026-06-11 17:01:47,750 [Worker-69: Building] INFO  o.a.m.s.f.DefaultMavenResourcesFiltering - Copying 1 resource from src/main/resources to target/classes
2026-06-11 17:01:47,751 [Worker-69: Building] INFO  o.a.m.s.f.DefaultMavenResourcesFiltering - skip non existing resourceDirectory /Users/macbook/Documents/SpringBoot_SpringFramework/spring-boot-web/src/test/resources
2026-06-11 17:01:47,751 [Worker-69: Building] WARN  o.apache.maven.project.MavenProject - Plugin is modifying compileSourceRoots through clear(), which will not work in Maven 4.0.0. Use MavenProject.addCompileSourceRoot()/removeCompileSourceRoot() methods instead. If using a plugin, please upgrade to the latest version or report the issue to the plugin maintainer. To disable these warnings, set -Dmaven.project.sourceRoots.warningsDisabled=true on the command line, in the .mvn/maven.config file, or in project POM properties.
2026-06-11 17:01:47,752 [Worker-69: Building] WARN  o.apache.maven.project.MavenProject - Plugin is modifying compileSourceRoots through add(), which will not work in Maven 4.0.0. Use MavenProject.addCompileSourceRoot()/removeCompileSourceRoot() methods instead. If using a plugin, please upgrade to the latest version or report the issue to the plugin maintainer. To disable these warnings, set -Dmaven.project.sourceRoots.warningsDisabled=true on the command line, in the .mvn/maven.config file, or in project POM properties.
2026-06-11 17:01:47,752 [Worker-69: Building] WARN  o.apache.maven.project.MavenProject - Plugin is modifying testCompileSourceRoots through clear(), which will not work in Maven 4.0.0. Use MavenProject.addTestCompileSourceRoot()/removeTestCompileSourceRoot() methods instead. If using a plugin, please upgrade to the latest version or report the issue to the plugin maintainer. To disable these warnings, set -Dmaven.project.sourceRoots.warningsDisabled=true on the command line, in the .mvn/maven.config file, or in project POM properties.
2026-06-11 17:01:47,753 [Worker-69: Building] WARN  o.apache.maven.project.MavenProject - Plugin is modifying testCompileSourceRoots through add(), which will not work in Maven 4.0.0. Use MavenProject.addTestCompileSourceRoot()/removeTestCompileSourceRoot() methods instead. If using a plugin, please upgrade to the latest version or report the issue to the plugin maintainer. To disable these warnings, set -Dmaven.project.sourceRoots.warningsDisabled=true on the command line, in the .mvn/maven.config file, or in project POM properties.
2026-06-11 17:02:52,657 [Worker-71: Building] INFO  o.a.m.s.f.DefaultMavenResourcesFiltering - Copying 0 resource from src/main/resources to target/classes
2026-06-11 17:02:52,658 [Worker-71: Building] INFO  o.a.m.s.f.DefaultMavenResourcesFiltering - Copying 1 resource from src/main/resources to target/classes
2026-06-11 17:02:52,660 [Worker-71: Building] INFO  o.a.m.s.f.DefaultMavenResourcesFiltering - skip non existing resourceDirectory /Users/macbook/Documents/SpringBoot_SpringFramework/spring-boot-web/src/test/resources
2026-06-11 17:02:52,660 [Worker-71: Building] WARN  o.apache.maven.project.MavenProject - Plugin is modifying compileSourceRoots through clear(), which will not work in Maven 4.0.0. Use MavenProject.addCompileSourceRoot()/removeCompileSourceRoot() methods instead. If using a plugin, please upgrade to the latest version or report the issue to the plugin maintainer. To disable these warnings, set -Dmaven.project.sourceRoots.warningsDisabled=true on the command line, in the .mvn/maven.config file, or in project POM properties.
2026-06-11 17:02:52,661 [Worker-71: Building] WARN  o.apache.maven.project.MavenProject - Plugin is modifying compileSourceRoots through add(), which will not work in Maven 4.0.0. Use MavenProject.addCompileSourceRoot()/removeCompileSourceRoot() methods instead. If using a plugin, please upgrade to the latest version or report the issue to the plugin maintainer. To disable these warnings, set -Dmaven.project.sourceRoots.warningsDisabled=true on the command line, in the .mvn/maven.config file, or in project POM properties.
2026-06-11 17:02:52,661 [Worker-71: Building] WARN  o.apache.maven.project.MavenProject - Plugin is modifying testCompileSourceRoots through clear(), which will not work in Maven 4.0.0. Use MavenProject.addTestCompileSourceRoot()/removeTestCompileSourceRoot() methods instead. If using a plugin, please upgrade to the latest version or report the issue to the plugin maintainer. To disable these warnings, set -Dmaven.project.sourceRoots.warningsDisabled=true on the command line, in the .mvn/maven.config file, or in project POM properties.
2026-06-11 17:02:52,661 [Worker-71: Building] WARN  o.apache.maven.project.MavenProject - Plugin is modifying testCompileSourceRoots through add(), which will not work in Maven 4.0.0. Use MavenProject.addTestCompileSourceRoot()/removeTestCompileSourceRoot() methods instead. If using a plugin, please upgrade to the latest version or report the issue to the plugin maintainer. To disable these warnings, set -Dmaven.project.sourceRoots.warningsDisabled=true on the command line, in the .mvn/maven.config file, or in project POM properties.
2026-06-11 17:04:07,495 [Worker-72: Building] INFO  o.a.m.s.f.DefaultMavenResourcesFiltering - Copying 0 resource from src/main/resources to target/classes
2026-06-11 17:04:07,496 [Worker-72: Building] INFO  o.a.m.s.f.DefaultMavenResourcesFiltering - Copying 1 resource from src/main/resources to target/classes
2026-06-11 17:04:07,498 [Worker-72: Building] INFO  o.a.m.s.f.DefaultMavenResourcesFiltering - skip non existing resourceDirectory /Users/macbook/Documents/SpringBoot_SpringFramework/spring-boot-web/src/test/resources
2026-06-11 17:04:07,499 [Worker-72: Building] WARN  o.apache.maven.project.MavenProject - Plugin is modifying compileSourceRoots through clear(), which will not work in Maven 4.0.0. Use MavenProject.addCompileSourceRoot()/removeCompileSourceRoot() methods instead. If using a plugin, please upgrade to the latest version or report the issue to the plugin maintainer. To disable these warnings, set -Dmaven.project.sourceRoots.warningsDisabled=true on the command line, in the .mvn/maven.config file, or in project POM properties.
2026-06-11 17:04:07,501 [Worker-72: Building] WARN  o.apache.maven.project.MavenProject - Plugin is modifying compileSourceRoots through add(), which will not work in Maven 4.0.0. Use MavenProject.addCompileSourceRoot()/removeCompileSourceRoot() methods instead. If using a plugin, please upgrade to the latest version or report the issue to the plugin maintainer. To disable these warnings, set -Dmaven.project.sourceRoots.warningsDisabled=true on the command line, in the .mvn/maven.config file, or in project POM properties.
2026-06-11 17:04:07,501 [Worker-72: Building] WARN  o.apache.maven.project.MavenProject - Plugin is modifying testCompileSourceRoots through clear(), which will not work in Maven 4.0.0. Use MavenProject.addTestCompileSourceRoot()/removeTestCompileSourceRoot() methods instead. If using a plugin, please upgrade to the latest version or report the issue to the plugin maintainer. To disable these warnings, set -Dmaven.project.sourceRoots.warningsDisabled=true on the command line, in the .mvn/maven.config file, or in project POM properties.
2026-06-11 17:04:07,501 [Worker-72: Building] WARN  o.apache.maven.project.MavenProject - Plugin is modifying testCompileSourceRoots through add(), which will not work in Maven 4.0.0. Use MavenProject.addTestCompileSourceRoot()/removeTestCompileSourceRoot() methods instead. If using a plugin, please upgrade to the latest version or report the issue to the plugin maintainer. To disable these warnings, set -Dmaven.project.sourceRoots.warningsDisabled=true on the command line, in the .mvn/maven.config file, or in project POM properties.
2026-06-11 17:05:14,299 [Worker-73: Building] INFO  o.a.m.s.f.DefaultMavenResourcesFiltering - Copying 1 resource from src/main/resources to target/classes
2026-06-11 17:05:14,302 [Worker-73: Building] INFO  o.a.m.s.f.DefaultMavenResourcesFiltering - Copying 9 resources from src/main/resources to target/classes
2026-06-11 17:05:14,304 [Worker-73: Building] INFO  o.a.m.s.f.DefaultMavenResourcesFiltering - skip non existing resourceDirectory /Users/macbook/Documents/SpringBoot_SpringFramework/spring-boot-web/src/test/resources
2026-06-11 17:05:14,304 [Worker-73: Building] WARN  o.apache.maven.project.MavenProject - Plugin is modifying compileSourceRoots through clear(), which will not work in Maven 4.0.0. Use MavenProject.addCompileSourceRoot()/removeCompileSourceRoot() methods instead. If using a plugin, please upgrade to the latest version or report the issue to the plugin maintainer. To disable these warnings, set -Dmaven.project.sourceRoots.warningsDisabled=true on the command line, in the .mvn/maven.config file, or in project POM properties.
2026-06-11 17:05:14,305 [Worker-73: Building] WARN  o.apache.maven.project.MavenProject - Plugin is modifying compileSourceRoots through add(), which will not work in Maven 4.0.0. Use MavenProject.addCompileSourceRoot()/removeCompileSourceRoot() methods instead. If using a plugin, please upgrade to the latest version or report the issue to the plugin maintainer. To disable these warnings, set -Dmaven.project.sourceRoots.warningsDisabled=true on the command line, in the .mvn/maven.config file, or in project POM properties.
2026-06-11 17:05:14,305 [Worker-73: Building] WARN  o.apache.maven.project.MavenProject - Plugin is modifying testCompileSourceRoots through clear(), which will not work in Maven 4.0.0. Use MavenProject.addTestCompileSourceRoot()/removeTestCompileSourceRoot() methods instead. If using a plugin, please upgrade to the latest version or report the issue to the plugin maintainer. To disable these warnings, set -Dmaven.project.sourceRoots.warningsDisabled=true on the command line, in the .mvn/maven.config file, or in project POM properties.
2026-06-11 17:05:14,305 [Worker-73: Building] WARN  o.apache.maven.project.MavenProject - Plugin is modifying testCompileSourceRoots through add(), which will not work in Maven 4.0.0. Use MavenProject.addTestCompileSourceRoot()/removeTestCompileSourceRoot() methods instead. If using a plugin, please upgrade to the latest version or report the issue to the plugin maintainer. To disable these warnings, set -Dmaven.project.sourceRoots.warningsDisabled=true on the command line, in the .mvn/maven.config file, or in project POM properties.
2026-06-12 10:52:13,940 [Worker-1: Loading available Gradle versions] INFO  o.e.b.c.i.u.g.PublishedGradleVersions - Gradle version information cache is out-of-date. Trying to update.
2026-06-12 10:55:05,353 [Worker-11: Building] INFO  o.a.m.s.f.DefaultMavenResourcesFiltering - Copying 1 resource from src/main/resources to target/classes
2026-06-12 10:55:05,362 [Worker-11: Building] INFO  o.a.m.s.f.DefaultMavenResourcesFiltering - Copying 9 resources from src/main/resources to target/classes
2026-06-12 10:55:05,366 [Worker-11: Building] INFO  o.a.m.s.f.DefaultMavenResourcesFiltering - skip non existing resourceDirectory /Users/macbook/Documents/SpringBoot_SpringFramework/spring-boot-web/src/test/resources
2026-06-12 10:55:05,567 [Worker-11: Building] WARN  o.apache.maven.project.MavenProject - Plugin is modifying compileSourceRoots through clear(), which will not work in Maven 4.0.0. Use MavenProject.addCompileSourceRoot()/removeCompileSourceRoot() methods instead. If using a plugin, please upgrade to the latest version or report the issue to the plugin maintainer. To disable these warnings, set -Dmaven.project.sourceRoots.warningsDisabled=true on the command line, in the .mvn/maven.config file, or in project POM properties.
2026-06-12 10:55:05,567 [Worker-11: Building] WARN  o.apache.maven.project.MavenProject - Plugin is modifying compileSourceRoots through add(), which will not work in Maven 4.0.0. Use MavenProject.addCompileSourceRoot()/removeCompileSourceRoot() methods instead. If using a plugin, please upgrade to the latest version or report the issue to the plugin maintainer. To disable these warnings, set -Dmaven.project.sourceRoots.warningsDisabled=true on the command line, in the .mvn/maven.config file, or in project POM properties.
2026-06-12 10:55:05,568 [Worker-11: Building] WARN  o.apache.maven.project.MavenProject - Plugin is modifying testCompileSourceRoots through clear(), which will not work in Maven 4.0.0. Use MavenProject.addTestCompileSourceRoot()/removeTestCompileSourceRoot() methods instead. If using a plugin, please upgrade to the latest version or report the issue to the plugin maintainer. To disable these warnings, set -Dmaven.project.sourceRoots.warningsDisabled=true on the command line, in the .mvn/maven.config file, or in project POM properties.
2026-06-12 10:55:05,568 [Worker-11: Building] WARN  o.apache.maven.project.MavenProject - Plugin is modifying testCompileSourceRoots through add(), which will not work in Maven 4.0.0. Use MavenProject.addTestCompileSourceRoot()/removeTestCompileSourceRoot() methods instead. If using a plugin, please upgrade to the latest version or report the issue to the plugin maintainer. To disable these warnings, set -Dmaven.project.sourceRoots.warningsDisabled=true on the command line, in the .mvn/maven.config file, or in project POM properties.
2026-06-12 10:56:38,044 [Worker-13: Building] INFO  o.a.m.s.f.DefaultMavenResourcesFiltering - Copying 1 resource from src/main/resources to target/classes
2026-06-12 10:56:38,047 [Worker-13: Building] INFO  o.a.m.s.f.DefaultMavenResourcesFiltering - Copying 9 resources from src/main/resources to target/classes
2026-06-12 10:56:38,052 [Worker-13: Building] INFO  o.a.m.s.f.DefaultMavenResourcesFiltering - skip non existing resourceDirectory /Users/macbook/Documents/SpringBoot_SpringFramework/spring-boot-web/src/test/resources
2026-06-12 10:56:38,052 [Worker-13: Building] WARN  o.apache.maven.project.MavenProject - Plugin is modifying compileSourceRoots through clear(), which will not work in Maven 4.0.0. Use MavenProject.addCompileSourceRoot()/removeCompileSourceRoot() methods instead. If using a plugin, please upgrade to the latest version or report the issue to the plugin maintainer. To disable these warnings, set -Dmaven.project.sourceRoots.warningsDisabled=true on the command line, in the .mvn/maven.config file, or in project POM properties.
2026-06-12 10:56:38,053 [Worker-13: Building] WARN  o.apache.maven.project.MavenProject - Plugin is modifying compileSourceRoots through add(), which will not work in Maven 4.0.0. Use MavenProject.addCompileSourceRoot()/removeCompileSourceRoot() methods instead. If using a plugin, please upgrade to the latest version or report the issue to the plugin maintainer. To disable these warnings, set -Dmaven.project.sourceRoots.warningsDisabled=true on the command line, in the .mvn/maven.config file, or in project POM properties.
2026-06-12 10:56:38,053 [Worker-13: Building] WARN  o.apache.maven.project.MavenProject - Plugin is modifying testCompileSourceRoots through clear(), which will not work in Maven 4.0.0. Use MavenProject.addTestCompileSourceRoot()/removeTestCompileSourceRoot() methods instead. If using a plugin, please upgrade to the latest version or report the issue to the plugin maintainer. To disable these warnings, set -Dmaven.project.sourceRoots.warningsDisabled=true on the command line, in the .mvn/maven.config file, or in project POM properties.
2026-06-12 10:56:38,053 [Worker-13: Building] WARN  o.apache.maven.project.MavenProject - Plugin is modifying testCompileSourceRoots through add(), which will not work in Maven 4.0.0. Use MavenProject.addTestCompileSourceRoot()/removeTestCompileSourceRoot() methods instead. If using a plugin, please upgrade to the latest version or report the issue to the plugin maintainer. To disable these warnings, set -Dmaven.project.sourceRoots.warningsDisabled=true on the command line, in the .mvn/maven.config file, or in project POM properties.
2026-06-12 10:57:58,247 [Worker-7: Building] INFO  o.a.m.s.f.DefaultMavenResourcesFiltering - Copying 1 resource from src/main/resources to target/classes
2026-06-12 10:57:58,255 [Worker-7: Building] INFO  o.a.m.s.f.DefaultMavenResourcesFiltering - Copying 0 resource from src/main/resources to target/classes
2026-06-12 10:57:58,256 [Worker-7: Building] INFO  o.a.m.s.f.DefaultMavenResourcesFiltering - skip non existing resourceDirectory /Users/macbook/Documents/SpringBoot_SpringFramework/spring-boot-web/src/test/resources
2026-06-12 10:57:58,257 [Worker-7: Building] WARN  o.apache.maven.project.MavenProject - Plugin is modifying compileSourceRoots through clear(), which will not work in Maven 4.0.0. Use MavenProject.addCompileSourceRoot()/removeCompileSourceRoot() methods instead. If using a plugin, please upgrade to the latest version or report the issue to the plugin maintainer. To disable these warnings, set -Dmaven.project.sourceRoots.warningsDisabled=true on the command line, in the .mvn/maven.config file, or in project POM properties.
2026-06-12 10:57:58,257 [Worker-7: Building] WARN  o.apache.maven.project.MavenProject - Plugin is modifying compileSourceRoots through add(), which will not work in Maven 4.0.0. Use MavenProject.addCompileSourceRoot()/removeCompileSourceRoot() methods instead. If using a plugin, please upgrade to the latest version or report the issue to the plugin maintainer. To disable these warnings, set -Dmaven.project.sourceRoots.warningsDisabled=true on the command line, in the .mvn/maven.config file, or in project POM properties.
2026-06-12 10:57:58,257 [Worker-7: Building] WARN  o.apache.maven.project.MavenProject - Plugin is modifying testCompileSourceRoots through clear(), which will not work in Maven 4.0.0. Use MavenProject.addTestCompileSourceRoot()/removeTestCompileSourceRoot() methods instead. If using a plugin, please upgrade to the latest version or report the issue to the plugin maintainer. To disable these warnings, set -Dmaven.project.sourceRoots.warningsDisabled=true on the command line, in the .mvn/maven.config file, or in project POM properties.
2026-06-12 10:57:58,257 [Worker-7: Building] WARN  o.apache.maven.project.MavenProject - Plugin is modifying testCompileSourceRoots through add(), which will not work in Maven 4.0.0. Use MavenProject.addTestCompileSourceRoot()/removeTestCompileSourceRoot() methods instead. If using a plugin, please upgrade to the latest version or report the issue to the plugin maintainer. To disable these warnings, set -Dmaven.project.sourceRoots.warningsDisabled=true on the command line, in the .mvn/maven.config file, or in project POM properties.
2026-06-12 11:00:22,511 [Worker-6: Building] INFO  o.a.m.s.f.DefaultMavenResourcesFiltering - Copying 1 resource from src/main/resources to target/classes
2026-06-12 11:00:22,520 [Worker-6: Building] INFO  o.a.m.s.f.DefaultMavenResourcesFiltering - Copying 9 resources from src/main/resources to target/classes
2026-06-12 11:00:22,524 [Worker-6: Building] INFO  o.a.m.s.f.DefaultMavenResourcesFiltering - skip non existing resourceDirectory /Users/macbook/Documents/SpringBoot_SpringFramework/spring-boot-web/src/test/resources
2026-06-12 11:00:22,525 [Worker-6: Building] WARN  o.apache.maven.project.MavenProject - Plugin is modifying compileSourceRoots through clear(), which will not work in Maven 4.0.0. Use MavenProject.addCompileSourceRoot()/removeCompileSourceRoot() methods instead. If using a plugin, please upgrade to the latest version or report the issue to the plugin maintainer. To disable these warnings, set -Dmaven.project.sourceRoots.warningsDisabled=true on the command line, in the .mvn/maven.config file, or in project POM properties.
2026-06-12 11:00:22,526 [Worker-6: Building] WARN  o.apache.maven.project.MavenProject - Plugin is modifying compileSourceRoots through add(), which will not work in Maven 4.0.0. Use MavenProject.addCompileSourceRoot()/removeCompileSourceRoot() methods instead. If using a plugin, please upgrade to the latest version or report the issue to the plugin maintainer. To disable these warnings, set -Dmaven.project.sourceRoots.warningsDisabled=true on the command line, in the .mvn/maven.config file, or in project POM properties.
2026-06-12 11:00:22,526 [Worker-6: Building] WARN  o.apache.maven.project.MavenProject - Plugin is modifying testCompileSourceRoots through clear(), which will not work in Maven 4.0.0. Use MavenProject.addTestCompileSourceRoot()/removeTestCompileSourceRoot() methods instead. If using a plugin, please upgrade to the latest version or report the issue to the plugin maintainer. To disable these warnings, set -Dmaven.project.sourceRoots.warningsDisabled=true on the command line, in the .mvn/maven.config file, or in project POM properties.
2026-06-12 11:00:22,526 [Worker-6: Building] WARN  o.apache.maven.project.MavenProject - Plugin is modifying testCompileSourceRoots through add(), which will not work in Maven 4.0.0. Use MavenProject.addTestCompileSourceRoot()/removeTestCompileSourceRoot() methods instead. If using a plugin, please upgrade to the latest version or report the issue to the plugin maintainer. To disable these warnings, set -Dmaven.project.sourceRoots.warningsDisabled=true on the command line, in the .mvn/maven.config file, or in project POM properties.
2026-06-12 11:00:57,008 [Worker-3: Building] INFO  o.a.m.s.f.DefaultMavenResourcesFiltering - Copying 1 resource from src/main/resources to target/classes
2026-06-12 11:00:57,013 [Worker-3: Building] INFO  o.a.m.s.f.DefaultMavenResourcesFiltering - Copying 9 resources from src/main/resources to target/classes
2026-06-12 11:00:57,015 [Worker-3: Building] INFO  o.a.m.s.f.DefaultMavenResourcesFiltering - skip non existing resourceDirectory /Users/macbook/Documents/SpringBoot_SpringFramework/spring-boot-web/src/test/resources
2026-06-12 11:00:57,015 [Worker-3: Building] WARN  o.apache.maven.project.MavenProject - Plugin is modifying compileSourceRoots through clear(), which will not work in Maven 4.0.0. Use MavenProject.addCompileSourceRoot()/removeCompileSourceRoot() methods instead. If using a plugin, please upgrade to the latest version or report the issue to the plugin maintainer. To disable these warnings, set -Dmaven.project.sourceRoots.warningsDisabled=true on the command line, in the .mvn/maven.config file, or in project POM properties.
2026-06-12 11:00:57,016 [Worker-3: Building] WARN  o.apache.maven.project.MavenProject - Plugin is modifying compileSourceRoots through add(), which will not work in Maven 4.0.0. Use MavenProject.addCompileSourceRoot()/removeCompileSourceRoot() methods instead. If using a plugin, please upgrade to the latest version or report the issue to the plugin maintainer. To disable these warnings, set -Dmaven.project.sourceRoots.warningsDisabled=true on the command line, in the .mvn/maven.config file, or in project POM properties.
2026-06-12 11:00:57,016 [Worker-3: Building] WARN  o.apache.maven.project.MavenProject - Plugin is modifying testCompileSourceRoots through clear(), which will not work in Maven 4.0.0. Use MavenProject.addTestCompileSourceRoot()/removeTestCompileSourceRoot() methods instead. If using a plugin, please upgrade to the latest version or report the issue to the plugin maintainer. To disable these warnings, set -Dmaven.project.sourceRoots.warningsDisabled=true on the command line, in the .mvn/maven.config file, or in project POM properties.
2026-06-12 11:00:57,016 [Worker-3: Building] WARN  o.apache.maven.project.MavenProject - Plugin is modifying testCompileSourceRoots through add(), which will not work in Maven 4.0.0. Use MavenProject.addTestCompileSourceRoot()/removeTestCompileSourceRoot() methods instead. If using a plugin, please upgrade to the latest version or report the issue to the plugin maintainer. To disable these warnings, set -Dmaven.project.sourceRoots.warningsDisabled=true on the command line, in the .mvn/maven.config file, or in project POM properties.
2026-06-12 11:01:02,258 [Worker-7: Building] INFO  o.a.m.s.f.DefaultMavenResourcesFiltering - Copying 1 resource from src/main/resources to target/classes
2026-06-12 11:01:02,262 [Worker-7: Building] INFO  o.a.m.s.f.DefaultMavenResourcesFiltering - Copying 0 resource from src/main/resources to target/classes
2026-06-12 11:01:02,263 [Worker-7: Building] INFO  o.a.m.s.f.DefaultMavenResourcesFiltering - skip non existing resourceDirectory /Users/macbook/Documents/SpringBoot_SpringFramework/spring-boot-web/src/test/resources
2026-06-12 11:01:02,264 [Worker-7: Building] WARN  o.apache.maven.project.MavenProject - Plugin is modifying compileSourceRoots through clear(), which will not work in Maven 4.0.0. Use MavenProject.addCompileSourceRoot()/removeCompileSourceRoot() methods instead. If using a plugin, please upgrade to the latest version or report the issue to the plugin maintainer. To disable these warnings, set -Dmaven.project.sourceRoots.warningsDisabled=true on the command line, in the .mvn/maven.config file, or in project POM properties.
2026-06-12 11:01:02,264 [Worker-7: Building] WARN  o.apache.maven.project.MavenProject - Plugin is modifying compileSourceRoots through add(), which will not work in Maven 4.0.0. Use MavenProject.addCompileSourceRoot()/removeCompileSourceRoot() methods instead. If using a plugin, please upgrade to the latest version or report the issue to the plugin maintainer. To disable these warnings, set -Dmaven.project.sourceRoots.warningsDisabled=true on the command line, in the .mvn/maven.config file, or in project POM properties.
2026-06-12 11:01:02,265 [Worker-7: Building] WARN  o.apache.maven.project.MavenProject - Plugin is modifying testCompileSourceRoots through clear(), which will not work in Maven 4.0.0. Use MavenProject.addTestCompileSourceRoot()/removeTestCompileSourceRoot() methods instead. If using a plugin, please upgrade to the latest version or report the issue to the plugin maintainer. To disable these warnings, set -Dmaven.project.sourceRoots.warningsDisabled=true on the command line, in the .mvn/maven.config file, or in project POM properties.
2026-06-12 11:01:02,265 [Worker-7: Building] WARN  o.apache.maven.project.MavenProject - Plugin is modifying testCompileSourceRoots through add(), which will not work in Maven 4.0.0. Use MavenProject.addTestCompileSourceRoot()/removeTestCompileSourceRoot() methods instead. If using a plugin, please upgrade to the latest version or report the issue to the plugin maintainer. To disable these warnings, set -Dmaven.project.sourceRoots.warningsDisabled=true on the command line, in the .mvn/maven.config file, or in project POM properties.
2026-06-12 11:02:46,255 [Worker-10: Building] INFO  o.a.m.s.f.DefaultMavenResourcesFiltering - Copying 1 resource from src/main/resources to target/classes
2026-06-12 11:02:46,264 [Worker-10: Building] INFO  o.a.m.s.f.DefaultMavenResourcesFiltering - Copying 9 resources from src/main/resources to target/classes
2026-06-12 11:02:46,267 [Worker-10: Building] INFO  o.a.m.s.f.DefaultMavenResourcesFiltering - skip non existing resourceDirectory /Users/macbook/Documents/SpringBoot_SpringFramework/spring-boot-web/src/test/resources
2026-06-12 11:02:46,267 [Worker-10: Building] WARN  o.apache.maven.project.MavenProject - Plugin is modifying compileSourceRoots through clear(), which will not work in Maven 4.0.0. Use MavenProject.addCompileSourceRoot()/removeCompileSourceRoot() methods instead. If using a plugin, please upgrade to the latest version or report the issue to the plugin maintainer. To disable these warnings, set -Dmaven.project.sourceRoots.warningsDisabled=true on the command line, in the .mvn/maven.config file, or in project POM properties.
2026-06-12 11:02:46,268 [Worker-10: Building] WARN  o.apache.maven.project.MavenProject - Plugin is modifying compileSourceRoots through add(), which will not work in Maven 4.0.0. Use MavenProject.addCompileSourceRoot()/removeCompileSourceRoot() methods instead. If using a plugin, please upgrade to the latest version or report the issue to the plugin maintainer. To disable these warnings, set -Dmaven.project.sourceRoots.warningsDisabled=true on the command line, in the .mvn/maven.config file, or in project POM properties.
2026-06-12 11:02:46,268 [Worker-10: Building] WARN  o.apache.maven.project.MavenProject - Plugin is modifying testCompileSourceRoots through clear(), which will not work in Maven 4.0.0. Use MavenProject.addTestCompileSourceRoot()/removeTestCompileSourceRoot() methods instead. If using a plugin, please upgrade to the latest version or report the issue to the plugin maintainer. To disable these warnings, set -Dmaven.project.sourceRoots.warningsDisabled=true on the command line, in the .mvn/maven.config file, or in project POM properties.
2026-06-12 11:02:46,268 [Worker-10: Building] WARN  o.apache.maven.project.MavenProject - Plugin is modifying testCompileSourceRoots through add(), which will not work in Maven 4.0.0. Use MavenProject.addTestCompileSourceRoot()/removeTestCompileSourceRoot() methods instead. If using a plugin, please upgrade to the latest version or report the issue to the plugin maintainer. To disable these warnings, set -Dmaven.project.sourceRoots.warningsDisabled=true on the command line, in the .mvn/maven.config file, or in project POM properties.
2026-06-12 11:04:55,173 [Worker-9: Building] INFO  o.a.m.s.f.DefaultMavenResourcesFiltering - Copying 1 resource from src/main/resources to target/classes
2026-06-12 11:04:55,194 [Worker-9: Building] INFO  o.a.m.s.f.DefaultMavenResourcesFiltering - Copying 0 resource from src/main/resources to target/classes
2026-06-12 11:04:55,198 [Worker-9: Building] INFO  o.a.m.s.f.DefaultMavenResourcesFiltering - skip non existing resourceDirectory /Users/macbook/Documents/SpringBoot_SpringFramework/spring-boot-web/src/test/resources
2026-06-12 11:04:55,199 [Worker-9: Building] WARN  o.apache.maven.project.MavenProject - Plugin is modifying compileSourceRoots through clear(), which will not work in Maven 4.0.0. Use MavenProject.addCompileSourceRoot()/removeCompileSourceRoot() methods instead. If using a plugin, please upgrade to the latest version or report the issue to the plugin maintainer. To disable these warnings, set -Dmaven.project.sourceRoots.warningsDisabled=true on the command line, in the .mvn/maven.config file, or in project POM properties.
2026-06-12 11:04:55,200 [Worker-9: Building] WARN  o.apache.maven.project.MavenProject - Plugin is modifying compileSourceRoots through add(), which will not work in Maven 4.0.0. Use MavenProject.addCompileSourceRoot()/removeCompileSourceRoot() methods instead. If using a plugin, please upgrade to the latest version or report the issue to the plugin maintainer. To disable these warnings, set -Dmaven.project.sourceRoots.warningsDisabled=true on the command line, in the .mvn/maven.config file, or in project POM properties.
2026-06-12 11:04:55,200 [Worker-9: Building] WARN  o.apache.maven.project.MavenProject - Plugin is modifying testCompileSourceRoots through clear(), which will not work in Maven 4.0.0. Use MavenProject.addTestCompileSourceRoot()/removeTestCompileSourceRoot() methods instead. If using a plugin, please upgrade to the latest version or report the issue to the plugin maintainer. To disable these warnings, set -Dmaven.project.sourceRoots.warningsDisabled=true on the command line, in the .mvn/maven.config file, or in project POM properties.
2026-06-12 11:04:55,200 [Worker-9: Building] WARN  o.apache.maven.project.MavenProject - Plugin is modifying testCompileSourceRoots through add(), which will not work in Maven 4.0.0. Use MavenProject.addTestCompileSourceRoot()/removeTestCompileSourceRoot() methods instead. If using a plugin, please upgrade to the latest version or report the issue to the plugin maintainer. To disable these warnings, set -Dmaven.project.sourceRoots.warningsDisabled=true on the command line, in the .mvn/maven.config file, or in project POM properties.
2026-06-12 11:06:06,783 [Worker-5: Building] INFO  o.a.m.s.f.DefaultMavenResourcesFiltering - Copying 0 resource from src/main/resources to target/classes
2026-06-12 11:06:06,784 [Worker-5: Building] INFO  o.a.m.s.f.DefaultMavenResourcesFiltering - Copying 1 resource from src/main/resources to target/classes
2026-06-12 11:06:06,809 [Worker-5: Building] INFO  o.a.m.s.f.DefaultMavenResourcesFiltering - skip non existing resourceDirectory /Users/macbook/Documents/SpringBoot_SpringFramework/spring-boot-web/src/test/resources
2026-06-12 11:06:06,809 [Worker-5: Building] WARN  o.apache.maven.project.MavenProject - Plugin is modifying compileSourceRoots through clear(), which will not work in Maven 4.0.0. Use MavenProject.addCompileSourceRoot()/removeCompileSourceRoot() methods instead. If using a plugin, please upgrade to the latest version or report the issue to the plugin maintainer. To disable these warnings, set -Dmaven.project.sourceRoots.warningsDisabled=true on the command line, in the .mvn/maven.config file, or in project POM properties.
2026-06-12 11:06:06,810 [Worker-5: Building] WARN  o.apache.maven.project.MavenProject - Plugin is modifying compileSourceRoots through add(), which will not work in Maven 4.0.0. Use MavenProject.addCompileSourceRoot()/removeCompileSourceRoot() methods instead. If using a plugin, please upgrade to the latest version or report the issue to the plugin maintainer. To disable these warnings, set -Dmaven.project.sourceRoots.warningsDisabled=true on the command line, in the .mvn/maven.config file, or in project POM properties.
2026-06-12 11:06:06,810 [Worker-5: Building] WARN  o.apache.maven.project.MavenProject - Plugin is modifying testCompileSourceRoots through clear(), which will not work in Maven 4.0.0. Use MavenProject.addTestCompileSourceRoot()/removeTestCompileSourceRoot() methods instead. If using a plugin, please upgrade to the latest version or report the issue to the plugin maintainer. To disable these warnings, set -Dmaven.project.sourceRoots.warningsDisabled=true on the command line, in the .mvn/maven.config file, or in project POM properties.
2026-06-12 11:06:06,810 [Worker-5: Building] WARN  o.apache.maven.project.MavenProject - Plugin is modifying testCompileSourceRoots through add(), which will not work in Maven 4.0.0. Use MavenProject.addTestCompileSourceRoot()/removeTestCompileSourceRoot() methods instead. If using a plugin, please upgrade to the latest version or report the issue to the plugin maintainer. To disable these warnings, set -Dmaven.project.sourceRoots.warningsDisabled=true on the command line, in the .mvn/maven.config file, or in project POM properties.
2026-06-12 11:06:14,813 [Worker-9: Building] INFO  o.a.m.s.f.DefaultMavenResourcesFiltering - Copying 0 resource from src/main/resources to target/classes
2026-06-12 11:06:14,814 [Worker-9: Building] INFO  o.a.m.s.f.DefaultMavenResourcesFiltering - Copying 1 resource from src/main/resources to target/classes
2026-06-12 11:06:14,816 [Worker-9: Building] INFO  o.a.m.s.f.DefaultMavenResourcesFiltering - skip non existing resourceDirectory /Users/macbook/Documents/SpringBoot_SpringFramework/spring-boot-web/src/test/resources
2026-06-12 11:06:14,817 [Worker-9: Building] WARN  o.apache.maven.project.MavenProject - Plugin is modifying compileSourceRoots through clear(), which will not work in Maven 4.0.0. Use MavenProject.addCompileSourceRoot()/removeCompileSourceRoot() methods instead. If using a plugin, please upgrade to the latest version or report the issue to the plugin maintainer. To disable these warnings, set -Dmaven.project.sourceRoots.warningsDisabled=true on the command line, in the .mvn/maven.config file, or in project POM properties.
2026-06-12 11:06:14,817 [Worker-9: Building] WARN  o.apache.maven.project.MavenProject - Plugin is modifying compileSourceRoots through add(), which will not work in Maven 4.0.0. Use MavenProject.addCompileSourceRoot()/removeCompileSourceRoot() methods instead. If using a plugin, please upgrade to the latest version or report the issue to the plugin maintainer. To disable these warnings, set -Dmaven.project.sourceRoots.warningsDisabled=true on the command line, in the .mvn/maven.config file, or in project POM properties.
2026-06-12 11:06:14,817 [Worker-9: Building] WARN  o.apache.maven.project.MavenProject - Plugin is modifying testCompileSourceRoots through clear(), which will not work in Maven 4.0.0. Use MavenProject.addTestCompileSourceRoot()/removeTestCompileSourceRoot() methods instead. If using a plugin, please upgrade to the latest version or report the issue to the plugin maintainer. To disable these warnings, set -Dmaven.project.sourceRoots.warningsDisabled=true on the command line, in the .mvn/maven.config file, or in project POM properties.
2026-06-12 11:06:14,817 [Worker-9: Building] WARN  o.apache.maven.project.MavenProject - Plugin is modifying testCompileSourceRoots through add(), which will not work in Maven 4.0.0. Use MavenProject.addTestCompileSourceRoot()/removeTestCompileSourceRoot() methods instead. If using a plugin, please upgrade to the latest version or report the issue to the plugin maintainer. To disable these warnings, set -Dmaven.project.sourceRoots.warningsDisabled=true on the command line, in the .mvn/maven.config file, or in project POM properties.
2026-06-12 11:06:49,663 [Worker-5: Building] INFO  o.a.m.s.f.DefaultMavenResourcesFiltering - Copying 0 resource from src/main/resources to target/classes
2026-06-12 11:06:49,665 [Worker-5: Building] INFO  o.a.m.s.f.DefaultMavenResourcesFiltering - Copying 1 resource from src/main/resources to target/classes
2026-06-12 11:06:49,668 [Worker-5: Building] INFO  o.a.m.s.f.DefaultMavenResourcesFiltering - skip non existing resourceDirectory /Users/macbook/Documents/SpringBoot_SpringFramework/spring-boot-web/src/test/resources
2026-06-12 11:06:49,668 [Worker-5: Building] WARN  o.apache.maven.project.MavenProject - Plugin is modifying compileSourceRoots through clear(), which will not work in Maven 4.0.0. Use MavenProject.addCompileSourceRoot()/removeCompileSourceRoot() methods instead. If using a plugin, please upgrade to the latest version or report the issue to the plugin maintainer. To disable these warnings, set -Dmaven.project.sourceRoots.warningsDisabled=true on the command line, in the .mvn/maven.config file, or in project POM properties.
2026-06-12 11:06:49,669 [Worker-5: Building] WARN  o.apache.maven.project.MavenProject - Plugin is modifying compileSourceRoots through add(), which will not work in Maven 4.0.0. Use MavenProject.addCompileSourceRoot()/removeCompileSourceRoot() methods instead. If using a plugin, please upgrade to the latest version or report the issue to the plugin maintainer. To disable these warnings, set -Dmaven.project.sourceRoots.warningsDisabled=true on the command line, in the .mvn/maven.config file, or in project POM properties.
2026-06-12 11:06:49,669 [Worker-5: Building] WARN  o.apache.maven.project.MavenProject - Plugin is modifying testCompileSourceRoots through clear(), which will not work in Maven 4.0.0. Use MavenProject.addTestCompileSourceRoot()/removeTestCompileSourceRoot() methods instead. If using a plugin, please upgrade to the latest version or report the issue to the plugin maintainer. To disable these warnings, set -Dmaven.project.sourceRoots.warningsDisabled=true on the command line, in the .mvn/maven.config file, or in project POM properties.
2026-06-12 11:06:49,669 [Worker-5: Building] WARN  o.apache.maven.project.MavenProject - Plugin is modifying testCompileSourceRoots through add(), which will not work in Maven 4.0.0. Use MavenProject.addTestCompileSourceRoot()/removeTestCompileSourceRoot() methods instead. If using a plugin, please upgrade to the latest version or report the issue to the plugin maintainer. To disable these warnings, set -Dmaven.project.sourceRoots.warningsDisabled=true on the command line, in the .mvn/maven.config file, or in project POM properties.
2026-06-12 11:10:08,697 [Worker-9: Building] INFO  o.a.m.s.f.DefaultMavenResourcesFiltering - Copying 0 resource from src/main/resources to target/classes
2026-06-12 11:10:08,698 [Worker-9: Building] INFO  o.a.m.s.f.DefaultMavenResourcesFiltering - Copying 1 resource from src/main/resources to target/classes
2026-06-12 11:10:08,699 [Worker-9: Building] INFO  o.a.m.s.f.DefaultMavenResourcesFiltering - skip non existing resourceDirectory /Users/macbook/Documents/SpringBoot_SpringFramework/spring-boot-web/src/test/resources
2026-06-12 11:10:08,700 [Worker-9: Building] WARN  o.apache.maven.project.MavenProject - Plugin is modifying compileSourceRoots through clear(), which will not work in Maven 4.0.0. Use MavenProject.addCompileSourceRoot()/removeCompileSourceRoot() methods instead. If using a plugin, please upgrade to the latest version or report the issue to the plugin maintainer. To disable these warnings, set -Dmaven.project.sourceRoots.warningsDisabled=true on the command line, in the .mvn/maven.config file, or in project POM properties.
2026-06-12 11:10:08,700 [Worker-9: Building] WARN  o.apache.maven.project.MavenProject - Plugin is modifying compileSourceRoots through add(), which will not work in Maven 4.0.0. Use MavenProject.addCompileSourceRoot()/removeCompileSourceRoot() methods instead. If using a plugin, please upgrade to the latest version or report the issue to the plugin maintainer. To disable these warnings, set -Dmaven.project.sourceRoots.warningsDisabled=true on the command line, in the .mvn/maven.config file, or in project POM properties.
2026-06-12 11:10:08,700 [Worker-9: Building] WARN  o.apache.maven.project.MavenProject - Plugin is modifying testCompileSourceRoots through clear(), which will not work in Maven 4.0.0. Use MavenProject.addTestCompileSourceRoot()/removeTestCompileSourceRoot() methods instead. If using a plugin, please upgrade to the latest version or report the issue to the plugin maintainer. To disable these warnings, set -Dmaven.project.sourceRoots.warningsDisabled=true on the command line, in the .mvn/maven.config file, or in project POM properties.
2026-06-12 11:10:08,701 [Worker-9: Building] WARN  o.apache.maven.project.MavenProject - Plugin is modifying testCompileSourceRoots through add(), which will not work in Maven 4.0.0. Use MavenProject.addTestCompileSourceRoot()/removeTestCompileSourceRoot() methods instead. If using a plugin, please upgrade to the latest version or report the issue to the plugin maintainer. To disable these warnings, set -Dmaven.project.sourceRoots.warningsDisabled=true on the command line, in the .mvn/maven.config file, or in project POM properties.
2026-06-12 11:11:26,146 [Worker-9: Building] INFO  o.a.m.s.f.DefaultMavenResourcesFiltering - Copying 1 resource from src/main/resources to target/classes
2026-06-12 11:11:26,154 [Worker-9: Building] INFO  o.a.m.s.f.DefaultMavenResourcesFiltering - Copying 11 resources from src/main/resources to target/classes
2026-06-12 11:11:26,157 [Worker-9: Building] INFO  o.a.m.s.f.DefaultMavenResourcesFiltering - skip non existing resourceDirectory /Users/macbook/Documents/SpringBoot_SpringFramework/spring-boot-web/src/test/resources
2026-06-12 11:11:26,157 [Worker-9: Building] WARN  o.apache.maven.project.MavenProject - Plugin is modifying compileSourceRoots through clear(), which will not work in Maven 4.0.0. Use MavenProject.addCompileSourceRoot()/removeCompileSourceRoot() methods instead. If using a plugin, please upgrade to the latest version or report the issue to the plugin maintainer. To disable these warnings, set -Dmaven.project.sourceRoots.warningsDisabled=true on the command line, in the .mvn/maven.config file, or in project POM properties.
2026-06-12 11:11:26,158 [Worker-9: Building] WARN  o.apache.maven.project.MavenProject - Plugin is modifying compileSourceRoots through add(), which will not work in Maven 4.0.0. Use MavenProject.addCompileSourceRoot()/removeCompileSourceRoot() methods instead. If using a plugin, please upgrade to the latest version or report the issue to the plugin maintainer. To disable these warnings, set -Dmaven.project.sourceRoots.warningsDisabled=true on the command line, in the .mvn/maven.config file, or in project POM properties.
2026-06-12 11:11:26,159 [Worker-9: Building] WARN  o.apache.maven.project.MavenProject - Plugin is modifying testCompileSourceRoots through clear(), which will not work in Maven 4.0.0. Use MavenProject.addTestCompileSourceRoot()/removeTestCompileSourceRoot() methods instead. If using a plugin, please upgrade to the latest version or report the issue to the plugin maintainer. To disable these warnings, set -Dmaven.project.sourceRoots.warningsDisabled=true on the command line, in the .mvn/maven.config file, or in project POM properties.
2026-06-12 11:11:26,159 [Worker-9: Building] WARN  o.apache.maven.project.MavenProject - Plugin is modifying testCompileSourceRoots through add(), which will not work in Maven 4.0.0. Use MavenProject.addTestCompileSourceRoot()/removeTestCompileSourceRoot() methods instead. If using a plugin, please upgrade to the latest version or report the issue to the plugin maintainer. To disable these warnings, set -Dmaven.project.sourceRoots.warningsDisabled=true on the command line, in the .mvn/maven.config file, or in project POM properties.
2026-06-12 11:14:20,015 [Worker-18: Building] INFO  o.a.m.s.f.DefaultMavenResourcesFiltering - Copying 1 resource from src/main/resources to target/classes
2026-06-12 11:14:20,017 [Worker-18: Building] INFO  o.a.m.s.f.DefaultMavenResourcesFiltering - Copying 11 resources from src/main/resources to target/classes
2026-06-12 11:14:20,020 [Worker-18: Building] INFO  o.a.m.s.f.DefaultMavenResourcesFiltering - skip non existing resourceDirectory /Users/macbook/Documents/SpringBoot_SpringFramework/spring-boot-web/src/test/resources
2026-06-12 11:14:20,020 [Worker-18: Building] WARN  o.apache.maven.project.MavenProject - Plugin is modifying compileSourceRoots through clear(), which will not work in Maven 4.0.0. Use MavenProject.addCompileSourceRoot()/removeCompileSourceRoot() methods instead. If using a plugin, please upgrade to the latest version or report the issue to the plugin maintainer. To disable these warnings, set -Dmaven.project.sourceRoots.warningsDisabled=true on the command line, in the .mvn/maven.config file, or in project POM properties.
2026-06-12 11:14:20,021 [Worker-18: Building] WARN  o.apache.maven.project.MavenProject - Plugin is modifying compileSourceRoots through add(), which will not work in Maven 4.0.0. Use MavenProject.addCompileSourceRoot()/removeCompileSourceRoot() methods instead. If using a plugin, please upgrade to the latest version or report the issue to the plugin maintainer. To disable these warnings, set -Dmaven.project.sourceRoots.warningsDisabled=true on the command line, in the .mvn/maven.config file, or in project POM properties.
2026-06-12 11:14:20,021 [Worker-18: Building] WARN  o.apache.maven.project.MavenProject - Plugin is modifying testCompileSourceRoots through clear(), which will not work in Maven 4.0.0. Use MavenProject.addTestCompileSourceRoot()/removeTestCompileSourceRoot() methods instead. If using a plugin, please upgrade to the latest version or report the issue to the plugin maintainer. To disable these warnings, set -Dmaven.project.sourceRoots.warningsDisabled=true on the command line, in the .mvn/maven.config file, or in project POM properties.
2026-06-12 11:14:20,021 [Worker-18: Building] WARN  o.apache.maven.project.MavenProject - Plugin is modifying testCompileSourceRoots through add(), which will not work in Maven 4.0.0. Use MavenProject.addTestCompileSourceRoot()/removeTestCompileSourceRoot() methods instead. If using a plugin, please upgrade to the latest version or report the issue to the plugin maintainer. To disable these warnings, set -Dmaven.project.sourceRoots.warningsDisabled=true on the command line, in the .mvn/maven.config file, or in project POM properties.
2026-06-12 11:15:04,028 [Worker-18: Building] INFO  o.a.m.s.f.DefaultMavenResourcesFiltering - Copying 1 resource from src/main/resources to target/classes
2026-06-12 11:15:04,047 [Worker-18: Building] INFO  o.a.m.s.f.DefaultMavenResourcesFiltering - Copying 11 resources from src/main/resources to target/classes
2026-06-12 11:15:04,050 [Worker-18: Building] INFO  o.a.m.s.f.DefaultMavenResourcesFiltering - skip non existing resourceDirectory /Users/macbook/Documents/SpringBoot_SpringFramework/spring-boot-web/src/test/resources
2026-06-12 11:15:04,050 [Worker-18: Building] WARN  o.apache.maven.project.MavenProject - Plugin is modifying compileSourceRoots through clear(), which will not work in Maven 4.0.0. Use MavenProject.addCompileSourceRoot()/removeCompileSourceRoot() methods instead. If using a plugin, please upgrade to the latest version or report the issue to the plugin maintainer. To disable these warnings, set -Dmaven.project.sourceRoots.warningsDisabled=true on the command line, in the .mvn/maven.config file, or in project POM properties.
2026-06-12 11:15:04,051 [Worker-18: Building] WARN  o.apache.maven.project.MavenProject - Plugin is modifying compileSourceRoots through add(), which will not work in Maven 4.0.0. Use MavenProject.addCompileSourceRoot()/removeCompileSourceRoot() methods instead. If using a plugin, please upgrade to the latest version or report the issue to the plugin maintainer. To disable these warnings, set -Dmaven.project.sourceRoots.warningsDisabled=true on the command line, in the .mvn/maven.config file, or in project POM properties.
2026-06-12 11:15:04,051 [Worker-18: Building] WARN  o.apache.maven.project.MavenProject - Plugin is modifying testCompileSourceRoots through clear(), which will not work in Maven 4.0.0. Use MavenProject.addTestCompileSourceRoot()/removeTestCompileSourceRoot() methods instead. If using a plugin, please upgrade to the latest version or report the issue to the plugin maintainer. To disable these warnings, set -Dmaven.project.sourceRoots.warningsDisabled=true on the command line, in the .mvn/maven.config file, or in project POM properties.
2026-06-12 11:15:04,051 [Worker-18: Building] WARN  o.apache.maven.project.MavenProject - Plugin is modifying testCompileSourceRoots through add(), which will not work in Maven 4.0.0. Use MavenProject.addTestCompileSourceRoot()/removeTestCompileSourceRoot() methods instead. If using a plugin, please upgrade to the latest version or report the issue to the plugin maintainer. To disable these warnings, set -Dmaven.project.sourceRoots.warningsDisabled=true on the command line, in the .mvn/maven.config file, or in project POM properties.
2026-06-12 11:16:15,794 [Worker-17: Building] INFO  o.a.m.s.f.DefaultMavenResourcesFiltering - Copying 1 resource from src/main/resources to target/classes
2026-06-12 11:16:15,810 [Worker-17: Building] INFO  o.a.m.s.f.DefaultMavenResourcesFiltering - Copying 0 resource from src/main/resources to target/classes
2026-06-12 11:16:15,813 [Worker-17: Building] INFO  o.a.m.s.f.DefaultMavenResourcesFiltering - skip non existing resourceDirectory /Users/macbook/Documents/SpringBoot_SpringFramework/spring-boot-web/src/test/resources
2026-06-12 11:16:15,813 [Worker-17: Building] WARN  o.apache.maven.project.MavenProject - Plugin is modifying compileSourceRoots through clear(), which will not work in Maven 4.0.0. Use MavenProject.addCompileSourceRoot()/removeCompileSourceRoot() methods instead. If using a plugin, please upgrade to the latest version or report the issue to the plugin maintainer. To disable these warnings, set -Dmaven.project.sourceRoots.warningsDisabled=true on the command line, in the .mvn/maven.config file, or in project POM properties.
2026-06-12 11:16:15,817 [Worker-17: Building] WARN  o.apache.maven.project.MavenProject - Plugin is modifying compileSourceRoots through add(), which will not work in Maven 4.0.0. Use MavenProject.addCompileSourceRoot()/removeCompileSourceRoot() methods instead. If using a plugin, please upgrade to the latest version or report the issue to the plugin maintainer. To disable these warnings, set -Dmaven.project.sourceRoots.warningsDisabled=true on the command line, in the .mvn/maven.config file, or in project POM properties.
2026-06-12 11:16:15,817 [Worker-17: Building] WARN  o.apache.maven.project.MavenProject - Plugin is modifying testCompileSourceRoots through clear(), which will not work in Maven 4.0.0. Use MavenProject.addTestCompileSourceRoot()/removeTestCompileSourceRoot() methods instead. If using a plugin, please upgrade to the latest version or report the issue to the plugin maintainer. To disable these warnings, set -Dmaven.project.sourceRoots.warningsDisabled=true on the command line, in the .mvn/maven.config file, or in project POM properties.
2026-06-12 11:16:15,817 [Worker-17: Building] WARN  o.apache.maven.project.MavenProject - Plugin is modifying testCompileSourceRoots through add(), which will not work in Maven 4.0.0. Use MavenProject.addTestCompileSourceRoot()/removeTestCompileSourceRoot() methods instead. If using a plugin, please upgrade to the latest version or report the issue to the plugin maintainer. To disable these warnings, set -Dmaven.project.sourceRoots.warningsDisabled=true on the command line, in the .mvn/maven.config file, or in project POM properties.
2026-06-12 11:16:47,050 [Worker-19: Building] INFO  o.a.m.s.f.DefaultMavenResourcesFiltering - Copying 0 resource from src/main/resources to target/classes
2026-06-12 11:16:47,052 [Worker-19: Building] INFO  o.a.m.s.f.DefaultMavenResourcesFiltering - Copying 1 resource from src/main/resources to target/classes
2026-06-12 11:16:47,055 [Worker-19: Building] INFO  o.a.m.s.f.DefaultMavenResourcesFiltering - skip non existing resourceDirectory /Users/macbook/Documents/SpringBoot_SpringFramework/spring-boot-web/src/test/resources
2026-06-12 11:16:47,056 [Worker-19: Building] WARN  o.apache.maven.project.MavenProject - Plugin is modifying compileSourceRoots through clear(), which will not work in Maven 4.0.0. Use MavenProject.addCompileSourceRoot()/removeCompileSourceRoot() methods instead. If using a plugin, please upgrade to the latest version or report the issue to the plugin maintainer. To disable these warnings, set -Dmaven.project.sourceRoots.warningsDisabled=true on the command line, in the .mvn/maven.config file, or in project POM properties.
2026-06-12 11:16:47,056 [Worker-19: Building] WARN  o.apache.maven.project.MavenProject - Plugin is modifying compileSourceRoots through add(), which will not work in Maven 4.0.0. Use MavenProject.addCompileSourceRoot()/removeCompileSourceRoot() methods instead. If using a plugin, please upgrade to the latest version or report the issue to the plugin maintainer. To disable these warnings, set -Dmaven.project.sourceRoots.warningsDisabled=true on the command line, in the .mvn/maven.config file, or in project POM properties.
2026-06-12 11:16:47,056 [Worker-19: Building] WARN  o.apache.maven.project.MavenProject - Plugin is modifying testCompileSourceRoots through clear(), which will not work in Maven 4.0.0. Use MavenProject.addTestCompileSourceRoot()/removeTestCompileSourceRoot() methods instead. If using a plugin, please upgrade to the latest version or report the issue to the plugin maintainer. To disable these warnings, set -Dmaven.project.sourceRoots.warningsDisabled=true on the command line, in the .mvn/maven.config file, or in project POM properties.
2026-06-12 11:16:47,057 [Worker-19: Building] WARN  o.apache.maven.project.MavenProject - Plugin is modifying testCompileSourceRoots through add(), which will not work in Maven 4.0.0. Use MavenProject.addTestCompileSourceRoot()/removeTestCompileSourceRoot() methods instead. If using a plugin, please upgrade to the latest version or report the issue to the plugin maintainer. To disable these warnings, set -Dmaven.project.sourceRoots.warningsDisabled=true on the command line, in the .mvn/maven.config file, or in project POM properties.
2026-06-12 11:21:02,161 [Worker-22: Building] INFO  o.a.m.s.f.DefaultMavenResourcesFiltering - Copying 1 resource from src/main/resources to target/classes
2026-06-12 11:21:02,166 [Worker-22: Building] INFO  o.a.m.s.f.DefaultMavenResourcesFiltering - Copying 11 resources from src/main/resources to target/classes
2026-06-12 11:21:02,169 [Worker-22: Building] INFO  o.a.m.s.f.DefaultMavenResourcesFiltering - skip non existing resourceDirectory /Users/macbook/Documents/SpringBoot_SpringFramework/spring-boot-web/src/test/resources
2026-06-12 11:21:02,169 [Worker-22: Building] WARN  o.apache.maven.project.MavenProject - Plugin is modifying compileSourceRoots through clear(), which will not work in Maven 4.0.0. Use MavenProject.addCompileSourceRoot()/removeCompileSourceRoot() methods instead. If using a plugin, please upgrade to the latest version or report the issue to the plugin maintainer. To disable these warnings, set -Dmaven.project.sourceRoots.warningsDisabled=true on the command line, in the .mvn/maven.config file, or in project POM properties.
2026-06-12 11:21:02,170 [Worker-22: Building] WARN  o.apache.maven.project.MavenProject - Plugin is modifying compileSourceRoots through add(), which will not work in Maven 4.0.0. Use MavenProject.addCompileSourceRoot()/removeCompileSourceRoot() methods instead. If using a plugin, please upgrade to the latest version or report the issue to the plugin maintainer. To disable these warnings, set -Dmaven.project.sourceRoots.warningsDisabled=true on the command line, in the .mvn/maven.config file, or in project POM properties.
2026-06-12 11:21:02,170 [Worker-22: Building] WARN  o.apache.maven.project.MavenProject - Plugin is modifying testCompileSourceRoots through clear(), which will not work in Maven 4.0.0. Use MavenProject.addTestCompileSourceRoot()/removeTestCompileSourceRoot() methods instead. If using a plugin, please upgrade to the latest version or report the issue to the plugin maintainer. To disable these warnings, set -Dmaven.project.sourceRoots.warningsDisabled=true on the command line, in the .mvn/maven.config file, or in project POM properties.
2026-06-12 11:21:02,170 [Worker-22: Building] WARN  o.apache.maven.project.MavenProject - Plugin is modifying testCompileSourceRoots through add(), which will not work in Maven 4.0.0. Use MavenProject.addTestCompileSourceRoot()/removeTestCompileSourceRoot() methods instead. If using a plugin, please upgrade to the latest version or report the issue to the plugin maintainer. To disable these warnings, set -Dmaven.project.sourceRoots.warningsDisabled=true on the command line, in the .mvn/maven.config file, or in project POM properties.
2026-06-12 11:24:43,413 [Worker-21: Building] INFO  o.a.m.s.f.DefaultMavenResourcesFiltering - Copying 1 resource from src/main/resources to target/classes
2026-06-12 11:24:43,428 [Worker-21: Building] INFO  o.a.m.s.f.DefaultMavenResourcesFiltering - Copying 11 resources from src/main/resources to target/classes
2026-06-12 11:24:43,433 [Worker-21: Building] INFO  o.a.m.s.f.DefaultMavenResourcesFiltering - skip non existing resourceDirectory /Users/macbook/Documents/SpringBoot_SpringFramework/spring-boot-web/src/test/resources
2026-06-12 11:24:43,433 [Worker-21: Building] WARN  o.apache.maven.project.MavenProject - Plugin is modifying compileSourceRoots through clear(), which will not work in Maven 4.0.0. Use MavenProject.addCompileSourceRoot()/removeCompileSourceRoot() methods instead. If using a plugin, please upgrade to the latest version or report the issue to the plugin maintainer. To disable these warnings, set -Dmaven.project.sourceRoots.warningsDisabled=true on the command line, in the .mvn/maven.config file, or in project POM properties.
2026-06-12 11:24:43,434 [Worker-21: Building] WARN  o.apache.maven.project.MavenProject - Plugin is modifying compileSourceRoots through add(), which will not work in Maven 4.0.0. Use MavenProject.addCompileSourceRoot()/removeCompileSourceRoot() methods instead. If using a plugin, please upgrade to the latest version or report the issue to the plugin maintainer. To disable these warnings, set -Dmaven.project.sourceRoots.warningsDisabled=true on the command line, in the .mvn/maven.config file, or in project POM properties.
2026-06-12 11:24:43,435 [Worker-21: Building] WARN  o.apache.maven.project.MavenProject - Plugin is modifying testCompileSourceRoots through clear(), which will not work in Maven 4.0.0. Use MavenProject.addTestCompileSourceRoot()/removeTestCompileSourceRoot() methods instead. If using a plugin, please upgrade to the latest version or report the issue to the plugin maintainer. To disable these warnings, set -Dmaven.project.sourceRoots.warningsDisabled=true on the command line, in the .mvn/maven.config file, or in project POM properties.
2026-06-12 11:24:43,435 [Worker-21: Building] WARN  o.apache.maven.project.MavenProject - Plugin is modifying testCompileSourceRoots through add(), which will not work in Maven 4.0.0. Use MavenProject.addTestCompileSourceRoot()/removeTestCompileSourceRoot() methods instead. If using a plugin, please upgrade to the latest version or report the issue to the plugin maintainer. To disable these warnings, set -Dmaven.project.sourceRoots.warningsDisabled=true on the command line, in the .mvn/maven.config file, or in project POM properties.
2026-06-12 11:26:38,018 [Worker-18: Building] INFO  o.a.m.s.f.DefaultMavenResourcesFiltering - Copying 1 resource from src/main/resources to target/classes
2026-06-12 11:26:38,027 [Worker-18: Building] INFO  o.a.m.s.f.DefaultMavenResourcesFiltering - Copying 11 resources from src/main/resources to target/classes
2026-06-12 11:26:38,030 [Worker-18: Building] INFO  o.a.m.s.f.DefaultMavenResourcesFiltering - skip non existing resourceDirectory /Users/macbook/Documents/SpringBoot_SpringFramework/spring-boot-web/src/test/resources
2026-06-12 11:26:38,030 [Worker-18: Building] WARN  o.apache.maven.project.MavenProject - Plugin is modifying compileSourceRoots through clear(), which will not work in Maven 4.0.0. Use MavenProject.addCompileSourceRoot()/removeCompileSourceRoot() methods instead. If using a plugin, please upgrade to the latest version or report the issue to the plugin maintainer. To disable these warnings, set -Dmaven.project.sourceRoots.warningsDisabled=true on the command line, in the .mvn/maven.config file, or in project POM properties.
2026-06-12 11:26:38,031 [Worker-18: Building] WARN  o.apache.maven.project.MavenProject - Plugin is modifying compileSourceRoots through add(), which will not work in Maven 4.0.0. Use MavenProject.addCompileSourceRoot()/removeCompileSourceRoot() methods instead. If using a plugin, please upgrade to the latest version or report the issue to the plugin maintainer. To disable these warnings, set -Dmaven.project.sourceRoots.warningsDisabled=true on the command line, in the .mvn/maven.config file, or in project POM properties.
2026-06-12 11:26:38,031 [Worker-18: Building] WARN  o.apache.maven.project.MavenProject - Plugin is modifying testCompileSourceRoots through clear(), which will not work in Maven 4.0.0. Use MavenProject.addTestCompileSourceRoot()/removeTestCompileSourceRoot() methods instead. If using a plugin, please upgrade to the latest version or report the issue to the plugin maintainer. To disable these warnings, set -Dmaven.project.sourceRoots.warningsDisabled=true on the command line, in the .mvn/maven.config file, or in project POM properties.
2026-06-12 11:26:38,031 [Worker-18: Building] WARN  o.apache.maven.project.MavenProject - Plugin is modifying testCompileSourceRoots through add(), which will not work in Maven 4.0.0. Use MavenProject.addTestCompileSourceRoot()/removeTestCompileSourceRoot() methods instead. If using a plugin, please upgrade to the latest version or report the issue to the plugin maintainer. To disable these warnings, set -Dmaven.project.sourceRoots.warningsDisabled=true on the command line, in the .mvn/maven.config file, or in project POM properties.
2026-06-12 11:27:02,720 [Worker-18: Building] INFO  o.a.m.s.f.DefaultMavenResourcesFiltering - Copying 1 resource from src/main/resources to target/classes
2026-06-12 11:27:02,731 [Worker-18: Building] INFO  o.a.m.s.f.DefaultMavenResourcesFiltering - Copying 11 resources from src/main/resources to target/classes
2026-06-12 11:27:02,733 [Worker-18: Building] INFO  o.a.m.s.f.DefaultMavenResourcesFiltering - skip non existing resourceDirectory /Users/macbook/Documents/SpringBoot_SpringFramework/spring-boot-web/src/test/resources
2026-06-12 11:27:02,733 [Worker-18: Building] WARN  o.apache.maven.project.MavenProject - Plugin is modifying compileSourceRoots through clear(), which will not work in Maven 4.0.0. Use MavenProject.addCompileSourceRoot()/removeCompileSourceRoot() methods instead. If using a plugin, please upgrade to the latest version or report the issue to the plugin maintainer. To disable these warnings, set -Dmaven.project.sourceRoots.warningsDisabled=true on the command line, in the .mvn/maven.config file, or in project POM properties.
2026-06-12 11:27:02,734 [Worker-18: Building] WARN  o.apache.maven.project.MavenProject - Plugin is modifying compileSourceRoots through add(), which will not work in Maven 4.0.0. Use MavenProject.addCompileSourceRoot()/removeCompileSourceRoot() methods instead. If using a plugin, please upgrade to the latest version or report the issue to the plugin maintainer. To disable these warnings, set -Dmaven.project.sourceRoots.warningsDisabled=true on the command line, in the .mvn/maven.config file, or in project POM properties.
2026-06-12 11:27:02,734 [Worker-18: Building] WARN  o.apache.maven.project.MavenProject - Plugin is modifying testCompileSourceRoots through clear(), which will not work in Maven 4.0.0. Use MavenProject.addTestCompileSourceRoot()/removeTestCompileSourceRoot() methods instead. If using a plugin, please upgrade to the latest version or report the issue to the plugin maintainer. To disable these warnings, set -Dmaven.project.sourceRoots.warningsDisabled=true on the command line, in the .mvn/maven.config file, or in project POM properties.
2026-06-12 11:27:02,734 [Worker-18: Building] WARN  o.apache.maven.project.MavenProject - Plugin is modifying testCompileSourceRoots through add(), which will not work in Maven 4.0.0. Use MavenProject.addTestCompileSourceRoot()/removeTestCompileSourceRoot() methods instead. If using a plugin, please upgrade to the latest version or report the issue to the plugin maintainer. To disable these warnings, set -Dmaven.project.sourceRoots.warningsDisabled=true on the command line, in the .mvn/maven.config file, or in project POM properties.
2026-06-12 11:28:24,907 [Worker-23: Building] INFO  o.a.m.s.f.DefaultMavenResourcesFiltering - Copying 1 resource from src/main/resources to target/classes
2026-06-12 11:28:24,927 [Worker-23: Building] INFO  o.a.m.s.f.DefaultMavenResourcesFiltering - Copying 11 resources from src/main/resources to target/classes
2026-06-12 11:28:24,932 [Worker-23: Building] INFO  o.a.m.s.f.DefaultMavenResourcesFiltering - skip non existing resourceDirectory /Users/macbook/Documents/SpringBoot_SpringFramework/spring-boot-web/src/test/resources
2026-06-12 11:28:24,932 [Worker-23: Building] WARN  o.apache.maven.project.MavenProject - Plugin is modifying compileSourceRoots through clear(), which will not work in Maven 4.0.0. Use MavenProject.addCompileSourceRoot()/removeCompileSourceRoot() methods instead. If using a plugin, please upgrade to the latest version or report the issue to the plugin maintainer. To disable these warnings, set -Dmaven.project.sourceRoots.warningsDisabled=true on the command line, in the .mvn/maven.config file, or in project POM properties.
2026-06-12 11:28:24,933 [Worker-23: Building] WARN  o.apache.maven.project.MavenProject - Plugin is modifying compileSourceRoots through add(), which will not work in Maven 4.0.0. Use MavenProject.addCompileSourceRoot()/removeCompileSourceRoot() methods instead. If using a plugin, please upgrade to the latest version or report the issue to the plugin maintainer. To disable these warnings, set -Dmaven.project.sourceRoots.warningsDisabled=true on the command line, in the .mvn/maven.config file, or in project POM properties.
2026-06-12 11:28:24,934 [Worker-23: Building] WARN  o.apache.maven.project.MavenProject - Plugin is modifying testCompileSourceRoots through clear(), which will not work in Maven 4.0.0. Use MavenProject.addTestCompileSourceRoot()/removeTestCompileSourceRoot() methods instead. If using a plugin, please upgrade to the latest version or report the issue to the plugin maintainer. To disable these warnings, set -Dmaven.project.sourceRoots.warningsDisabled=true on the command line, in the .mvn/maven.config file, or in project POM properties.
2026-06-12 11:28:24,934 [Worker-23: Building] WARN  o.apache.maven.project.MavenProject - Plugin is modifying testCompileSourceRoots through add(), which will not work in Maven 4.0.0. Use MavenProject.addTestCompileSourceRoot()/removeTestCompileSourceRoot() methods instead. If using a plugin, please upgrade to the latest version or report the issue to the plugin maintainer. To disable these warnings, set -Dmaven.project.sourceRoots.warningsDisabled=true on the command line, in the .mvn/maven.config file, or in project POM properties.
2026-06-12 11:29:41,950 [Worker-23: Building] INFO  o.a.m.s.f.DefaultMavenResourcesFiltering - Copying 1 resource from src/main/resources to target/classes
2026-06-12 11:29:41,964 [Worker-23: Building] INFO  o.a.m.s.f.DefaultMavenResourcesFiltering - Copying 11 resources from src/main/resources to target/classes
2026-06-12 11:29:41,966 [Worker-23: Building] INFO  o.a.m.s.f.DefaultMavenResourcesFiltering - skip non existing resourceDirectory /Users/macbook/Documents/SpringBoot_SpringFramework/spring-boot-web/src/test/resources
2026-06-12 11:29:41,966 [Worker-23: Building] WARN  o.apache.maven.project.MavenProject - Plugin is modifying compileSourceRoots through clear(), which will not work in Maven 4.0.0. Use MavenProject.addCompileSourceRoot()/removeCompileSourceRoot() methods instead. If using a plugin, please upgrade to the latest version or report the issue to the plugin maintainer. To disable these warnings, set -Dmaven.project.sourceRoots.warningsDisabled=true on the command line, in the .mvn/maven.config file, or in project POM properties.
2026-06-12 11:29:41,967 [Worker-23: Building] WARN  o.apache.maven.project.MavenProject - Plugin is modifying compileSourceRoots through add(), which will not work in Maven 4.0.0. Use MavenProject.addCompileSourceRoot()/removeCompileSourceRoot() methods instead. If using a plugin, please upgrade to the latest version or report the issue to the plugin maintainer. To disable these warnings, set -Dmaven.project.sourceRoots.warningsDisabled=true on the command line, in the .mvn/maven.config file, or in project POM properties.
2026-06-12 11:29:41,967 [Worker-23: Building] WARN  o.apache.maven.project.MavenProject - Plugin is modifying testCompileSourceRoots through clear(), which will not work in Maven 4.0.0. Use MavenProject.addTestCompileSourceRoot()/removeTestCompileSourceRoot() methods instead. If using a plugin, please upgrade to the latest version or report the issue to the plugin maintainer. To disable these warnings, set -Dmaven.project.sourceRoots.warningsDisabled=true on the command line, in the .mvn/maven.config file, or in project POM properties.
2026-06-12 11:29:41,967 [Worker-23: Building] WARN  o.apache.maven.project.MavenProject - Plugin is modifying testCompileSourceRoots through add(), which will not work in Maven 4.0.0. Use MavenProject.addTestCompileSourceRoot()/removeTestCompileSourceRoot() methods instead. If using a plugin, please upgrade to the latest version or report the issue to the plugin maintainer. To disable these warnings, set -Dmaven.project.sourceRoots.warningsDisabled=true on the command line, in the .mvn/maven.config file, or in project POM properties.
